{
"type": "FeatureCollection",
"name": "sitesbacs2",
"crs": { "type": "name", "properties": { "name": "urn:ogc:def:crs:OGC:1.3:CRS84" } },
"xy_coordinate_resolution": 1e-10,
"features": [
{ "type": "Feature", "properties": { "fid": 1652, "Date": "2022-06-01", "repere": "Pont ferrailles", "code_bac": "0527", "coord_x": 385978.867, "coord_y": 593115.078, "Commune": "Adjamé", "Nbre_bacs": 2, "Statut": "actif", "Capacite": "1100", "Num_Circui": "CDSM-111; CDSM-123" }, "geometry": { "type": "Point", "coordinates": [ -4.029103004, 5.3650746855 ] } },
{ "type": "Feature", "properties": { "fid": 1653, "Date": "2025-01-24", "repere": "Pont piéton Williasmville", "code_bac": "0600_0790_0008", "coord_x": 386424.721, "coord_y": 592940.615, "Commune": "Adjamé", "Nbre_bacs": 4, "Statut": "actif", "Capacite": "1100", "Num_Circui": "CDSM-111; CDSM-123" }, "geometry": { "type": "Point", "coordinates": [ -4.0250767312, 5.36350342 ] } },
{ "type": "Feature", "properties": { "fid": 1654, "Date": "2023-06-06", "repere": "Station Corlay williamsville", "code_bac": "0600", "coord_x": 386592.634, "coord_y": 592815.608, "Commune": "Adjamé", "Nbre_bacs": 2, "Statut": "actif", "Capacite": "1100", "Num_Circui": "CDSM-111; CDSM-123" }, "geometry": { "type": "Point", "coordinates": [ -4.0235595103, 5.3623752568 ] } },
{ "type": "Feature", "properties": { "fid": 1655, "Date": "2024-01-08", "repere": "Station Shell Agban", "code_bac": "0825", "coord_x": 386520.89, "coord_y": 592831.5, "Commune": "Adjamé", "Nbre_bacs": 2, "Statut": "actif", "Capacite": "1100", "Num_Circui": "CDSM-111; CDSM-123" }, "geometry": { "type": "Point", "coordinates": [ -4.0242072099, 5.3625179218 ] } },
{ "type": "Feature", "properties": { "fid": 1656, "Date": "2025-01-24", "repere": "Pont piéton Agban", "code_bac": "0370", "coord_x": 386741.046, "coord_y": 592693.028, "Commune": "Adjamé", "Nbre_bacs": 2, "Statut": "actif", "Capacite": "1100", "Num_Circui": "CDSM-111; CDSM-123" }, "geometry": { "type": "Point", "coordinates": [ -4.0222183143, 5.3612687571 ] } },
{ "type": "Feature", "properties": { "fid": 1658, "Date": "2022-09-14", "repere": "Indenié sapeur pompier cuisine", "code_bac": "0900/21", "coord_x": 386872.376, "coord_y": 590531.978, "Commune": "Adjamé", "Nbre_bacs": 3, "Statut": "actif", "Capacite": "1100", "Num_Circui": "CDSM-111" }, "geometry": { "type": "Point", "coordinates": [ -4.02100071, 5.3417238721 ] } },
{ "type": "Feature", "properties": { "fid": 1659, "Date": "2024-02-14", "repere": "Indenié sapeur pompier cité 3", "code_bac": "1523_1518", "coord_x": 386889.65464300005, "coord_y": 590619.01482000004, "Commune": "Adjamé", "Nbre_bacs": 3, "Statut": "actif", "Capacite": "1100", "Num_Circui": "CDSM-111" }, "geometry": { "type": "Point", "coordinates": [ -4.0209250336, 5.342544887 ] } },
{ "type": "Feature", "properties": { "fid": 1660, "Date": "2025-01-24", "repere": "Université Nangui Abroguoua", "code_bac": "0587", "coord_x": 386909.012, "coord_y": 595545.275, "Commune": "Adjamé", "Nbre_bacs": 2, "Statut": "actif", "Capacite": "1100", "Num_Circui": "CDSM-123" }, "geometry": { "type": "Point", "coordinates": [ -4.0207454579, 5.3870700682 ] } },
{ "type": "Feature", "properties": { "fid": 1661, "Date": "2025-01-24", "repere": "Feu de police de préfecture", "code_bac": null, "coord_x": 386841.531, "coord_y": 595310.911, "Commune": "Adjamé", "Nbre_bacs": 3, "Statut": "actif", "Capacite": "1100", "Num_Circui": "CDSM-123" }, "geometry": { "type": "Point", "coordinates": [ -4.0211887, 5.3854067854 ] } },
{ "type": "Feature", "properties": { "fid": 1662, "Date": "2025-01-24", "repere": "Ancien Sitab (Macaci Escalier)", "code_bac": "0579", "coord_x": 386072.50777899998, "coord_y": 593976.27618399996, "Commune": "Adjamé", "Nbre_bacs": 2, "Statut": "actif", "Capacite": "1100", "Num_Circui": "CDSM-111; CDSM-123" }, "geometry": { "type": "Point", "coordinates": [ -4.0282709922, 5.3728656914 ] } },
{ "type": "Feature", "properties": { "fid": 1664, "Date": "2024-01-12", "repere": "Préfecture de police salle attente", "code_bac": "0513", "coord_x": 386514.57848700002, "coord_y": 595347.74607800005, "Commune": "Adjamé", "Nbre_bacs": 1, "Statut": "actif", "Capacite": "1100", "Num_Circui": "Hors-CDSM" }, "geometry": { "type": "Point", "coordinates": [ -4.0242140252, 5.3852908809 ] } },
{ "type": "Feature", "properties": { "fid": 1665, "Date": "2023-06-16", "repere": "Préfecture de police poste de contrôle", "code_bac": "0899", "coord_x": 386453.11410900002, "coord_y": 595346.71566700004, "Commune": "Adjamé", "Nbre_bacs": 1, "Statut": "actif", "Capacite": "800", "Num_Circui": "Hors-CDSM" }, "geometry": { "type": "Point", "coordinates": [ -4.0247316191, 5.3852509263 ] } },
{ "type": "Feature", "properties": { "fid": 1667, "Date": "2025-01-24", "repere": "Station Total (Sodeci)", "code_bac": null, "coord_x": 386091.64853900007, "coord_y": 594067.64564300003, "Commune": "Adjamé", "Nbre_bacs": 2, "Statut": "actif", "Capacite": "1100", "Num_Circui": "CDSM-111; CDSM-123" }, "geometry": { "type": "Point", "coordinates": [ -4.0280996387, 5.3736924237 ] } },
{ "type": "Feature", "properties": { "fid": 1669, "Date": "2023-06-16", "repere": "Préfecture de police lavage", "code_bac": "0701", "coord_x": 386353.87878799997, "coord_y": 595216.96149000002, "Commune": "Adjamé", "Nbre_bacs": 1, "Statut": "actif", "Capacite": "1100", "Num_Circui": "Hors-CDSM" }, "geometry": { "type": "Point", "coordinates": [ -4.0248383161, 5.384361482 ] } },
{ "type": "Feature", "properties": { "fid": 1670, "Date": "2023-06-16", "repere": "Préfecture de police restaurant", "code_bac": "0858", "coord_x": 386395.41677800001, "coord_y": 595221.598505, "Commune": "Adjamé", "Nbre_bacs": 1, "Statut": "actif", "Capacite": "1100", "Num_Circui": "Hors-CDSM" }, "geometry": { "type": "Point", "coordinates": [ -4.0253999509, 5.3841013229 ] } },
{ "type": "Feature", "properties": { "fid": 1671, "Date": "2025-07-03", "repere": "Préfecture de police violon", "code_bac": "0488", "coord_x": 386354.93128600001, "coord_y": 595329.8363369999, "Commune": "Adjamé", "Nbre_bacs": 1, "Statut": "actif", "Capacite": "1100", "Num_Circui": "Hors-CDSM" }, "geometry": { "type": "Point", "coordinates": [ -4.025721404, 5.3850802111 ] } },
{ "type": "Feature", "properties": { "fid": 1673, "Date": "2025-01-24", "repere": "Marché de Bétails", "code_bac": "0990", "coord_x": 385928.418, "coord_y": 593235.83, "Commune": "Adjamé", "Nbre_bacs": 5, "Statut": "actif", "Capacite": "1100", "Num_Circui": "CDSM-111; CDSM-123" }, "geometry": { "type": "Point", "coordinates": [ -4.0295601212, 5.3661661299 ] } },
{ "type": "Feature", "properties": { "fid": 1674, "Date": "2025-01-24", "repere": "Cité universitaire 220 logements", "code_bac": null, "coord_x": 387359.664, "coord_y": 591156.769, "Commune": "Adjamé", "Nbre_bacs": 3, "Statut": "actif", "Capacite": "1100", "Num_Circui": "CDSM-111" }, "geometry": { "type": "Point", "coordinates": [ -4.0166126247, 5.3473824601 ] } },
{ "type": "Feature", "properties": { "fid": 1675, "Date": "2025-01-24", "repere": "Quartier Chicane", "code_bac": "011", "coord_x": 387272.395, "coord_y": 592440.406, "Commune": "Adjamé", "Nbre_bacs": 2, "Statut": "actif", "Capacite": "1100", "Num_Circui": "CDSM-111; CDSM-123" }, "geometry": { "type": "Point", "coordinates": [ -4.0174193607, 5.3589917572 ] } },
{ "type": "Feature", "properties": { "fid": 1677, "Date": "2023-11-12", "repere": "Clinique Espoir de paillet", "code_bac": "0879_621", "coord_x": 387675.307, "coord_y": 594441.407, "Commune": "Adjamé", "Nbre_bacs": 1, "Statut": "actif", "Capacite": "1100", "Num_Circui": "Hors-CDSM" }, "geometry": { "type": "Point", "coordinates": [ -4.014346192, 5.3777778695 ] } },
{ "type": "Feature", "properties": { "fid": 1678, "Date": "2024-03-28", "repere": "Marché Paillet", "code_bac": "0307", "coord_x": 387793.09, "coord_y": 594249.672, "Commune": "Adjamé", "Nbre_bacs": 3, "Statut": "actif", "Capacite": "1100", "Num_Circui": "CDSM-123" }, "geometry": { "type": "Point", "coordinates": [ -4.0127473387, 5.3753645379 ] } },
{ "type": "Feature", "properties": { "fid": 1679, "Date": "2023-11-12", "repere": "Paillet parking 1", "code_bac": "0106", "coord_x": 387658.713, "coord_y": 594278.961, "Commune": "Adjamé", "Nbre_bacs": 4, "Statut": "actif", "Capacite": "1100", "Num_Circui": "CDSM-123" }, "geometry": { "type": "Point", "coordinates": [ -4.0139604948, 5.3756274483 ] } },
{ "type": "Feature", "properties": { "fid": 1680, "Date": "2023-06-16", "repere": "Terrain de basket", "code_bac": "0826", "coord_x": 387606.745, "coord_y": 594321.462, "Commune": "Adjamé", "Nbre_bacs": 1, "Statut": "actif", "Capacite": "1100", "Num_Circui": "CDSM-123" }, "geometry": { "type": "Point", "coordinates": [ -4.0144301287, 5.3760110925 ] } },
{ "type": "Feature", "properties": { "fid": 1681, "Date": "2023-11-12", "repere": "Paillet GOZRANDA SARL U", "code_bac": null, "coord_x": 387511.732, "coord_y": 594411.508, "Commune": "Adjamé", "Nbre_bacs": 2, "Statut": "actif", "Capacite": "1100", "Num_Circui": "CDSM-123" }, "geometry": { "type": "Point", "coordinates": [ -4.015288949, 5.3768241436 ] } },
{ "type": "Feature", "properties": { "fid": 1682, "Date": "2023-11-12", "repere": "Paillet Bloc MTN", "code_bac": "0807", "coord_x": 387480.201, "coord_y": 594365.939, "Commune": "Adjamé", "Nbre_bacs": 1, "Statut": "actif", "Capacite": "1100", "Num_Circui": "CDSM-123" }, "geometry": { "type": "Point", "coordinates": [ -4.0155728251, 5.3764114947 ] } },
{ "type": "Feature", "properties": { "fid": 1683, "Date": "2023-11-12", "repere": "Paillet Au Bambou", "code_bac": "0513_0109", "coord_x": 387527.146, "coord_y": 594240.09, "Commune": "Adjamé", "Nbre_bacs": 2, "Statut": "actif", "Capacite": "1100", "Num_Circui": "CDSM-123" }, "geometry": { "type": "Point", "coordinates": [ -4.0151472782, 5.375273882 ] } },
{ "type": "Feature", "properties": { "fid": 1684, "Date": "2024-03-28", "repere": "Paillet  les poussins de paillet", "code_bac": "0147", "coord_x": 387670.967, "coord_y": 594097.84, "Commune": "Adjamé", "Nbre_bacs": 1, "Statut": "actif", "Capacite": "800", "Num_Circui": "CDSM-123" }, "geometry": { "type": "Point", "coordinates": [ -4.0146013262, 5.3744955274 ] } },
{ "type": "Feature", "properties": { "fid": 1688, "Date": "2023-06-29", "repere": "Paillet  les poussins de paillet", "code_bac": "1068", "coord_x": 387670.967, "coord_y": 594097.84, "Commune": "Adjamé", "Nbre_bacs": 2, "Statut": "actif", "Capacite": "800", "Num_Circui": "CDSM-123" }, "geometry": { "type": "Point", "coordinates": [ -4.0138472022, 5.3739893774 ] } },
{ "type": "Feature", "properties": { "fid": 1690, "Date": "2022-05-31", "repere": "Paillet Niche", "code_bac": "0483", "coord_x": 387828.667, "coord_y": 594213.577, "Commune": "Adjamé", "Nbre_bacs": 1, "Statut": "actif", "Capacite": "1100", "Num_Circui": "CDSM-123" }, "geometry": { "type": "Point", "coordinates": [ -4.0124257304, 5.3750385881 ] } },
{ "type": "Feature", "properties": { "fid": 1691, "Date": "2025-01-24", "repere": "Entrée Cité Quartier Latin", "code_bac": "001090", "coord_x": 387185.751, "coord_y": 592388.323, "Commune": "Adjamé", "Nbre_bacs": 4, "Statut": "actif", "Capacite": "1100", "Num_Circui": "CDSM-111; CDSM-123" }, "geometry": { "type": "Point", "coordinates": [ -4.0179546072, 5.3583624961 ] } },
{ "type": "Feature", "properties": { "fid": 1692, "Date": "2026-07-16", "repere": "Maison du ministre", "code_bac": "1273", "coord_x": 385794.561, "coord_y": 592444.794, "Commune": "Attécoubé", "Nbre_bacs": 1, "Statut": "actif", "Capacite": "240", "Num_Circui": "CDSM-122" }, "geometry": { "type": "Point", "coordinates": [ -4.03075612, 5.359009132 ] } },
{ "type": "Feature", "properties": { "fid": 1694, "Date": "2026-07-10", "repere": "Panneau orange (Sodeci)", "code_bac": null, "coord_x": 382774.428, "coord_y": 592409.915, "Commune": "Attécoubé", "Nbre_bacs": 1, "Statut": "actif", "Capacite": "1100", "Num_Circui": "CDSM-107" }, "geometry": { "type": "Point", "coordinates": [ -4.0580105453, 5.3586471453 ] } },
{ "type": "Feature", "properties": { "fid": 1695, "Date": "2026-07-09", "repere": "Station Ola", "code_bac": "1586", "coord_x": 385574.81794500002, "coord_y": 592458.24427799997, "Commune": "Attécoubé", "Nbre_bacs": 3, "Statut": "actif", "Capacite": "1100", "Num_Circui": "CDSM-122" }, "geometry": { "type": "Point", "coordinates": [ -4.0327393842, 5.35912745 ] } },
{ "type": "Feature", "properties": { "fid": 1696, "Date": "2026-07-17", "repere": "Parc National du Banco", "code_bac": null, "coord_x": 384028.77717999998, "coord_y": 592591.477831, "Commune": "Yopougon", "Nbre_bacs": 1, "Statut": "actif", "Capacite": "1100", "Num_Circui": "CDSM-122" }, "geometry": { "type": "Point", "coordinates": [ -4.0466935926, 5.3603088444 ] } },
{ "type": "Feature", "properties": { "fid": 1697, "Date": "2026-07-09", "repere": "Au Boeuf", "code_bac": "0768", "coord_x": 384764.33410199999, "coord_y": 591616.93145599996, "Commune": "Attécoubé", "Nbre_bacs": 2, "Statut": "actif", "Capacite": "1100", "Num_Circui": "CDSM-109; CDSM-122" }, "geometry": { "type": "Point", "coordinates": [ -4.0400138068, 5.351561918 ] } },
{ "type": "Feature", "properties": { "fid": 1698, "Date": "2026-07-09", "repere": "Station Shell", "code_bac": "0598", "coord_x": 384749.586633, "coord_y": 591905.45718499995, "Commune": "Attécoubé", "Nbre_bacs": 1, "Statut": "actif", "Capacite": "1100", "Num_Circui": "CDSM-109; CDSM-122" }, "geometry": { "type": "Point", "coordinates": [ -4.0401781891, 5.3541148664 ] } },
{ "type": "Feature", "properties": { "fid": 1699, "Date": "2026-07-16", "repere": "Sebroko", "code_bac": "0856", "coord_x": 385889.523, "coord_y": 589941.328, "Commune": "Attécoubé", "Nbre_bacs": 0, "Statut": "supprimé", "Capacite": "1100", "Num_Circui": "CDSM-109; CDSM-122" }, "geometry": { "type": "Point", "coordinates": [ -4.0298612877, 5.3363665902 ] } },
{ "type": "Feature", "properties": { "fid": 1700, "Date": "2026-07-09", "repere": "Cité Fairmont Tôle", "code_bac": "0953_0661_0898_0660", "coord_x": 385114.442, "coord_y": 592407.741, "Commune": "Attécoubé", "Nbre_bacs": 3, "Statut": "actif", "Capacite": "1100", "Num_Circui": "CDSM-122" }, "geometry": { "type": "Point", "coordinates": [ -4.0370907345, 5.3583718768 ] } },
{ "type": "Feature", "properties": { "fid": 1701, "Date": null, "repere": "École maternel", "code_bac": null, "coord_x": 385409.62737, "coord_y": 592202.33143000002, "Commune": "Attécoubé", "Nbre_bacs": 0, "Statut": "supprimé", "Capacite": "1100", "Num_Circui": "CDSM-109; CDSM-122" }, "geometry": { "type": "Point", "coordinates": [ -4.034226247, 5.3568101911 ] } },
{ "type": "Feature", "properties": { "fid": 1702, "Date": "2026-07-09", "repere": "Cité Fairmont Église Céleste", "code_bac": "0322", "coord_x": 384962.116, "coord_y": 592541.247, "Commune": "Attécoubé", "Nbre_bacs": 2, "Statut": "actif", "Capacite": "1100", "Num_Circui": "CDSM-122" }, "geometry": { "type": "Point", "coordinates": [ -4.0382699541, 5.3598688582 ] } },
{ "type": "Feature", "properties": { "fid": 1703, "Date": "2026-07-10", "repere": "Base Navale 2", "code_bac": "0719", "coord_x": 385580.84, "coord_y": 587396.287, "Commune": "Attécoubé", "Nbre_bacs": 2, "Statut": "actif", "Capacite": "1100", "Num_Circui": "CDSM-110" }, "geometry": { "type": "Point", "coordinates": [ -4.032608463, 5.313341889 ] } },
{ "type": "Feature", "properties": { "fid": 1704, "Date": "2026-07-10", "repere": "Base Navale mosquée", "code_bac": "0100", "coord_x": 385720.56, "coord_y": 587646.485, "Commune": "Attécoubé", "Nbre_bacs": 1, "Statut": "actif", "Capacite": "1100", "Num_Circui": "CDSM-110" }, "geometry": { "type": "Point", "coordinates": [ -4.0326883333, 5.3154533333 ] } },
{ "type": "Feature", "properties": { "fid": 1705, "Date": "2026-07-10", "repere": "Base Navale infirmier 3", "code_bac": "0432", "coord_x": 385457.747, "coord_y": 587644.261, "Commune": "Attécoubé", "Nbre_bacs": 1, "Statut": "actif", "Capacite": "1100", "Num_Circui": "CDSM-110" }, "geometry": { "type": "Point", "coordinates": [ -4.033722966, 5.3155829655 ] } },
{ "type": "Feature", "properties": { "fid": 1707, "Date": "2026-07-10", "repere": "Sous arbre (Carrefour Détente)", "code_bac": "0915", "coord_x": 383399.345, "coord_y": 590408.78, "Commune": "Attécoubé", "Nbre_bacs": 3, "Statut": "actif", "Capacite": "1100", "Num_Circui": "CDSM-110" }, "geometry": { "type": "Point", "coordinates": [ -4.0523401261, 5.340556627 ] } },
{ "type": "Feature", "properties": { "fid": 1709, "Date": "2026-07-10", "repere": "Pharmacie Notre-Dame des victoires", "code_bac": "0204_", "coord_x": 383884.017, "coord_y": 590385.519, "Commune": "Attécoubé", "Nbre_bacs": 3, "Statut": "actif", "Capacite": "1100", "Num_Circui": "CDSM-110" }, "geometry": { "type": "Point", "coordinates": [ -4.0479660126, 5.3403537062 ] } },
{ "type": "Feature", "properties": { "fid": 1734, "Date": "2025-01-24", "repere": "Carrefour CHU", "code_bac": "0887", "coord_x": 379615.959, "coord_y": 592328.653, "Commune": "Yopougon", "Nbre_bacs": 0, "Statut": "supprimé", "Capacite": "1100", "Num_Circui": "CDSM-106" }, "geometry": { "type": "Point", "coordinates": [ -4.0865123426, 5.3578622068 ] } },
{ "type": "Feature", "properties": { "fid": 1737, "Date": "2022-06-28", "repere": "Maquis Les Retrouvailles chez vidal", "code_bac": "0790", "coord_x": 378654.093, "coord_y": 590597.368, "Commune": "Yopougon", "Nbre_bacs": 0, "Statut": "supprimé", "Capacite": "1100", "Num_Circui": "CDSM-106" }, "geometry": { "type": "Point", "coordinates": [ -4.0952346056, 5.3420926334 ] } },
{ "type": "Feature", "properties": { "fid": 1742, "Date": "2026-07-13", "repere": "Pont lièvre rouge", "code_bac": "0595_0393", "coord_x": 377252.677, "coord_y": 589736.281, "Commune": "Yopougon", "Nbre_bacs": 0, "Statut": "supprimé", "Capacite": "1100", "Num_Circui": "CDSM-108" }, "geometry": { "type": "Point", "coordinates": [ -4.10779705, 5.3343764297 ] } },
{ "type": "Feature", "properties": { "fid": 1743, "Date": "2026-07-17", "repere": "Paroisse Sainte Rita", "code_bac": "0622", "coord_x": 378445.056, "coord_y": 588998.344, "Commune": "Yopougon", "Nbre_bacs": 0, "Statut": "supprimé", "Capacite": "1100", "Num_Circui": "CDSM-108" }, "geometry": { "type": "Point", "coordinates": [ -4.0970253052, 5.3277211875 ] } },
{ "type": "Feature", "properties": { "fid": 1744, "Date": "2026-07-13", "repere": "Pont cité verte", "code_bac": "0067", "coord_x": 377145.069, "coord_y": 589412.711, "Commune": "Yopougon", "Nbre_bacs": 0, "Statut": "supprimé", "Capacite": "1100", "Num_Circui": "CDSM-108" }, "geometry": { "type": "Point", "coordinates": [ -4.1087628471, 5.3314480483 ] } },
{ "type": "Feature", "properties": { "fid": 1745, "Date": "2026-07-13", "repere": "Texaco Coprim Lavage", "code_bac": "0113", "coord_x": 378834.363, "coord_y": 588960.705, "Commune": "Yopougon", "Nbre_bacs": 0, "Statut": "supprimé", "Capacite": "1100", "Num_Circui": "CDSM-108" }, "geometry": { "type": "Point", "coordinates": [ -4.0935116702, 5.3273870047 ] } },
{ "type": "Feature", "properties": { "fid": 1747, "Date": "2026-07-08", "repere": "Résidence du premier ministre", "code_bac": null, "coord_x": 357246.64878599998, "coord_y": 595257.34293500008, "Commune": "Songon", "Nbre_bacs": 4, "Statut": "actif", "Capacite": "1100", "Num_Circui": "Hors-CDSM" }, "geometry": { "type": "Point", "coordinates": [ -4.2884277778, 5.3839583333 ] } },
{ "type": "Feature", "properties": { "fid": 1752, "Date": "2023-06-13", "repere": "BAE Réfectoire", "code_bac": "000", "coord_x": 379677.56142500002, "coord_y": 592625.07864800014, "Commune": "Yopougon", "Nbre_bacs": 0, "Statut": "supprimé", "Capacite": "1100", "Num_Circui": "Hors-CDSM" }, "geometry": { "type": "Point", "coordinates": [ -4.0859611633, 5.3605443269 ] } },
{ "type": "Feature", "properties": { "fid": 1778, "Date": "2026-07-16", "repere": "Arret SOTRA_Collège les phallenes", "code_bac": "0255_0233", "coord_x": 382369.474, "coord_y": 589224.738, "Commune": "Yopougon", "Nbre_bacs": 1, "Statut": "actif", "Capacite": "800", "Num_Circui": "CDSM-102" }, "geometry": { "type": "Point", "coordinates": [ -4.0616153919, 5.3298310117 ] } },
{ "type": "Feature", "properties": { "fid": 1779, "Date": "2026-07-13", "repere": "Pharmacie Chigata", "code_bac": "0316", "coord_x": 382513.582, "coord_y": 588912.98, "Commune": "Yopougon", "Nbre_bacs": 0, "Statut": "supprimé", "Capacite": "1100", "Num_Circui": "CDSM-102" }, "geometry": { "type": "Point", "coordinates": [ -4.0603101329, 5.327013409 ] } },
{ "type": "Feature", "properties": { "fid": 1783, "Date": "2026-07-17", "repere": "Collège les Phalènes", "code_bac": "1434", "coord_x": 382349.854, "coord_y": 589303.257, "Commune": "Yopougon", "Nbre_bacs": 2, "Statut": "actif", "Capacite": "800", "Num_Circui": "Hors-CDSM" }, "geometry": { "type": "Point", "coordinates": [ -4.0613400883, 5.3300933939 ] } },
{ "type": "Feature", "properties": { "fid": 1784, "Date": "2026-07-13", "repere": "China mall", "code_bac": "0617", "coord_x": 382303.785, "coord_y": 589488.109, "Commune": "Yopougon", "Nbre_bacs": 1, "Statut": "actif", "Capacite": "1100", "Num_Circui": "CDSM-102" }, "geometry": { "type": "Point", "coordinates": [ -4.0622122629, 5.332212169 ] } },
{ "type": "Feature", "properties": { "fid": 1786, "Date": "2026-07-13", "repere": "Bel Air Parc à Voiture", "code_bac": "0877", "coord_x": 382186.262, "coord_y": 591442.027, "Commune": "Yopougon", "Nbre_bacs": 1, "Statut": "actif", "Capacite": "1100", "Num_Circui": "CDSM-102" }, "geometry": { "type": "Point", "coordinates": [ -4.0633032516, 5.3498834449 ] } },
{ "type": "Feature", "properties": { "fid": 1787, "Date": "2026-07-13", "repere": "Carrefour Sable au Feu", "code_bac": "0283", "coord_x": 381873.771, "coord_y": 592138.242, "Commune": "Yopougon", "Nbre_bacs": 3, "Statut": "actif", "Capacite": "1100", "Num_Circui": "CDSM-102; CDSM-103" }, "geometry": { "type": "Point", "coordinates": [ -4.0661341436, 5.3561757731 ] } },
{ "type": "Feature", "properties": { "fid": 1788, "Date": "2026-07-17", "repere": "Station Total Bel Air", "code_bac": "0162", "coord_x": 382172.289, "coord_y": 591268.694, "Commune": "Yopougon", "Nbre_bacs": 2, "Statut": "actif", "Capacite": "1100", "Num_Circui": "CDSM-102" }, "geometry": { "type": "Point", "coordinates": [ -4.0634266397, 5.3483154334 ] } },
{ "type": "Feature", "properties": { "fid": 1789, "Date": "2026-07-13", "repere": "Optique bel vue (Wassakara Garage)", "code_bac": "0385", "coord_x": 382171.134, "coord_y": 591514.083, "Commune": "Yopougon", "Nbre_bacs": 2, "Statut": "actif", "Capacite": "1100", "Num_Circui": "CDSM-102" }, "geometry": { "type": "Point", "coordinates": [ -4.0634408227, 5.3505350788 ] } },
{ "type": "Feature", "properties": { "fid": 1790, "Date": "2026-07-16", "repere": "Bel Air Pharmacie Bel air", "code_bac": "0789", "coord_x": 382162.22197800002, "coord_y": 591109.86751899996, "Commune": "Yopougon", "Nbre_bacs": 1, "Statut": "actif", "Capacite": "1100", "Num_Circui": "CDSM-102" }, "geometry": { "type": "Point", "coordinates": [ -4.0635150036, 5.3468786997 ] } },
{ "type": "Feature", "properties": { "fid": 1792, "Date": "2026-07-13", "repere": "Gare AVS", "code_bac": "1335_1337", "coord_x": 381806.796, "coord_y": 592239.611, "Commune": "Yopougon", "Nbre_bacs": 2, "Statut": "actif", "Capacite": "1100", "Num_Circui": "CDSM-103; CDSM-102" }, "geometry": { "type": "Point", "coordinates": [ -4.0667403039, 5.3570921232 ] } },
{ "type": "Feature", "properties": { "fid": 1793, "Date": "2026-07-16", "repere": "Pont Piéton 23ème Arrondissement", "code_bac": "0651_0787", "coord_x": 381214.434, "coord_y": 592570.656, "Commune": "Yopougon", "Nbre_bacs": 2, "Statut": "actif", "Capacite": "1100", "Num_Circui": "CDSM-103; CDSM-112" }, "geometry": { "type": "Point", "coordinates": [ -4.0721769345, 5.3601022178 ] } },
{ "type": "Feature", "properties": { "fid": 1795, "Date": "2026-07-16", "repere": "Elite Béton", "code_bac": "0235", "coord_x": 381700.739, "coord_y": 592493.483, "Commune": "Yopougon", "Nbre_bacs": 0, "Statut": "supprimé", "Capacite": "1100", "Num_Circui": "CDSM-102; CDSM-103" }, "geometry": { "type": "Point", "coordinates": [ -4.0677318551, 5.3594443141 ] } },
{ "type": "Feature", "properties": { "fid": 1797, "Date": "2022-09-15", "repere": "Cité Policière 1", "code_bac": "0498", "coord_x": 382810.53, "coord_y": 589006.74, "Commune": "Yopougon", "Nbre_bacs": 1, "Statut": "actif", "Capacite": "240", "Num_Circui": "Hors-CDSM" }, "geometry": { "type": "Point", "coordinates": [ -4.0576319462, 5.327866074 ] } },
{ "type": "Feature", "properties": { "fid": 1799, "Date": "2022-06-13", "repere": "Groupe scolaire Bad LEM", "code_bac": "0121", "coord_x": 380757.997, "coord_y": 589439.166, "Commune": "Yopougon", "Nbre_bacs": 2, "Statut": "actif", "Capacite": "240", "Num_Circui": "Hors-CDSM" }, "geometry": { "type": "Point", "coordinates": [ -4.076160624, 5.3317452348 ] } },
{ "type": "Feature", "properties": { "fid": 1800, "Date": "2024-05-27", "repere": "Boulangerie SIDECI", "code_bac": "0655", "coord_x": 381060.215, "coord_y": 589563.191, "Commune": "Yopougon", "Nbre_bacs": 0, "Statut": "supprimé", "Capacite": "1100", "Num_Circui": "CDSM-103" }, "geometry": { "type": "Point", "coordinates": [ -4.0734353772, 5.3328717957 ] } },
{ "type": "Feature", "properties": { "fid": 1801, "Date": "2024-05-27", "repere": "T40 OBV", "code_bac": "0584", "coord_x": 380876.218, "coord_y": 589234.353, "Commune": "Yopougon", "Nbre_bacs": 0, "Statut": "supprimé", "Capacite": "1100", "Num_Circui": "CDSM-103" }, "geometry": { "type": "Point", "coordinates": [ -4.0750905776, 5.3298945777 ] } },
{ "type": "Feature", "properties": { "fid": 1802, "Date": "2025-01-24", "repere": "Feu de Saguidjiba_Cash Ivoire", "code_bac": "0191", "coord_x": 381069.745, "coord_y": 589456.858, "Commune": "Yopougon", "Nbre_bacs": 0, "Statut": "supprimé", "Capacite": "1100", "Num_Circui": "CDSM-103" }, "geometry": { "type": "Point", "coordinates": [ -4.0733477042, 5.3319101754 ] } },
{ "type": "Feature", "properties": { "fid": 1803, "Date": "2025-09-08", "repere": "Pont 16ieme", "code_bac": "0338", "coord_x": 381083.077, "coord_y": 589992.002, "Commune": "Yopougon", "Nbre_bacs": 0, "Statut": "supprimé", "Capacite": "1100", "Num_Circui": "CDSM-103" }, "geometry": { "type": "Point", "coordinates": [ -4.0732568457, 5.3367333408 ] } },
{ "type": "Feature", "properties": { "fid": 1804, "Date": "2024-02-03", "repere": "Siporex la poste", "code_bac": "1024_1025", "coord_x": 380983.746, "coord_y": 591759.879, "Commune": "Yopougon", "Nbre_bacs": 0, "Statut": "supprimé", "Capacite": "1100", "Num_Circui": "CDSM-103" }, "geometry": { "type": "Point", "coordinates": [ -4.0741600318, 5.3527394741 ] } },
{ "type": "Feature", "properties": { "fid": 1806, "Date": "2023-05-22", "repere": "Pont 16ieme", "code_bac": null, "coord_x": 381064.977, "coord_y": 589974.642, "Commune": "Yopougon", "Nbre_bacs": 0, "Statut": "supprimé", "Capacite": "1100", "Num_Circui": "CDSM-103" }, "geometry": { "type": "Point", "coordinates": [ -4.0733873328, 5.3366722397 ] } },
{ "type": "Feature", "properties": { "fid": 1807, "Date": "2024-05-27", "repere": "Pharmacie des antennes", "code_bac": "0188", "coord_x": 381054.93699599995, "coord_y": 589625.19063900004, "Commune": "Yopougon", "Nbre_bacs": 0, "Statut": "supprimé", "Capacite": "1100", "Num_Circui": "CDSM-103" }, "geometry": { "type": "Point", "coordinates": [ -4.0734839769, 5.3334324967 ] } },
{ "type": "Feature", "properties": { "fid": 1808, "Date": "2023-06-15", "repere": "Centre commercial palais", "code_bac": "053", "coord_x": 380721.51773399999, "coord_y": 588919.94324599998, "Commune": "Yopougon", "Nbre_bacs": 0, "Statut": "supprimé", "Capacite": "800", "Num_Circui": "Hors-CDSM" }, "geometry": { "type": "Point", "coordinates": [ -4.0764816313, 5.3270483287 ] } },
{ "type": "Feature", "properties": { "fid": 1809, "Date": "2023-06-15", "repere": "Centre commercial palais", "code_bac": "0875", "coord_x": 380716.58901400003, "coord_y": 588891.78131400002, "Commune": "Yopougon", "Nbre_bacs": 0, "Statut": "supprimé", "Capacite": "800", "Num_Circui": "Hors-CDSM" }, "geometry": { "type": "Point", "coordinates": [ -4.076525664, 5.3267935284 ] } },
{ "type": "Feature", "properties": { "fid": 1811, "Date": "2025-01-24", "repere": "Siporex Arrêt Gbakas", "code_bac": "0252_0363", "coord_x": 381000.903, "coord_y": 591925.214, "Commune": "Yopougon", "Nbre_bacs": 0, "Statut": "supprimé", "Capacite": "1100", "Num_Circui": "CDSM-103" }, "geometry": { "type": "Point", "coordinates": [ -4.07400782, 5.3542351841 ] } },
{ "type": "Feature", "properties": { "fid": 1812, "Date": "2022-06-14", "repere": "Siporex Pharmacie", "code_bac": "0091", "coord_x": 380982.787, "coord_y": 591974.638, "Commune": "Yopougon", "Nbre_bacs": 0, "Statut": "supprimé", "Capacite": "1100", "Num_Circui": "CDSM-103" }, "geometry": { "type": "Point", "coordinates": [ -4.0741720791, 5.354681935 ] } },
{ "type": "Feature", "properties": { "fid": 1818, "Date": "2026-07-16", "repere": "Feu de Bel air SGCI", "code_bac": "0146", "coord_x": 382136.87422400003, "coord_y": 591089.70802599995, "Commune": "Yopougon", "Nbre_bacs": 1, "Statut": "actif", "Capacite": "1100", "Num_Circui": "CDSM-107" }, "geometry": { "type": "Point", "coordinates": [ -4.0637434319, 5.3466959614 ] } },
{ "type": "Feature", "properties": { "fid": 1819, "Date": "2026-07-16", "repere": "Premier pont menuiserie", "code_bac": "0235", "coord_x": 381700.739, "coord_y": 592493.483, "Commune": "Yopougon", "Nbre_bacs": 2, "Statut": "actif", "Capacite": "1100", "Num_Circui": "CDSM-103; CDSM-102" }, "geometry": { "type": "Point", "coordinates": [ -4.0678374876, 5.3598047071 ] } },
{ "type": "Feature", "properties": { "fid": 1820, "Date": "2026-07-13", "repere": "Feu Institut des Aveugles", "code_bac": null, "coord_x": 382146.515, "coord_y": 591667.529, "Commune": "Yopougon", "Nbre_bacs": 3, "Statut": "actif", "Capacite": "1100", "Num_Circui": "CDSM-102" }, "geometry": { "type": "Point", "coordinates": [ -4.0636654584, 5.351922478 ] } },
{ "type": "Feature", "properties": { "fid": 1823, "Date": "2026-07-16", "repere": "Feu Sapeur-Pompier_Station OLA", "code_bac": "0847", "coord_x": 382426.128, "coord_y": 589058.63, "Commune": "Yopougon", "Nbre_bacs": 2, "Statut": "actif", "Capacite": "1100", "Num_Circui": "CDSM-102" }, "geometry": { "type": "Point", "coordinates": [ -4.0611015692, 5.3283294521 ] } },
{ "type": "Feature", "properties": { "fid": 1824, "Date": "2026-07-16", "repere": "Feu Sapeur-pompier_Station Total", "code_bac": "1548", "coord_x": 382461.205, "coord_y": 589094.618, "Commune": "Yopougon", "Nbre_bacs": 2, "Statut": "actif", "Capacite": "1100", "Num_Circui": "CDSM-102" }, "geometry": { "type": "Point", "coordinates": [ -4.0607855983, 5.3286555067 ] } },
{ "type": "Feature", "properties": { "fid": 1825, "Date": "2025-01-24", "repere": "Carrefour T40_SGBCI", "code_bac": null, "coord_x": 380939.932, "coord_y": 589317.922, "Commune": "Yopougon", "Nbre_bacs": 0, "Statut": "supprimé", "Capacite": "1100", "Num_Circui": "CDSM-103" }, "geometry": { "type": "Point", "coordinates": [ -4.0745169488, 5.3306514613 ] } },
{ "type": "Feature", "properties": { "fid": 1827, "Date": "2022-09-15", "repere": "Cité Policière 2", "code_bac": "1106", "coord_x": 382829.418, "coord_y": 589234.891, "Commune": "Yopougon", "Nbre_bacs": 1, "Statut": "actif", "Capacite": "240", "Num_Circui": "Hors-CDSM" }, "geometry": { "type": "Point", "coordinates": [ -4.0574650331, 5.3299299871 ] } },
{ "type": "Feature", "properties": { "fid": 1828, "Date": "2026-07-13", "repere": "Kouté paris baguette", "code_bac": "0583/21", "coord_x": 381094.927, "coord_y": 588741.96, "Commune": "Yopougon", "Nbre_bacs": 0, "Statut": "supprimé", "Capacite": "1100", "Num_Circui": "CDSM-105" }, "geometry": { "type": "Point", "coordinates": [ -4.0729492689, 5.3256854309 ] } },
{ "type": "Feature", "properties": { "fid": 1830, "Date": "2026-07-16", "repere": "Station Shell Au feu", "code_bac": "0789", "coord_x": 382162.22197800002, "coord_y": 591109.86751899996, "Commune": "Yopougon", "Nbre_bacs": 1, "Statut": "actif", "Capacite": "1100", "Num_Circui": "CDSM-102" }, "geometry": { "type": "Point", "coordinates": [ -4.0632809103, 5.3467539018 ] } },
{ "type": "Feature", "properties": { "fid": 1831, "Date": "2026-07-10", "repere": "Au Garage (Loukoukro)", "code_bac": "1367_1365", "coord_x": 384184.81196674588, "coord_y": 590917.20469920291, "Commune": "Yopougon", "Nbre_bacs": 3, "Statut": "actif", "Capacite": "1100", "Num_Circui": "CDSM-110" }, "geometry": { "type": "Point", "coordinates": [ -4.0452597488, 5.3451674383 ] } },
{ "type": "Feature", "properties": { "fid": 1832, "Date": "2026-07-14", "repere": "Centre de Santé Mixte", "code_bac": "1527", "coord_x": 382926.99220500002, "coord_y": 591686.37974300003, "Commune": "Yopougon", "Nbre_bacs": 2, "Statut": "actif", "Capacite": "1100", "Num_Circui": "Hors-CDSM" }, "geometry": { "type": "Point", "coordinates": [ -4.0624277778, 5.3551712532 ] } },
{ "type": "Feature", "properties": { "fid": 1838, "Date": "2026-07-16", "repere": "Comissariat 19ème toit rouge ", "code_bac": null, "coord_x": 382723.674, "coord_y": 589237.839, "Commune": "Yopougon", "Nbre_bacs": 1, "Statut": "actif", "Capacite": "1100", "Num_Circui": "CDSM-105" }, "geometry": { "type": "Point", "coordinates": [ -4.0504312926, 5.3272177503 ] } },
{ "type": "Feature", "properties": { "fid": 1842, "Date": "2026-07-13", "repere": "Kouté parc à voiture", "code_bac": "1908", "coord_x": 381216.76695009286, "coord_y": 588749.42562852346, "Commune": "Yopougon", "Nbre_bacs": 0, "Statut": "supprimé", "Capacite": "1100", "Num_Circui": "CDSM-105" }, "geometry": { "type": "Point", "coordinates": [ -4.0720098926, 5.3255138059 ] } },
{ "type": "Feature", "properties": { "fid": 1843, "Date": "2024-07-04", "repere": "Ivoire BAT", "code_bac": "1886_1909", "coord_x": 381745.26128864044, "coord_y": 588610.93391944165, "Commune": "Yopougon", "Nbre_bacs": 0, "Statut": "supprimé", "Capacite": "1100", "Num_Circui": "CDSM-105" }, "geometry": { "type": "Point", "coordinates": [ -4.0681864889, 5.3245338303 ] } },
{ "type": "Feature", "properties": { "fid": 1845, "Date": "2026-07-13", "repere": "Rond point petit toit rouge", "code_bac": "1904", "coord_x": 381871.97805056616, "coord_y": 588583.60334549507, "Commune": "Yopougon", "Nbre_bacs": 0, "Statut": "supprimé", "Capacite": "1100", "Num_Circui": "CDSM-105" }, "geometry": { "type": "Point", "coordinates": [ -4.0660947715, 5.3240242152 ] } },
{ "type": "Feature", "properties": { "fid": 1851, "Date": "2026-07-07", "repere": "Dagbé au Panneau (Ferronnerie)", "code_bac": "0949", "coord_x": 363489.79, "coord_y": 587712.169, "Commune": "Songon", "Nbre_bacs": 1, "Statut": "actif", "Capacite": "1100", "Num_Circui": "CDSM-101" }, "geometry": { "type": "Point", "coordinates": [ -4.2318821108, 5.3158371902 ] } },
{ "type": "Feature", "properties": { "fid": 1852, "Date": "2026-07-07", "repere": "Espace resto vert et blanc", "code_bac": "0924", "coord_x": 363484.64, "coord_y": 587612.455, "Commune": "Songon", "Nbre_bacs": 1, "Statut": "actif", "Capacite": "1100", "Num_Circui": "CDSM-101" }, "geometry": { "type": "Point", "coordinates": [ -4.2319971551, 5.3149312283 ] } },
{ "type": "Feature", "properties": { "fid": 1853, "Date": "2026-07-07", "repere": "Campement", "code_bac": "00642", "coord_x": 362591.188, "coord_y": 585045.937, "Commune": "Songon", "Nbre_bacs": 1, "Statut": "actif", "Capacite": "1100", "Num_Circui": "CDSM-101" }, "geometry": { "type": "Point", "coordinates": [ -4.2396785492, 5.2911147409 ] } },
{ "type": "Feature", "properties": { "fid": 1854, "Date": "2026-07-07", "repere": "Avant jacqueville pont", "code_bac": "0891", "coord_x": 362816.403, "coord_y": 583882.316, "Commune": "Songon", "Nbre_bacs": 1, "Statut": "actif", "Capacite": "800", "Num_Circui": "CDSM-101" }, "geometry": { "type": "Point", "coordinates": [ -4.2379596225, 5.2811822401 ] } },
{ "type": "Feature", "properties": { "fid": 1855, "Date": "2026-07-07", "repere": "Immeuble Jaune (Au Palais Chaud)", "code_bac": "1104", "coord_x": 363501.23495499999, "coord_y": 587713.34230200003, "Commune": "Songon", "Nbre_bacs": 1, "Statut": "actif", "Capacite": "1100", "Num_Circui": "CDSM-101" }, "geometry": { "type": "Point", "coordinates": [ -4.2325544992, 5.3123006512 ] } },
{ "type": "Feature", "properties": { "fid": 1856, "Date": "2026-07-07", "repere": "Cabinet  chez le Chef", "code_bac": "0337", "coord_x": 363474.12860400003, "coord_y": 587479.25071399997, "Commune": "Songon", "Nbre_bacs": 1, "Statut": "actif", "Capacite": "1100", "Num_Circui": "CDSM-101" }, "geometry": { "type": "Point", "coordinates": [ -4.2320896075, 5.3137262811 ] } },
{ "type": "Feature", "properties": { "fid": 1857, "Date": "2026-07-07", "repere": "Poissonnérie Ogoko", "code_bac": "01206", "coord_x": 362260.00707300002, "coord_y": 585759.63801899995, "Commune": "Songon", "Nbre_bacs": 2, "Statut": "actif", "Capacite": "1100", "Num_Circui": "CDSM-101" }, "geometry": { "type": "Point", "coordinates": [ -4.2430136818, 5.2981514577 ] } },
{ "type": "Feature", "properties": { "fid": 1858, "Date": "2026-07-07", "repere": "Safh-ci", "code_bac": "0097", "coord_x": 362841.11821799999, "coord_y": 586695.28134900006, "Commune": "Songon", "Nbre_bacs": 2, "Statut": "actif", "Capacite": "1100", "Num_Circui": "CDSM-101" }, "geometry": { "type": "Point", "coordinates": [ -4.2381578917, 5.3065408478 ] } },
{ "type": "Feature", "properties": { "fid": 1860, "Date": "2026-07-09", "repere": "Lycée Moderne (Hôtel Coup Frein)", "code_bac": null, "coord_x": 372846.68, "coord_y": 590026.918, "Commune": "Songon", "Nbre_bacs": 4, "Statut": "actif", "Capacite": "1100", "Num_Circui": "CDSM-101" }, "geometry": { "type": "Point", "coordinates": [ -4.1467924054, 5.3372535343 ] } },
{ "type": "Feature", "properties": { "fid": 1861, "Date": "2026-07-09", "repere": "Institut Pasteur Eglise Bon Pasteur", "code_bac": "0893", "coord_x": 374039.33, "coord_y": 588006.814, "Commune": "Yopougon", "Nbre_bacs": 2, "Statut": "actif", "Capacite": "1100", "Num_Circui": "CDSM-101" }, "geometry": { "type": "Point", "coordinates": [ -4.1368150355, 5.3186726973 ] } },
{ "type": "Feature", "properties": { "fid": 1862, "Date": "2026-07-09", "repere": "Institut pasteur portail", "code_bac": "0856", "coord_x": 374070.689, "coord_y": 588018.237, "Commune": "Yopougon", "Nbre_bacs": 1, "Statut": "actif", "Capacite": "800", "Num_Circui": "CDSM-101" }, "geometry": { "type": "Point", "coordinates": [ -4.1364822376, 5.3187847663 ] } },
{ "type": "Feature", "properties": { "fid": 1863, "Date": "2026-07-09", "repere": "Institut pasteur Carrefour Boukari", "code_bac": "0921", "coord_x": 373623.773, "coord_y": 587733.178, "Commune": "Yopougon", "Nbre_bacs": 3, "Statut": "actif", "Capacite": "1100", "Num_Circui": "CDSM-101" }, "geometry": { "type": "Point", "coordinates": [ -4.1405763786, 5.3163073593 ] } },
{ "type": "Feature", "properties": { "fid": 1865, "Date": "2026-07-09", "repere": "Institut Pasteur Boutique", "code_bac": "0404", "coord_x": 373639.88, "coord_y": 588948.352, "Commune": "Yopougon", "Nbre_bacs": 2, "Statut": "actif", "Capacite": "1100", "Num_Circui": "CDSM-101" }, "geometry": { "type": "Point", "coordinates": [ -4.1403728808, 5.3279251147 ] } },
{ "type": "Feature", "properties": { "fid": 1866, "Date": "2026-07-07", "repere": "Kassamblé Cité N'Zikan", "code_bac": "0649", "coord_x": 366713.069, "coord_y": 588857.75, "Commune": "Songon", "Nbre_bacs": 2, "Statut": "actif", "Capacite": "1100", "Num_Circui": "CDSM-101" }, "geometry": { "type": "Point", "coordinates": [ -4.202888136, 5.3262518116 ] } },
{ "type": "Feature", "properties": { "fid": 1867, "Date": "2026-07-08", "repere": "Kassemblé carrefour Timothé", "code_bac": "0819_0584", "coord_x": 365945.329, "coord_y": 587742.523, "Commune": "Songon", "Nbre_bacs": 2, "Statut": "actif", "Capacite": "1100", "Num_Circui": "CDSM-101" }, "geometry": { "type": "Point", "coordinates": [ -4.2097960846, 5.3161515631 ] } },
{ "type": "Feature", "properties": { "fid": 1868, "Date": "2026-07-08", "repere": "Centre de Santé urbain de Songon", "code_bac": "0049", "coord_x": 366835.721, "coord_y": 588017.154, "Commune": "Songon", "Nbre_bacs": 1, "Statut": "actif", "Capacite": "1100", "Num_Circui": "CDSM-101" }, "geometry": { "type": "Point", "coordinates": [ -4.2017666284, 5.3186511741 ] } },
{ "type": "Feature", "properties": { "fid": 1869, "Date": "2026-07-08", "repere": "Poste des eaux et foret de Songon", "code_bac": "0098", "coord_x": 363620.866, "coord_y": 588324.083, "Commune": "Songon", "Nbre_bacs": 1, "Statut": "actif", "Capacite": "800", "Num_Circui": "CDSM-101" }, "geometry": { "type": "Point", "coordinates": [ -4.2307807511, 5.3213699555 ] } },
{ "type": "Feature", "properties": { "fid": 1870, "Date": "2026-07-17", "repere": "Gendarmerie nationale brigade Songon", "code_bac": "0179", "coord_x": 361871.532, "coord_y": 588880.747, "Commune": "Songon", "Nbre_bacs": 1, "Statut": "actif", "Capacite": "800", "Num_Circui": "CDSM-101" }, "geometry": { "type": "Point", "coordinates": [ -4.2465755904, 5.3263729051 ] } },
{ "type": "Feature", "properties": { "fid": 1871, "Date": "2026-07-08", "repere": "Carrefour Vétérinaire", "code_bac": "0659", "coord_x": 365810.644, "coord_y": 588004.094, "Commune": "Songon", "Nbre_bacs": 3, "Statut": "actif", "Capacite": "1100", "Num_Circui": "CDSM-101" }, "geometry": { "type": "Point", "coordinates": [ -4.2116381116, 5.3185824015 ] } },
{ "type": "Feature", "properties": { "fid": 1874, "Date": "2026-07-08", "repere": "Carrefour Centre Social", "code_bac": "1650", "coord_x": 370717.06304199994, "coord_y": 590501.23977600003, "Commune": "Songon", "Nbre_bacs": 3, "Statut": "actif", "Capacite": "1100", "Num_Circui": "CDSM-101" }, "geometry": { "type": "Point", "coordinates": [ -4.1666566295, 5.3408699207 ] } },
{ "type": "Feature", "properties": { "fid": 1876, "Date": "2026-07-08", "repere": "Gravier Ferronnerie (maison blanche)", "code_bac": null, "coord_x": 368545.202988, "coord_y": 589317.75570900005, "Commune": "Songon", "Nbre_bacs": 1, "Statut": "actif", "Capacite": "1100", "Num_Circui": "CDSM-101" }, "geometry": { "type": "Point", "coordinates": [ -4.1863638889, 5.3304444444 ] } },
{ "type": "Feature", "properties": { "fid": 1877, "Date": "2026-07-07", "repere": "Carrefour PFO", "code_bac": "00", "coord_x": 366417.808495, "coord_y": 588181.77678700001, "Commune": "Songon", "Nbre_bacs": 1, "Statut": "actif", "Capacite": "1100", "Num_Circui": "CDSM-101" }, "geometry": { "type": "Point", "coordinates": [ -4.2056280649, 5.3193601038 ] } },
{ "type": "Feature", "properties": { "fid": 1878, "Date": "2026-07-08", "repere": "Rond Point Brimbresso", "code_bac": "0918", "coord_x": 372378.833, "coord_y": 590603.918, "Commune": "Songon", "Nbre_bacs": 1, "Statut": "actif", "Capacite": "1100", "Num_Circui": "CDSM-101" }, "geometry": { "type": "Point", "coordinates": [ -4.1497964803, 5.3417035735 ] } },
{ "type": "Feature", "properties": { "fid": 1879, "Date": "2026-07-07", "repere": "Carrefour Cocorico", "code_bac": null, "coord_x": 370238.27927784203, "coord_y": 590337.53132733842, "Commune": "Songon", "Nbre_bacs": 2, "Statut": "actif", "Capacite": "1100", "Num_Circui": "CDSM-101" }, "geometry": { "type": "Point", "coordinates": [ -4.170802796, 5.3398143358 ] } },
{ "type": "Feature", "properties": { "fid": 1880, "Date": "2026-07-07", "repere": "Saph centre des impots", "code_bac": "1170", "coord_x": 370202.48592834797, "coord_y": 590334.67171010643, "Commune": "Songon", "Nbre_bacs": 1, "Statut": "actif", "Capacite": "1100", "Num_Circui": "CDSM-101" }, "geometry": { "type": "Point", "coordinates": [ -4.1724153232, 5.3393738064 ] } },
{ "type": "Feature", "properties": { "fid": 1881, "Date": "2024-07-18", "repere": "Carrefour gazoil", "code_bac": "0647", "coord_x": 369224.29260369996, "coord_y": 590045.6602192393, "Commune": "Songon", "Nbre_bacs": 1, "Statut": "actif", "Capacite": "1100", "Num_Circui": "CDSM-101" }, "geometry": { "type": "Point", "coordinates": [ -4.1800868689, 5.3370415184 ] } },
{ "type": "Feature", "properties": { "fid": 1883, "Date": "2026-07-07", "repere": "Carrefour Amani", "code_bac": "1770", "coord_x": 368710.64625930088, "coord_y": 589588.94436128263, "Commune": "Songon", "Nbre_bacs": 2, "Statut": "actif", "Capacite": "1100", "Num_Circui": "CDSM-101" }, "geometry": { "type": "Point", "coordinates": [ -4.1848757023, 5.3329001095 ] } },
{ "type": "Feature", "properties": { "fid": 1884, "Date": "2026-07-07", "repere": "Carrefour Ecole Bourgeoise", "code_bac": null, "coord_x": 368629.51975383889, "coord_y": 589454.72176922485, "Commune": "Songon", "Nbre_bacs": 1, "Statut": "actif", "Capacite": "1100", "Num_Circui": "CDSM-101" }, "geometry": { "type": "Point", "coordinates": [ -4.1856054269, 5.3316847116 ] } },
{ "type": "Feature", "properties": { "fid": 1885, "Date": "2026-07-07", "repere": "Carrefour Hévéa", "code_bac": null, "coord_x": 368389.35072508681, "coord_y": 589078.92922211427, "Commune": "Songon", "Nbre_bacs": 2, "Statut": "actif", "Capacite": "1100", "Num_Circui": "CDSM-101" }, "geometry": { "type": "Point", "coordinates": [ -4.187810178, 5.3283863742 ] } },
{ "type": "Feature", "properties": { "fid": 1886, "Date": "2026-07-07", "repere": "Campement Gouro", "code_bac": "1104_1671", "coord_x": 364301.76470997976, "coord_y": 588364.14463955979, "Commune": "Songon", "Nbre_bacs": 3, "Statut": "actif", "Capacite": "1100", "Num_Circui": "CDSM-101" }, "geometry": { "type": "Point", "coordinates": [ -4.2246375109, 5.3217445273 ] } },
{ "type": "Feature", "properties": { "fid": 1887, "Date": "2026-07-07", "repere": "Cité la Grace", "code_bac": "1633_1984", "coord_x": 363989.12932412495, "coord_y": 588333.55595124979, "Commune": "Songon", "Nbre_bacs": 3, "Statut": "actif", "Capacite": "1100", "Num_Circui": "CDSM-101" }, "geometry": { "type": "Point", "coordinates": [ -4.227457969, 5.3214622568 ] } },
{ "type": "Feature", "properties": { "fid": 1888, "Date": "2026-07-07", "repere": "Boulangérie Mam Stalingrad", "code_bac": null, "coord_x": 362413.12634216476, "coord_y": 585425.97644448583, "Commune": "Songon", "Nbre_bacs": 1, "Statut": "actif", "Capacite": "1100", "Num_Circui": "CDSM-101" }, "geometry": { "type": "Point", "coordinates": [ -4.2416260764, 5.2951364616 ] } },
{ "type": "Feature", "properties": { "fid": 1893, "Date": "2026-07-07", "repere": "Carrefour église la génération de Christ", "code_bac": "2068", "coord_x": 361871.532, "coord_y": 588880.747, "Commune": "Songon", "Nbre_bacs": 2, "Statut": "actif", "Capacite": "1100", "Num_Circui": "CDSM-101" }, "geometry": { "type": "Point", "coordinates": [ -4.2507645994, 5.3325767441 ] } },
{ "type": "Feature", "properties": { "fid": 1894, "Date": "2026-07-07", "repere": "Attié 2 côté vitrée", "code_bac": "2069", "coord_x": 361871.532, "coord_y": 588880.747, "Commune": "Songon", "Nbre_bacs": 2, "Statut": "actif", "Capacite": "1100", "Num_Circui": "CDSM-101" }, "geometry": { "type": "Point", "coordinates": [ -4.2510555556, 5.3363333333 ] } },
{ "type": "Feature", "properties": { "fid": 1897, "Date": "2026-07-09", "repere": "Qyuincaillérie gérérale ", "code_bac": null, "coord_x": 372846.68, "coord_y": 590026.918, "Commune": "Songon", "Nbre_bacs": 1, "Statut": "actif", "Capacite": "1100", "Num_Circui": "CDSM-101" }, "geometry": { "type": "Point", "coordinates": [ -4.1527745083, 5.3269796871 ] } },
{ "type": "Feature", "properties": { "fid": 1899, "Date": "2026-07-09", "repere": "Maquis Zouglou", "code_bac": null, "coord_x": 372846.68, "coord_y": 590026.918, "Commune": "Songon", "Nbre_bacs": 1, "Statut": "actif", "Capacite": "1100", "Num_Circui": "CDSM-101" }, "geometry": { "type": "Point", "coordinates": [ -4.1517382058, 5.3287043265 ] } },
{ "type": "Feature", "properties": { "fid": 1900, "Date": "2026-07-09", "repere": "Magasin carreau marron", "code_bac": null, "coord_x": 372846.68, "coord_y": 590026.918, "Commune": "Songon", "Nbre_bacs": 2, "Statut": "actif", "Capacite": "1100", "Num_Circui": "CDSM-101" }, "geometry": { "type": "Point", "coordinates": [ -4.1523555556, 5.3276888889 ] } },
{ "type": "Feature", "properties": { "fid": 1901, "Date": "2026-07-10", "repere": "Lycée Moderne Andékoi", "code_bac": "0235", "coord_x": 381700.739, "coord_y": 592493.483, "Commune": "Yopougon", "Nbre_bacs": 5, "Statut": "actif", "Capacite": "1100", "Num_Circui": "Hors-CDSM" }, "geometry": { "type": "Point", "coordinates": [ -4.0674983333, 5.3626733333 ] } },
{ "type": "Feature", "properties": { "fid": 1904, "Date": "2026-07-10", "repere": "Lycée Municipal 1", "code_bac": "3109_3195", "coord_x": 385104.356, "coord_y": 589204.18, "Commune": "Attécoubé", "Nbre_bacs": 2, "Statut": "actif", "Capacite": "1100", "Num_Circui": "CDSM-110" }, "geometry": { "type": "Point", "coordinates": [ -4.0342944444, 5.3140966667 ] } },
{ "type": "Feature", "properties": { "fid": 1910, "Date": "2025-01-21", "repere": "Immeuble les Oliviers", "code_bac": null, "coord_x": 382926.99220500002, "coord_y": 591686.37974300003, "Commune": "Yopougon", "Nbre_bacs": 0, "Statut": "supprimé", "Capacite": "1100", "Num_Circui": "Hors-CDSM" }, "geometry": { "type": "Point", "coordinates": [ -4.0521408333, 5.3513444444 ] } },
{ "type": "Feature", "properties": { "fid": 1912, "Date": "2026-07-09", "repere": "Grand Séminaire", "code_bac": null, "coord_x": 372846.68, "coord_y": 590026.918, "Commune": "Songon", "Nbre_bacs": 2, "Statut": "actif", "Capacite": "1100", "Num_Circui": "CDSM-101" }, "geometry": { "type": "Point", "coordinates": [ -4.1560996861, 5.3189797563 ] } },
{ "type": "Feature", "properties": { "fid": 1916, "Date": "2026-07-07", "repere": "Kassemnblé Cité Mosquée", "code_bac": "00", "coord_x": 366417.808495, "coord_y": 588181.77678700001, "Commune": "Songon", "Nbre_bacs": 3, "Statut": "actif", "Capacite": "1100", "Num_Circui": "CDSM-101" }, "geometry": { "type": "Point", "coordinates": [ -4.2037859219, 5.3248219318 ] } },
{ "type": "Feature", "properties": { "fid": 1917, "Date": "2026-07-07", "repere": "Maquis le pouvoir", "code_bac": "2621", "coord_x": 361871.532, "coord_y": 588880.747, "Commune": "Songon", "Nbre_bacs": 2, "Statut": "actif", "Capacite": "1100", "Num_Circui": "CDSM-101" }, "geometry": { "type": "Point", "coordinates": [ -4.2557764692, 5.3245918058 ] } },
{ "type": "Feature", "properties": { "fid": 1919, "Date": "2026-07-16", "repere": "Pont à péage", "code_bac": null, "coord_x": 385104.356, "coord_y": 589204.18, "Commune": "Attécoubé", "Nbre_bacs": 2, "Statut": "actif", "Capacite": "1100", "Num_Circui": "Hors-CDSM" }, "geometry": { "type": "Point", "coordinates": [ -4.0437757602, 5.3367276773 ] } },
{ "type": "Feature", "properties": { "fid": 1923, "Date": "2026-07-10", "repere": "Mossikro Ménuisérie (Collège Tago)", "code_bac": "0806", "coord_x": 382955.63, "coord_y": 590585.059, "Commune": "Yopougon", "Nbre_bacs": 2, "Statut": "actif", "Capacite": "1100", "Num_Circui": "CDSM-110" }, "geometry": { "type": "Point", "coordinates": [ -4.0592158605, 5.3427510165 ] } },
{ "type": "Feature", "properties": { "fid": 1924, "Date": "2026-07-08", "repere": "Madame Djo Fruit", "code_bac": "0647", "coord_x": 369224.29260369996, "coord_y": 590045.6602192393, "Commune": "Songon", "Nbre_bacs": 2, "Statut": "actif", "Capacite": "1100", "Num_Circui": "CDSM-101" }, "geometry": { "type": "Point", "coordinates": [ -4.1798172381, 5.3370128701 ] } },
{ "type": "Feature", "properties": { "fid": 1925, "Date": "2026-07-08", "repere": "maison Bethel", "code_bac": "1303_1985", "coord_x": 367711.12325599999, "coord_y": 588069.84119099996, "Commune": "Songon", "Nbre_bacs": 2, "Statut": "actif", "Capacite": "1100", "Num_Circui": "CDSM-101" }, "geometry": { "type": "Point", "coordinates": [ -4.1919366784, 5.3157343206 ] } },
{ "type": "Feature", "properties": { "fid": 1926, "Date": "2026-07-09", "repere": "Carrefour Antenne", "code_bac": "0060", "coord_x": 375661.333, "coord_y": 590298.932, "Commune": "Songon", "Nbre_bacs": 1, "Statut": "actif", "Capacite": "1100", "Num_Circui": "CDSM-101" }, "geometry": { "type": "Point", "coordinates": [ -4.1435069019, 5.3393194368 ] } },
{ "type": "Feature", "properties": { "fid": 1927, "Date": "2026-07-09", "repere": "Carrefour vers dépôt Solibra", "code_bac": "2070", "coord_x": 368389.35072508681, "coord_y": 589078.92922211427, "Commune": "Songon", "Nbre_bacs": 0, "Statut": "supprimé", "Capacite": "1100", "Num_Circui": "CDSM-101" }, "geometry": { "type": "Point", "coordinates": [ -4.1896953519, 5.3237979632 ] } },
{ "type": "Feature", "properties": { "fid": 1928, "Date": "2026-07-09", "repere": "Carrefour GS la Providence", "code_bac": "2070", "coord_x": 368389.35072508681, "coord_y": 589078.92922211427, "Commune": "Songon", "Nbre_bacs": 1, "Statut": "actif", "Capacite": "1100", "Num_Circui": "CDSM-101" }, "geometry": { "type": "Point", "coordinates": [ -4.182239902, 5.3158798746 ] } },
{ "type": "Feature", "properties": { "fid": 1929, "Date": "2026-07-08", "repere": "Boulangérie pro baguette", "code_bac": null, "coord_x": 368389.35072508681, "coord_y": 589078.92922211427, "Commune": "Songon", "Nbre_bacs": 2, "Statut": "actif", "Capacite": "1100", "Num_Circui": "CDSM-101" }, "geometry": { "type": "Point", "coordinates": [ -4.1871046491, 5.3288383537 ] } },
{ "type": "Feature", "properties": { "fid": 1930, "Date": "2026-07-09", "repere": "Institut Pasteur Hôtel Ehui", "code_bac": "0404", "coord_x": 373639.88, "coord_y": 588948.352, "Commune": "Yopougon", "Nbre_bacs": 2, "Statut": "actif", "Capacite": "1100", "Num_Circui": "CDSM-101" }, "geometry": { "type": "Point", "coordinates": [ -4.1403109509, 5.3290020681 ] } },
{ "type": "Feature", "properties": { "fid": 1931, "Date": "2026-07-09", "repere": "Institut Pasteur CNRA", "code_bac": "0404", "coord_x": 373639.88, "coord_y": 588948.352, "Commune": "Yopougon", "Nbre_bacs": 3, "Statut": "actif", "Capacite": "1100", "Num_Circui": "CDSM-101" }, "geometry": { "type": "Point", "coordinates": [ -4.1404012522, 5.3270616567 ] } },
{ "type": "Feature", "properties": { "fid": 1932, "Date": "2026-07-08", "repere": "Godoumé Mosquée", "code_bac": "1303_1985", "coord_x": 367711.12325599999, "coord_y": 588069.84119099996, "Commune": "Songon", "Nbre_bacs": 2, "Statut": "actif", "Capacite": "1100", "Num_Circui": "CDSM-101" }, "geometry": { "type": "Point", "coordinates": [ -4.1917212992, 5.3214317068 ] } },
{ "type": "Feature", "properties": { "fid": 1955, "Date": "2025-07-08", "repere": "Liberté Carine Couture Au feu", "code_bac": "1808_1809", "coord_x": 382926.99220500002, "coord_y": 591686.37974300003, "Commune": "Adjamé", "Nbre_bacs": 2, "Statut": "actif", "Capacite": "1100", "Num_Circui": "CDSM-111; CDSM-123" }, "geometry": { "type": "Point", "coordinates": [ -4.0160747051, 5.3560716675 ] } },
{ "type": "Feature", "properties": { "fid": 1956, "Date": "2026-07-13", "repere": "Rond Point Palais", "code_bac": "0350", "coord_x": 380599.71, "coord_y": 588711.424, "Commune": "Yopougon", "Nbre_bacs": 0, "Statut": "supprimé", "Capacite": "1100", "Num_Circui": "CDSM-105" }, "geometry": { "type": "Point", "coordinates": [ -4.0775775207, 5.3251603682 ] } },
{ "type": "Feature", "properties": { "fid": 1957, "Date": "2026-07-07", "repere": "Ayewahi gare des taxis", "code_bac": null, "coord_x": 370238.27927784203, "coord_y": 590337.53132733842, "Commune": "Songon", "Nbre_bacs": 1, "Statut": "actif", "Capacite": "1100", "Num_Circui": "CDSM-101" }, "geometry": { "type": "Point", "coordinates": [ -4.1768568692, 5.338103722 ] } },
{ "type": "Feature", "properties": { "fid": 1958, "Date": "2026-07-07", "repere": "Carrefour IFEF", "code_bac": "1303_1985", "coord_x": 367711.12325599999, "coord_y": 588069.84119099996, "Commune": "Songon", "Nbre_bacs": 1, "Statut": "actif", "Capacite": "1100", "Num_Circui": "CDSM-101" }, "geometry": { "type": "Point", "coordinates": [ -4.1926270817, 5.3206759473 ] } },
{ "type": "Feature", "properties": { "fid": 1960, "Date": "2026-07-08", "repere": "Carrefour Sodeci", "code_bac": "00", "coord_x": 366417.808495, "coord_y": 588181.77678700001, "Commune": "Songon", "Nbre_bacs": 1, "Statut": "actif", "Capacite": "1100", "Num_Circui": "CDSM-101" }, "geometry": { "type": "Point", "coordinates": [ -4.205829382, 5.3192111138 ] } },
{ "type": "Feature", "properties": { "fid": 1963, "Date": "2026-07-09", "repere": "Derrière Domak", "code_bac": null, "coord_x": 372846.68, "coord_y": 590026.918, "Commune": "Songon", "Nbre_bacs": 2, "Statut": "actif", "Capacite": "1100", "Num_Circui": "CDSM-101" }, "geometry": { "type": "Point", "coordinates": [ -4.1479171869, 5.3385981857 ] } },
{ "type": "Feature", "properties": { "fid": 1965, "Date": "2026-07-16", "repere": "Toit Rouge Gendarmérie", "code_bac": null, "coord_x": 382723.674, "coord_y": 589237.839, "Commune": "Yopougon", "Nbre_bacs": 0, "Statut": "supprimé", "Capacite": "1100", "Num_Circui": "CDSM-105" }, "geometry": { "type": "Point", "coordinates": [ -4.0546739868, 5.3265070759 ] } },
{ "type": "Feature", "properties": { "fid": 1967, "Date": "2026-07-07", "repere": "Quincaillérie général", "code_bac": null, "coord_x": 370238.27927784203, "coord_y": 590337.53132733842, "Commune": "Songon", "Nbre_bacs": 1, "Statut": "actif", "Capacite": "1100", "Num_Circui": "CDSM-101" }, "geometry": { "type": "Point", "coordinates": [ -4.1681022305, 5.3406557566 ] } },
{ "type": "Feature", "properties": { "fid": 1968, "Date": "2026-07-08", "repere": "Banque NSIA", "code_bac": "1104_1671", "coord_x": 364301.76470997976, "coord_y": 588364.14463955979, "Commune": "Songon", "Nbre_bacs": 3, "Statut": "actif", "Capacite": "1100", "Num_Circui": "CDSM-101" }, "geometry": { "type": "Point", "coordinates": [ -4.2190688398, 5.3210460668 ] } },
{ "type": "Feature", "properties": { "fid": 1969, "Date": "2026-07-09", "repere": "Carrefour Mille Pôteaux", "code_bac": "1770", "coord_x": 368710.64625930088, "coord_y": 589588.94436128263, "Commune": "Songon", "Nbre_bacs": 2, "Statut": "actif", "Capacite": "1100", "Num_Circui": "CDSM-101" }, "geometry": { "type": "Point", "coordinates": [ -4.1846064513, 5.3329579549 ] } },
{ "type": "Feature", "properties": { "fid": 1970, "Date": "2026-07-08", "repere": "Voie Abiaté", "code_bac": "2068", "coord_x": 361871.532, "coord_y": 588880.747, "Commune": "Songon", "Nbre_bacs": 2, "Statut": "actif", "Capacite": "1100", "Num_Circui": "CDSM-101" }, "geometry": { "type": "Point", "coordinates": [ -4.2572591429, 5.3319846348 ] } },
{ "type": "Feature", "properties": { "fid": 1972, "Date": "2026-07-08", "repere": "Godoumé immeuble", "code_bac": "1303_1985", "coord_x": 367711.12325599999, "coord_y": 588069.84119099996, "Commune": "Songon", "Nbre_bacs": 1, "Statut": "actif", "Capacite": "1100", "Num_Circui": "CDSM-101" }, "geometry": { "type": "Point", "coordinates": [ -4.1897513067, 5.3165959498 ] } },
{ "type": "Feature", "properties": { "fid": 1973, "Date": "2026-07-17", "repere": "Ecole Chapouli", "code_bac": "00", "coord_x": 379391.29339000001, "coord_y": 587271.36198399996, "Commune": "Yopougon", "Nbre_bacs": 2, "Statut": "actif", "Capacite": "1100", "Num_Circui": "Hors-CDSM" }, "geometry": { "type": "Point", "coordinates": [ -4.0635195579, 5.3132615593 ] } },
{ "type": "Feature", "properties": { "fid": 1974, "Date": "2026-07-08", "repere": "Immeuble Gris", "code_bac": "1303_1985", "coord_x": 367711.12325599999, "coord_y": 588069.84119099996, "Commune": "Songon", "Nbre_bacs": 1, "Statut": "actif", "Capacite": "1100", "Num_Circui": "CDSM-101" }, "geometry": { "type": "Point", "coordinates": [ -4.1927590311, 5.3180025412 ] } },
{ "type": "Feature", "properties": { "fid": 1977, "Date": "2026-07-07", "repere": "Kassemnblé Cité Arc en Ciel", "code_bac": "00", "coord_x": 366417.808495, "coord_y": 588181.77678700001, "Commune": "Songon", "Nbre_bacs": 2, "Statut": "actif", "Capacite": "1100", "Num_Circui": "CDSM-101" }, "geometry": { "type": "Point", "coordinates": [ -4.2049347609, 5.3261769727 ] } },
{ "type": "Feature", "properties": { "fid": 1978, "Date": "2026-07-09", "repere": "Espace au Placali Chaud", "code_bac": "01206", "coord_x": 362260.00707300002, "coord_y": 585759.63801899995, "Commune": "Songon", "Nbre_bacs": 1, "Statut": "actif", "Capacite": "1100", "Num_Circui": "CDSM-101" }, "geometry": { "type": "Point", "coordinates": [ -4.2433803908, 5.3001179326 ] } },
{ "type": "Feature", "properties": { "fid": 1979, "Date": "2026-07-17", "repere": "Cité Ouaga", "code_bac": "1412", "coord_x": 365516.392, "coord_y": 588987.507, "Commune": "Songon", "Nbre_bacs": 2, "Statut": "actif", "Capacite": "1100", "Num_Circui": "CDSM-101" }, "geometry": { "type": "Point", "coordinates": [ -4.216434079, 5.3430987421 ] } },
{ "type": "Feature", "properties": { "fid": 1982, "Date": "2026-07-08", "repere": "Montée terre rouge", "code_bac": null, "coord_x": 370238.27927784203, "coord_y": 590337.53132733842, "Commune": "Songon", "Nbre_bacs": 2, "Statut": "actif", "Capacite": "1100", "Num_Circui": "CDSM-101" }, "geometry": { "type": "Point", "coordinates": [ -4.1776334671, 5.3406217971 ] } },
{ "type": "Feature", "properties": { "fid": 1983, "Date": "2026-07-07", "repere": "Carrefour de la mairie", "code_bac": "1303_1985", "coord_x": 367711.12325599999, "coord_y": 588069.84119099996, "Commune": "Songon", "Nbre_bacs": 1, "Statut": "actif", "Capacite": "1100", "Num_Circui": "CDSM-101" }, "geometry": { "type": "Point", "coordinates": [ -4.1916863497, 5.3222029472 ] } },
{ "type": "Feature", "properties": { "fid": 1984, "Date": "2026-07-07", "repere": "Montée Sous-préfecture", "code_bac": "0049", "coord_x": 366835.721, "coord_y": 588017.154, "Commune": "Songon", "Nbre_bacs": 1, "Statut": "actif", "Capacite": "1100", "Num_Circui": "CDSM-101" }, "geometry": { "type": "Point", "coordinates": [ -4.1992938452, 5.3182373648 ] } },
{ "type": "Feature", "properties": { "fid": 1985, "Date": "2026-07-13", "repere": "Magasin électronic", "code_bac": "0583/21", "coord_x": 380853.153, "coord_y": 588778.038, "Commune": "Yopougon", "Nbre_bacs": 0, "Statut": "supprimé", "Capacite": "1100", "Num_Circui": "CDSM-105" }, "geometry": { "type": "Point", "coordinates": [ -4.0741607474, 5.3260082769 ] } },
{ "type": "Feature", "properties": { "fid": 1986, "Date": "2026-07-09", "repere": "Carrefour Salem", "code_bac": null, "coord_x": 370238.27927784203, "coord_y": 590337.53132733842, "Commune": "Songon", "Nbre_bacs": 0, "Statut": "supprimé", "Capacite": "1100", "Num_Circui": "CDSM-101" }, "geometry": { "type": "Point", "coordinates": [ -4.1706124886, 5.3396006573 ] } },
{ "type": "Feature", "properties": { "fid": 1989, "Date": "2025-01-17", "repere": "Gesco Montée Panneau", "code_bac": "1103", "coord_x": 376345.427, "coord_y": 593905.101, "Commune": "Yopougon", "Nbre_bacs": 0, "Statut": "supprimé", "Capacite": "1100", "Num_Circui": "CDSM-107; CDSM-112" }, "geometry": { "type": "Point", "coordinates": [ -4.11934884, 5.3728332157 ] } },
{ "type": "Feature", "properties": { "fid": 1993, "Date": "2026-07-16", "repere": "Pont débarquement", "code_bac": null, "coord_x": 385104.356, "coord_y": 589204.18, "Commune": "Attécoubé", "Nbre_bacs": 0, "Statut": "supprimé", "Capacite": "1100", "Num_Circui": "CDSM-109; CDSM-122" }, "geometry": { "type": "Point", "coordinates": [ -4.0390677064, 5.344888921 ] } },
{ "type": "Feature", "properties": { "fid": 1994, "Date": "2026-07-07", "repere": "Au Pont Agban (Maison bleue)", "code_bac": "2621", "coord_x": 361871.532, "coord_y": 588880.747, "Commune": "Songon", "Nbre_bacs": 1, "Statut": "actif", "Capacite": "1100", "Num_Circui": "CDSM-101" }, "geometry": { "type": "Point", "coordinates": [ -4.2557617405, 5.3244543379 ] } },
{ "type": "Feature", "properties": { "fid": 1995, "Date": "2026-07-07", "repere": "Entreprise de brique", "code_bac": "2069", "coord_x": 361871.532, "coord_y": 588880.747, "Commune": "Songon", "Nbre_bacs": 2, "Statut": "actif", "Capacite": "1100", "Num_Circui": "CDSM-101" }, "geometry": { "type": "Point", "coordinates": [ -4.2512126619, 5.3395196432 ] } },
{ "type": "Feature", "properties": { "fid": 1996, "Date": "2026-07-07", "repere": "Espace escal du bonheur", "code_bac": "2068", "coord_x": 361871.532, "coord_y": 588880.747, "Commune": "Songon", "Nbre_bacs": 2, "Statut": "actif", "Capacite": "1100", "Num_Circui": "CDSM-101" }, "geometry": { "type": "Point", "coordinates": [ -4.2505878549, 5.3302152417 ] } },
{ "type": "Feature", "properties": { "fid": 1997, "Date": "2026-02-22", "repere": "Entreprise de brique", "code_bac": "2069", "coord_x": 361871.532, "coord_y": 588880.747, "Commune": "Songon", "Nbre_bacs": 0, "Statut": "supprimé", "Capacite": "800", "Num_Circui": "Hors-CDSM" }, "geometry": { "type": "Point", "coordinates": [ -4.2512224811, 5.3395196432 ] } },
{ "type": "Feature", "properties": { "fid": 1998, "Date": "2026-07-07", "repere": "Collège moderne de Songon té", "code_bac": "0098", "coord_x": 363620.866, "coord_y": 588324.083, "Commune": "Songon", "Nbre_bacs": 2, "Statut": "actif", "Capacite": "1100", "Num_Circui": "CDSM-101" }, "geometry": { "type": "Point", "coordinates": [ -4.2376934234, 5.3205009618 ] } },
{ "type": "Feature", "properties": { "fid": 1999, "Date": "2026-07-08", "repere": "Fas btp", "code_bac": "0097", "coord_x": 362841.11821799999, "coord_y": 586695.28134900006, "Commune": "Songon", "Nbre_bacs": 2, "Statut": "actif", "Capacite": "1100", "Num_Circui": "CDSM-101" }, "geometry": { "type": "Point", "coordinates": [ -4.2374735396, 5.3069173493 ] } },
{ "type": "Feature", "properties": { "fid": 2000, "Date": "2026-07-07", "repere": "Terre rouge 1", "code_bac": "01206", "coord_x": 362260.00707300002, "coord_y": 585759.63801899995, "Commune": "Songon", "Nbre_bacs": 1, "Statut": "actif", "Capacite": "1100", "Num_Circui": "CDSM-101" }, "geometry": { "type": "Point", "coordinates": [ -4.243002354, 5.3020277547 ] } },
{ "type": "Feature", "properties": { "fid": 2001, "Date": "2026-07-07", "repere": "Terre rouge 2", "code_bac": "01206", "coord_x": 362260.00707300002, "coord_y": 585759.63801899995, "Commune": "Songon", "Nbre_bacs": 1, "Statut": "actif", "Capacite": "1100", "Num_Circui": "CDSM-101" }, "geometry": { "type": "Point", "coordinates": [ -4.2422315517, 5.3034269817 ] } },
{ "type": "Feature", "properties": { "fid": 2002, "Date": "2026-07-07", "repere": "Carrefour Songon Park", "code_bac": null, "coord_x": 362413.12634216476, "coord_y": 585425.97644448583, "Commune": "Songon", "Nbre_bacs": 2, "Statut": "actif", "Capacite": "1100", "Num_Circui": "CDSM-101" }, "geometry": { "type": "Point", "coordinates": [ -4.2409976515, 5.2937421443 ] } },
{ "type": "Feature", "properties": { "fid": 2003, "Date": "2026-07-08", "repere": "Campement Gouro opposé", "code_bac": "1104_1671", "coord_x": 364301.76470997976, "coord_y": 588364.14463955979, "Commune": "Songon", "Nbre_bacs": 2, "Statut": "actif", "Capacite": "1100", "Num_Circui": "CDSM-101" }, "geometry": { "type": "Point", "coordinates": [ -4.2242226143, 5.3214165324 ] } },
{ "type": "Feature", "properties": { "fid": 2004, "Date": "2026-07-08", "repere": "Nouvelle Station Total", "code_bac": "1104_1671", "coord_x": 364301.76470997976, "coord_y": 588364.14463955979, "Commune": "Songon", "Nbre_bacs": 1, "Statut": "actif", "Capacite": "1100", "Num_Circui": "CDSM-101" }, "geometry": { "type": "Point", "coordinates": [ -4.2168742628, 5.3201377966 ] } },
{ "type": "Feature", "properties": { "fid": 2005, "Date": "2026-07-08", "repere": "Carrefour ivosep", "code_bac": "0049", "coord_x": 366835.721, "coord_y": 588017.154, "Commune": "Songon", "Nbre_bacs": 1, "Statut": "actif", "Capacite": "1100", "Num_Circui": "CDSM-101" }, "geometry": { "type": "Point", "coordinates": [ -4.2001955665, 5.3182240416 ] } },
{ "type": "Feature", "properties": { "fid": 2006, "Date": "2026-07-08", "repere": "Sous-préfecture", "code_bac": "0049", "coord_x": 366835.721, "coord_y": 588017.154, "Commune": "Songon", "Nbre_bacs": 0, "Statut": "supprimé", "Capacite": "1100", "Num_Circui": "CDSM-101" }, "geometry": { "type": "Point", "coordinates": [ -4.1985807304, 5.3181809047 ] } },
{ "type": "Feature", "properties": { "fid": 2007, "Date": "2026-04-22", "repere": "Kassemnblé Cité Arc en Ciel", "code_bac": "00", "coord_x": 366417.808495, "coord_y": 588181.77678700001, "Commune": "Songon", "Nbre_bacs": 0, "Statut": "supprimé", "Capacite": "800", "Num_Circui": "Hors-CDSM" }, "geometry": { "type": "Point", "coordinates": [ -4.2049372157, 5.3261769727 ] } },
{ "type": "Feature", "properties": { "fid": 2008, "Date": "2026-07-08", "repere": "Chez Rodrigue", "code_bac": "1303_1985", "coord_x": 367711.12325599999, "coord_y": 588069.84119099996, "Commune": "Songon", "Nbre_bacs": 1, "Statut": "actif", "Capacite": "1100", "Num_Circui": "CDSM-101" }, "geometry": { "type": "Point", "coordinates": [ -4.1923957229, 5.3174035739 ] } },
{ "type": "Feature", "properties": { "fid": 2009, "Date": "2026-07-17", "repere": "Mairie", "code_bac": "1303_1985", "coord_x": 367711.12325599999, "coord_y": 588069.84119099996, "Commune": "Songon", "Nbre_bacs": 1, "Statut": "actif", "Capacite": "1100", "Num_Circui": "CDSM-101" }, "geometry": { "type": "Point", "coordinates": [ -4.1934022439, 5.3238427431 ] } },
{ "type": "Feature", "properties": { "fid": 2010, "Date": "2026-07-17", "repere": "Mairie", "code_bac": "1303_1985", "coord_x": 367711.12325599999, "coord_y": 588069.84119099996, "Commune": "Songon", "Nbre_bacs": 1, "Statut": "actif", "Capacite": "1100", "Num_Circui": "CDSM-101" }, "geometry": { "type": "Point", "coordinates": [ -4.193912839, 5.3241397721 ] } },
{ "type": "Feature", "properties": { "fid": 2011, "Date": "2026-07-09", "repere": "Carrefour Carrefour Eden", "code_bac": "2070", "coord_x": 368389.35072508681, "coord_y": 589078.92922211427, "Commune": "Songon", "Nbre_bacs": 1, "Statut": "actif", "Capacite": "1100", "Num_Circui": "CDSM-101" }, "geometry": { "type": "Point", "coordinates": [ -4.1785650906, 5.3118957596 ] } },
{ "type": "Feature", "properties": { "fid": 2012, "Date": "2026-07-08", "repere": "Carrefour bois de gravier", "code_bac": null, "coord_x": 368629.51975383889, "coord_y": 589454.72176922485, "Commune": "Songon", "Nbre_bacs": 1, "Statut": "actif", "Capacite": "1100", "Num_Circui": "CDSM-101" }, "geometry": { "type": "Point", "coordinates": [ -4.1853513567, 5.3317104868 ] } },
{ "type": "Feature", "properties": { "fid": 2013, "Date": "2026-07-08", "repere": "Carrefour Quincaillérie midea", "code_bac": null, "coord_x": 368790.26545890502, "coord_y": 589723.69554784789, "Commune": "Songon", "Nbre_bacs": 2, "Statut": "actif", "Capacite": "1100", "Num_Circui": "CDSM-101" }, "geometry": { "type": "Point", "coordinates": [ -4.1839294497, 5.3340263663 ] } },
{ "type": "Feature", "properties": { "fid": 2014, "Date": "2026-07-08", "repere": "Immeuble jaune", "code_bac": null, "coord_x": 370238.27927784203, "coord_y": 590337.53132733842, "Commune": "Songon", "Nbre_bacs": 1, "Statut": "actif", "Capacite": "1100", "Num_Circui": "CDSM-101" }, "geometry": { "type": "Point", "coordinates": [ -4.1776629245, 5.3422014508 ] } },
{ "type": "Feature", "properties": { "fid": 2015, "Date": "2026-07-08", "repere": "Immeuble jaune", "code_bac": null, "coord_x": 370238.27927784203, "coord_y": 590337.53132733842, "Commune": "Songon", "Nbre_bacs": 1, "Statut": "actif", "Capacite": "1100", "Num_Circui": "CDSM-101" }, "geometry": { "type": "Point", "coordinates": [ -4.1791689344, 5.3465758764 ] } },
{ "type": "Feature", "properties": { "fid": 2016, "Date": "2026-07-08", "repere": "Carrefour tôle", "code_bac": null, "coord_x": 370238.27927784203, "coord_y": 590337.53132733842, "Commune": "Songon", "Nbre_bacs": 2, "Statut": "actif", "Capacite": "1100", "Num_Circui": "CDSM-101" }, "geometry": { "type": "Point", "coordinates": [ -4.1801603603, 5.3480202101 ] } },
{ "type": "Feature", "properties": { "fid": 2017, "Date": "2026-07-08", "repere": "Roch Even", "code_bac": null, "coord_x": 370238.27927784203, "coord_y": 590337.53132733842, "Commune": "Songon", "Nbre_bacs": 2, "Statut": "actif", "Capacite": "1100", "Num_Circui": "CDSM-101" }, "geometry": { "type": "Point", "coordinates": [ -4.1805617174, 5.3495096505 ] } },
{ "type": "Feature", "properties": { "fid": 2018, "Date": "2026-07-08", "repere": "Ayewahi les cocotiers", "code_bac": null, "coord_x": 369171.77201999997, "coord_y": 591788.87132499996, "Commune": "Songon", "Nbre_bacs": 2, "Statut": "actif", "Capacite": "1100", "Num_Circui": "CDSM-101" }, "geometry": { "type": "Point", "coordinates": [ -4.1843392746, 5.3588102606 ] } },
{ "type": "Feature", "properties": { "fid": 2019, "Date": "2026-07-09", "repere": "Institut Pasteur Eglise Saint Bernard", "code_bac": "0893", "coord_x": 374039.33, "coord_y": 588006.814, "Commune": "Yopougon", "Nbre_bacs": 1, "Statut": "actif", "Capacite": "800", "Num_Circui": "CDSM-101" }, "geometry": { "type": "Point", "coordinates": [ -4.1388638545, 5.3171371677 ] } },
{ "type": "Feature", "properties": { "fid": 2020, "Date": "2026-07-09", "repere": "Institut Pasteur Eglise Saint Bernard", "code_bac": "0893", "coord_x": 374039.33, "coord_y": 588006.814, "Commune": "Yopougon", "Nbre_bacs": 3, "Statut": "actif", "Capacite": "1100", "Num_Circui": "CDSM-101" }, "geometry": { "type": "Point", "coordinates": [ -4.1388638545, 5.3171371677 ] } },
{ "type": "Feature", "properties": { "fid": 2021, "Date": "2026-07-07", "repere": "Sap h canaan coiffure", "code_bac": null, "coord_x": 370238.27927784203, "coord_y": 590337.53132733842, "Commune": "Songon", "Nbre_bacs": 2, "Statut": "actif", "Capacite": "1100", "Num_Circui": "CDSM-101" }, "geometry": { "type": "Point", "coordinates": [ -4.1713551225, 5.3396707309 ] } },
{ "type": "Feature", "properties": { "fid": 2022, "Date": "2026-07-07", "repere": "Saph lavage Cocorico", "code_bac": null, "coord_x": 370238.27927784203, "coord_y": 590337.53132733842, "Commune": "Songon", "Nbre_bacs": 1, "Statut": "actif", "Capacite": "1100", "Num_Circui": "CDSM-101" }, "geometry": { "type": "Point", "coordinates": [ -4.1691043922, 5.340308668 ] } },
{ "type": "Feature", "properties": { "fid": 2030, "Date": "2026-07-16", "repere": "Mairie annexe Toit rouge", "code_bac": null, "coord_x": 382723.674, "coord_y": 589237.839, "Commune": "Yopougon", "Nbre_bacs": 1, "Statut": "actif", "Capacite": "1100", "Num_Circui": "CDSM-105" }, "geometry": { "type": "Point", "coordinates": [ -4.0537453446, 5.3270022711 ] } },
{ "type": "Feature", "properties": { "fid": 2033, "Date": "2026-07-10", "repere": "Comissariat 23ème Arrondissement", "code_bac": "0651_0787", "coord_x": 381214.434, "coord_y": 592570.656, "Commune": "Yopougon", "Nbre_bacs": 1, "Statut": "actif", "Capacite": "1100", "Num_Circui": "CDSM-112" }, "geometry": { "type": "Point", "coordinates": [ -4.0721527823, 5.3608163069 ] } },
{ "type": "Feature", "properties": { "fid": 2039, "Date": "2026-07-09", "repere": "intérieure santuaire", "code_bac": "0322", "coord_x": 384962.116, "coord_y": 592541.247, "Commune": "Attécoubé", "Nbre_bacs": 1, "Statut": "actif", "Capacite": "800", "Num_Circui": "CDSM-122" }, "geometry": { "type": "Point", "coordinates": [ -4.0395412334, 5.3571592066 ] } },
{ "type": "Feature", "properties": { "fid": 2040, "Date": "2026-07-09", "repere": "PFS-Foyer des jeunes", "code_bac": "0768", "coord_x": 384764.33410199999, "coord_y": 591616.93145599996, "Commune": "Attécoubé", "Nbre_bacs": 1, "Statut": "actif", "Capacite": "800", "Num_Circui": "CDSM-109; CDSM-122" }, "geometry": { "type": "Point", "coordinates": [ -4.0402244766, 5.3475773529 ] } },
{ "type": "Feature", "properties": { "fid": 2041, "Date": "2026-07-09", "repere": "Direction Général des Imports ", "code_bac": "0768", "coord_x": 384764.33410199999, "coord_y": 591616.93145599996, "Commune": "Attécoubé", "Nbre_bacs": 1, "Statut": "actif", "Capacite": "240", "Num_Circui": "CDSM-109; CDSM-122" }, "geometry": { "type": "Point", "coordinates": [ -4.0404242497, 5.3473085672 ] } },
{ "type": "Feature", "properties": { "fid": 2042, "Date": "2026-07-09", "repere": "Mairie Annexe", "code_bac": "0768", "coord_x": 384764.33410199999, "coord_y": 591616.93145599996, "Commune": "Attécoubé", "Nbre_bacs": 1, "Statut": "actif", "Capacite": "800", "Num_Circui": "CDSM-109; CDSM-122" }, "geometry": { "type": "Point", "coordinates": [ -4.040536849, 5.3468368303 ] } },
{ "type": "Feature", "properties": { "fid": 2043, "Date": null, "repere": "Centre commercial", "code_bac": null, "coord_x": 385409.62737, "coord_y": 592202.33143000002, "Commune": "Adjamé", "Nbre_bacs": 4, "Statut": "actif", "Capacite": "1100", "Num_Circui": "CDSM-124" }, "geometry": { "type": "Point", "coordinates": [ -4.0310371426, 5.3536537758 ] } },
{ "type": "Feature", "properties": { "fid": 2044, "Date": null, "repere": "Lycée Nangui", "code_bac": null, "coord_x": 385409.62737, "coord_y": 592202.33143000002, "Commune": "Adjamé", "Nbre_bacs": 2, "Statut": "actif", "Capacite": "1100", "Num_Circui": "CDSM-112" }, "geometry": { "type": "Point", "coordinates": [ -4.0244918509, 5.3473663709 ] } },
{ "type": "Feature", "properties": { "fid": 2045, "Date": null, "repere": "Indenié sapeur pompier garage", "code_bac": null, "coord_x": 385409.62737, "coord_y": 592202.33143000002, "Commune": "Adjamé", "Nbre_bacs": 1, "Statut": "actif", "Capacite": "1100", "Num_Circui": "CDSM-124" }, "geometry": { "type": "Point", "coordinates": [ -4.0209249932, 5.3494331141 ] } },
{ "type": "Feature", "properties": { "fid": 2046, "Date": null, "repere": "Cité fairmon pharmacie Christ Stella", "code_bac": null, "coord_x": 385409.62737, "coord_y": 592202.33143000002, "Commune": "Adjamé", "Nbre_bacs": 1, "Statut": "actif", "Capacite": "1100", "Num_Circui": "CDSM-124" }, "geometry": { "type": "Point", "coordinates": [ -4.0207433814, 5.349157064 ] } },
{ "type": "Feature", "properties": { "fid": 2047, "Date": null, "repere": "Mairie", "code_bac": null, "coord_x": 385409.62737, "coord_y": 592202.33143000002, "Commune": "Adjamé", "Nbre_bacs": 1, "Statut": "actif", "Capacite": "1100", "Num_Circui": "CDSM-111" }, "geometry": { "type": "Point", "coordinates": [ -4.0268055867, 5.3429749953 ] } },
{ "type": "Feature", "properties": { "fid": 2048, "Date": null, "repere": "Indenié sapeur pompier piscine", "code_bac": null, "coord_x": 385409.62737, "coord_y": 592202.33143000002, "Commune": "Adjamé", "Nbre_bacs": 1, "Statut": "actif", "Capacite": "1100", "Num_Circui": "CDSM-111" }, "geometry": { "type": "Point", "coordinates": [ -4.0191778877, 5.3414203966 ] } },
{ "type": "Feature", "properties": { "fid": 2049, "Date": null, "repere": "Indenié sapeur pompier garage", "code_bac": null, "coord_x": 385409.62737, "coord_y": 592202.33143000002, "Commune": "Adjamé", "Nbre_bacs": 1, "Statut": "actif", "Capacite": "1100", "Num_Circui": "CDSM-111" }, "geometry": { "type": "Point", "coordinates": [ -4.0199188641, 5.3425100681 ] } },
{ "type": "Feature", "properties": { "fid": 2051, "Date": null, "repere": "Fraternité matin", "code_bac": null, "coord_x": 385409.62737, "coord_y": 592202.33143000002, "Commune": "Adjamé", "Nbre_bacs": 1, "Statut": "actif", "Capacite": "800", "Num_Circui": "CDSM-111" }, "geometry": { "type": "Point", "coordinates": [ -4.0186403163, 5.3432946314 ] } },
{ "type": "Feature", "properties": { "fid": 2052, "Date": null, "repere": "Mairie technique", "code_bac": null, "coord_x": 385409.62737, "coord_y": 592202.33143000002, "Commune": "Adjamé", "Nbre_bacs": 1, "Statut": "actif", "Capacite": "1100", "Num_Circui": "CDSM-111" }, "geometry": { "type": "Point", "coordinates": [ -4.0185531427, 5.3430185813 ] } },
{ "type": "Feature", "properties": { "fid": 2053, "Date": "2026-07-09", "repere": "Mairie", "code_bac": null, "coord_x": 385104.356, "coord_y": 589204.18, "Commune": "Attécoubé", "Nbre_bacs": 1, "Statut": "actif", "Capacite": "800", "Num_Circui": "CDSM-109" }, "geometry": { "type": "Point", "coordinates": [ -4.0337882477, 5.3479436329 ] } },
{ "type": "Feature", "properties": { "fid": 2056, "Date": "2025-01-24", "repere": "Western union", "code_bac": "1524_1527", "coord_x": 383112.78309600003, "coord_y": 590340.39096600004, "Commune": "Yopougon", "Nbre_bacs": 0, "Statut": "supprimé", "Capacite": "1100", "Num_Circui": "CDSM-110" }, "geometry": { "type": "Point", "coordinates": [ -4.0560927765, 5.3396200003 ] } },
{ "type": "Feature", "properties": { "fid": 2061, "Date": "2026-07-10", "repere": "Lycée municipal 2", "code_bac": "3109_3195", "coord_x": 385104.356, "coord_y": 589204.18, "Commune": "Attécoubé", "Nbre_bacs": 3, "Statut": "actif", "Capacite": "1100", "Num_Circui": "CDSM-110" }, "geometry": { "type": "Point", "coordinates": [ -4.0343053412, 5.3136716948 ] } },
{ "type": "Feature", "properties": { "fid": 2062, "Date": "2026-07-10", "repere": "Lycée municipal 2", "code_bac": "3109_3195", "coord_x": 385104.356, "coord_y": 589204.18, "Commune": "Attécoubé", "Nbre_bacs": 1, "Statut": "actif", "Capacite": "800", "Num_Circui": "CDSM-110" }, "geometry": { "type": "Point", "coordinates": [ -4.0343053412, 5.3136716948 ] } },
{ "type": "Feature", "properties": { "fid": 2063, "Date": "2026-07-16", "repere": "Comissariat 19ème toit rouge ", "code_bac": null, "coord_x": 382723.674, "coord_y": 589237.839, "Commune": "Yopougon", "Nbre_bacs": 1, "Statut": "actif", "Capacite": "800", "Num_Circui": "CDSM-105" }, "geometry": { "type": "Point", "coordinates": [ -4.0504312926, 5.3272177503 ] } },
{ "type": "Feature", "properties": { "fid": 2067, "Date": "2026-07-16", "repere": "Resto du parc", "code_bac": null, "coord_x": 384028.77717999998, "coord_y": 592591.477831, "Commune": "Attécoubé", "Nbre_bacs": 0, "Statut": "supprimé", "Capacite": "1100", "Num_Circui": "CDSM-122" }, "geometry": { "type": "Point", "coordinates": [ -4.0429160647, 5.3618053263 ] } },
{ "type": "Feature", "properties": { "fid": 2068, "Date": "2026-07-10", "repere": "Plaque Orange", "code_bac": null, "coord_x": 382774.428, "coord_y": 592409.915, "Commune": "Attécoubé", "Nbre_bacs": 2, "Statut": "actif", "Capacite": "1100", "Num_Circui": "CDSM-107" }, "geometry": { "type": "Point", "coordinates": [ -4.0568264356, 5.3582821054 ] } },
{ "type": "Feature", "properties": { "fid": 2069, "Date": null, "repere": "Ecole primaire Sicogi 8", "code_bac": "0704", "coord_x": 382976.491, "coord_y": 590308.957, "Commune": "Yopougon", "Nbre_bacs": 0, "Statut": "supprimé", "Capacite": "1100", "Num_Circui": "Hors-CDSM" }, "geometry": { "type": "Point", "coordinates": [ -4.0585796512, 5.3363588828 ] } },
{ "type": "Feature", "properties": { "fid": 2070, "Date": null, "repere": "Ecole primaire Sicogi 8", "code_bac": "0704", "coord_x": 382976.491, "coord_y": 590308.957, "Commune": "Yopougon", "Nbre_bacs": 0, "Statut": "supprimé", "Capacite": "1100", "Num_Circui": "Hors-CDSM" }, "geometry": { "type": "Point", "coordinates": [ -4.0587903209, 5.3359883945 ] } },
{ "type": "Feature", "properties": { "fid": 2071, "Date": "2026-07-16", "repere": "Collège Sona ", "code_bac": "1434", "coord_x": 382349.854, "coord_y": 589303.257, "Commune": "Yopougon", "Nbre_bacs": 2, "Statut": "actif", "Capacite": "1100", "Num_Circui": "CDSM-102" }, "geometry": { "type": "Point", "coordinates": [ -4.0620043339, 5.3306986156 ] } },
{ "type": "Feature", "properties": { "fid": 2072, "Date": "2026-07-17", "repere": "Sapeur pompier", "code_bac": "1434", "coord_x": 382349.854, "coord_y": 589303.257, "Commune": "Yopougon", "Nbre_bacs": 3, "Statut": "actif", "Capacite": "1100", "Num_Circui": "Hors-CDSM" }, "geometry": { "type": "Point", "coordinates": [ -4.0605555249, 5.3302786381 ] } },
{ "type": "Feature", "properties": { "fid": 2076, "Date": "2025-01-24", "repere": "Plaque Guiness", "code_bac": "0600_0790_0008", "coord_x": 386424.721, "coord_y": 592940.615, "Commune": "Adjamé", "Nbre_bacs": 2, "Statut": "actif", "Capacite": "1100", "Num_Circui": "CDSM-111; CDSM-123" }, "geometry": { "type": "Point", "coordinates": [ -4.0290395029, 5.3705790198 ] } },
{ "type": "Feature", "properties": { "fid": 2077, "Date": "2025-01-24", "repere": "Pont piéton shell Agban", "code_bac": "0600_0790_0008", "coord_x": 386424.721, "coord_y": 592940.615, "Commune": "Adjamé", "Nbre_bacs": 2, "Statut": "actif", "Capacite": "1100", "Num_Circui": "CDSM-111; CDSM-123" }, "geometry": { "type": "Point", "coordinates": [ -4.0255598189, 5.3634598331 ] } },
{ "type": "Feature", "properties": { "fid": 2078, "Date": "2025-07-03", "repere": "Préfecture de police anti drogue", "code_bac": "0488", "coord_x": 386354.93128600001, "coord_y": 595329.8363369999, "Commune": "Adjamé", "Nbre_bacs": 1, "Statut": "actif", "Capacite": "1100", "Num_Circui": "Hors-CDSM" }, "geometry": { "type": "Point", "coordinates": [ -4.0247334352, 5.3848949669 ] } },
{ "type": "Feature", "properties": { "fid": 2079, "Date": "2023-11-12", "repere": "Paillet Bloc MTN", "code_bac": "0807", "coord_x": 387480.201, "coord_y": 594365.939, "Commune": "Adjamé", "Nbre_bacs": 1, "Statut": "actif", "Capacite": "800", "Num_Circui": "CDSM-123" }, "geometry": { "type": "Point", "coordinates": [ -4.0155728251, 5.3764114947 ] } },
{ "type": "Feature", "properties": { "fid": 2081, "Date": "2026-07-08", "repere": "Dépot de ciment chez Chris", "code_bac": null, "coord_x": 370238.27927784203, "coord_y": 590337.53132733842, "Commune": "Songon", "Nbre_bacs": 1, "Statut": "actif", "Capacite": "800", "Num_Circui": "CDSM-101" }, "geometry": { "type": "Point", "coordinates": [ -4.1778226639, 5.3430578316 ] } },
{ "type": "Feature", "properties": { "fid": 2082, "Date": "2026-07-07", "repere": "Carrefour Adapté ", "code_bac": null, "coord_x": 368098.24862612842, "coord_y": 588627.84003061452, "Commune": "Songon", "Nbre_bacs": 1, "Statut": "actif", "Capacite": "1100", "Num_Circui": "CDSM-101" }, "geometry": { "type": "Point", "coordinates": [ -4.190385, 5.3241966667 ] } },
{ "type": "Feature", "properties": { "fid": 2083, "Date": "2026-07-07", "repere": "Intérieur Sous-préfectures ", "code_bac": null, "coord_x": 366881.8184542206, "coord_y": 588073.50623977568, "Commune": "Songon", "Nbre_bacs": 1, "Statut": "actif", "Capacite": "800", "Num_Circui": "CDSM-101" }, "geometry": { "type": "Point", "coordinates": [ -4.2013516667, 5.3191616667 ] } },
{ "type": "Feature", "properties": { "fid": 2084, "Date": "2026-07-08", "repere": "Immeuble Rose", "code_bac": null, "coord_x": 368901.18952806282, "coord_y": 592393.00712057517, "Commune": "Songon", "Nbre_bacs": 1, "Statut": "actif", "Capacite": "1100", "Num_Circui": "CDSM-101" }, "geometry": { "type": "Point", "coordinates": [ -4.183205, 5.358265 ] } },
{ "type": "Feature", "properties": { "fid": 2085, "Date": "2026-07-08", "repere": "Terre rouge", "code_bac": null, "coord_x": 362448.33262671193, "coord_y": 586436.68288355181, "Commune": "Songon", "Nbre_bacs": 1, "Statut": "actif", "Capacite": "1100", "Num_Circui": "CDSM-101" }, "geometry": { "type": "Point", "coordinates": [ -4.2413266667, 5.3042783333 ] } },
{ "type": "Feature", "properties": { "fid": 2086, "Date": "2026-07-08", "repere": "Maison blanche Dagbé", "code_bac": null, "coord_x": 363674.03593503416, "coord_y": 587805.61570952018, "Commune": "Songon", "Nbre_bacs": 1, "Statut": "actif", "Capacite": "1100", "Num_Circui": "CDSM-101" }, "geometry": { "type": "Point", "coordinates": [ -4.2302916667, 5.3166816667 ] } },
{ "type": "Feature", "properties": { "fid": 2087, "Date": "2026-07-09", "repere": "Église Temple Béthel ", "code_bac": null, "coord_x": 372650.88186463586, "coord_y": 589570.23104928143, "Commune": "Songon", "Nbre_bacs": 1, "Statut": "actif", "Capacite": "1100", "Num_Circui": "CDSM-101" }, "geometry": { "type": "Point", "coordinates": [ -4.14932, 5.3327983333 ] } },
{ "type": "Feature", "properties": { "fid": 2088, "Date": "2026-07-09", "repere": "Mairie Annexe", "code_bac": null, "coord_x": 384764.33410199999, "coord_y": 591616.93145599996, "Commune": "Attécoubé", "Nbre_bacs": 1, "Statut": "actif", "Capacite": "1100", "Num_Circui": "CDSM-109; CDSM-122" }, "geometry": { "type": "Point", "coordinates": [ -4.0405215588, 5.346929787 ] } },
{ "type": "Feature", "properties": { "fid": 2089, "Date": "2026-07-10", "repere": "Lycée Municipal 1", "code_bac": "3109_3195", "coord_x": 385104.356, "coord_y": 589204.18, "Commune": "Attécoubé", "Nbre_bacs": 2, "Statut": "actif", "Capacite": "240", "Num_Circui": "CDSM-110" }, "geometry": { "type": "Point", "coordinates": [ -4.0342616667, 5.3141533333 ] } },
{ "type": "Feature", "properties": { "fid": 2090, "Date": "2026-07-13", "repere": "En face du complexe restaurant Pico", "code_bac": null, "coord_x": 382307.13851363672, "coord_y": 590537.80321565003, "Commune": "Yopougon", "Nbre_bacs": 1, "Statut": "actif", "Capacite": "1100", "Num_Circui": "CDSM-102" }, "geometry": { "type": "Point", "coordinates": [ -4.0621983333, 5.3417066667 ] } },
{ "type": "Feature", "properties": { "fid": 2092, "Date": "2026-07-16", "repere": "Gare bacongo", "code_bac": null, "coord_x": 385354.82382684387, "coord_y": 592477.13900105981, "Commune": "Attécoubé", "Nbre_bacs": 3, "Statut": "actif", "Capacite": "1100", "Num_Circui": "CDSM-122" }, "geometry": { "type": "Point", "coordinates": [ -4.034725, 5.359295 ] } },
{ "type": "Feature", "properties": { "fid": 2093, "Date": "2026-07-16", "repere": "Marché fruit ", "code_bac": null, "coord_x": 384843.79307682184, "coord_y": 592577.44833672489, "Commune": "Attécoubé", "Nbre_bacs": 2, "Statut": "actif", "Capacite": "1100", "Num_Circui": "CDSM-112" }, "geometry": { "type": "Point", "coordinates": [ -4.0393383071, 5.3601944853 ] } },
{ "type": "Feature", "properties": { "fid": 2094, "Date": "2026-07-16", "repere": "Intérieur Banco", "code_bac": null, "coord_x": 383402.71153723536, "coord_y": 595266.5355247797, "Commune": "Attécoubé", "Nbre_bacs": 1, "Statut": "actif", "Capacite": "1100", "Num_Circui": "Hors-CDSM" }, "geometry": { "type": "Point", "coordinates": [ -4.052385, 5.384495 ] } },
{ "type": "Feature", "properties": { "fid": 2095, "Date": "2026-07-16", "repere": "Intérieur banco Domaine bini", "code_bac": null, "coord_x": 383442.66421093856, "coord_y": 595418.28164575808, "Commune": "Attécoubé", "Nbre_bacs": 1, "Statut": "actif", "Capacite": "1100", "Num_Circui": "Hors-CDSM" }, "geometry": { "type": "Point", "coordinates": [ -4.0520267961, 5.3858681632 ] } },
{ "type": "Feature", "properties": { "fid": 2096, "Date": "2026-07-16", "repere": "Centre de formation naval ", "code_bac": null, "coord_x": 384876.72368249571, "coord_y": 590883.36725232191, "Commune": "Attécoubé", "Nbre_bacs": 1, "Statut": "actif", "Capacite": "1100", "Num_Circui": "CDSM-109; CDSM-122" }, "geometry": { "type": "Point", "coordinates": [ -4.0390152614, 5.3448719828 ] } },
{ "type": "Feature", "properties": { "fid": 2099, "Date": "2026-07-09", "repere": "Entreprise fruitière", "code_bac": "1078", "coord_x": 379229.32538, "coord_y": 597506.015258, "Commune": "Yopougon", "Nbre_bacs": 1, "Statut": "actif", "Capacite": "800", "Num_Circui": "CDSM-112" }, "geometry": { "type": "Point", "coordinates": [ -4.0902676368, 5.4051551369 ] } },
{ "type": "Feature", "properties": { "fid": 2100, "Date": "2026-07-09", "repere": "Entreprise Salf", "code_bac": "11077", "coord_x": 379222.70871400001, "coord_y": 597459.69251800003, "Commune": "Yopougon", "Nbre_bacs": 1, "Statut": "actif", "Capacite": "1100", "Num_Circui": "CDSM-112" }, "geometry": { "type": "Point", "coordinates": [ -4.0901241234, 5.4041213647 ] } },
{ "type": "Feature", "properties": { "fid": 2101, "Date": "2026-07-09", "repere": "Eco-tisa", "code_bac": "11077", "coord_x": 379222.70871400001, "coord_y": 597459.69251800003, "Commune": "Yopougon", "Nbre_bacs": 1, "Statut": "actif", "Capacite": "800", "Num_Circui": "CDSM-112" }, "geometry": { "type": "Point", "coordinates": [ -4.0905273418, 5.4075015628 ] } },
{ "type": "Feature", "properties": { "fid": 2102, "Date": "2026-07-09", "repere": "Cité Ado jardin", "code_bac": "0275", "coord_x": 379457.786, "coord_y": 596822.77, "Commune": "Yopougon", "Nbre_bacs": 2, "Statut": "actif", "Capacite": "1100", "Num_Circui": "Hors-CDSM" }, "geometry": { "type": "Point", "coordinates": [ -4.0877080801, 5.3984437496 ] } },
{ "type": "Feature", "properties": { "fid": 2103, "Date": "2026-07-09", "repere": "Cité Ado marché", "code_bac": "0333", "coord_x": 379659.618, "coord_y": 596925.972, "Commune": "Yopougon", "Nbre_bacs": 3, "Statut": "actif", "Capacite": "1100", "Num_Circui": "Hors-CDSM" }, "geometry": { "type": "Point", "coordinates": [ -4.0861920893, 5.3994451012 ] } },
{ "type": "Feature", "properties": { "fid": 2104, "Date": "2026-07-09", "repere": "Cité Ado Société de Construction", "code_bac": null, "coord_x": 379601.716, "coord_y": 597043.414, "Commune": "Yopougon", "Nbre_bacs": 2, "Statut": "actif", "Capacite": "1100", "Num_Circui": "Hors-CDSM" }, "geometry": { "type": "Point", "coordinates": [ -4.0867786501, 5.4004353815 ] } },
{ "type": "Feature", "properties": { "fid": 2105, "Date": "2026-07-09", "repere": "Cité Ado Boutique", "code_bac": "0520", "coord_x": 379513.926, "coord_y": 597038.697, "Commune": "Yopougon", "Nbre_bacs": 1, "Statut": "actif", "Capacite": "1100", "Num_Circui": "Hors-CDSM" }, "geometry": { "type": "Point", "coordinates": [ -4.0875087617, 5.4004623329 ] } },
{ "type": "Feature", "properties": { "fid": 2106, "Date": "2026-07-09", "repere": "Cité Ado au portail ", "code_bac": "0066", "coord_x": 379384.459, "coord_y": 596941.216, "Commune": "Yopougon", "Nbre_bacs": 2, "Statut": "actif", "Capacite": "1100", "Num_Circui": "Hors-CDSM" }, "geometry": { "type": "Point", "coordinates": [ -4.0892835063, 5.3994865279 ] } },
{ "type": "Feature", "properties": { "fid": 2107, "Date": "2026-07-09", "repere": "Entrée Cité Ado", "code_bac": "1", "coord_x": 379663.43921300001, "coord_y": 597120.72723600001, "Commune": "Yopougon", "Nbre_bacs": 1, "Statut": "actif", "Capacite": "1100", "Num_Circui": "CDSM-112" }, "geometry": { "type": "Point", "coordinates": [ -4.0861611842, 5.4012562891 ] } },
{ "type": "Feature", "properties": { "fid": 2108, "Date": "2026-07-09", "repere": "Cité Ado Box Orange", "code_bac": "0772", "coord_x": 379607.62, "coord_y": 596807.95, "Commune": "Yopougon", "Nbre_bacs": 2, "Statut": "actif", "Capacite": "1100", "Num_Circui": "Hors-CDSM" }, "geometry": { "type": "Point", "coordinates": [ -4.0866594605, 5.3983767654 ] } },
{ "type": "Feature", "properties": { "fid": 2109, "Date": "2026-07-09", "repere": "Cité Ado Terrain", "code_bac": "0424", "coord_x": 379770.802, "coord_y": 596907.93, "Commune": "Yopougon", "Nbre_bacs": 1, "Statut": "actif", "Capacite": "1100", "Num_Circui": "Hors-CDSM" }, "geometry": { "type": "Point", "coordinates": [ -4.0845964119, 5.3996660829 ] } },
{ "type": "Feature", "properties": { "fid": 2110, "Date": "2026-07-09", "repere": "Orabank Simpo", "code_bac": null, "coord_x": 380367.36265000002, "coord_y": 593693.29796899995, "Commune": "Yopougon", "Nbre_bacs": 2, "Statut": "actif", "Capacite": "1100", "Num_Circui": "CDSM-112" }, "geometry": { "type": "Point", "coordinates": [ -4.0798654365, 5.3700278862 ] } },
{ "type": "Feature", "properties": { "fid": 2111, "Date": "2026-07-09", "repere": "Zone Station Ola", "code_bac": null, "coord_x": 380251.14244800003, "coord_y": 593543.90468299994, "Commune": "Yopougon", "Nbre_bacs": 1, "Statut": "actif", "Capacite": "1100", "Num_Circui": "CDSM-112" }, "geometry": { "type": "Point", "coordinates": [ -4.0807996013, 5.3688641815 ] } },
{ "type": "Feature", "properties": { "fid": 2112, "Date": "2026-07-09", "repere": "Cimaf Terre Rouge", "code_bac": "1408_1469", "coord_x": 380433.58965600003, "coord_y": 595898.62572300003, "Commune": "Yopougon", "Nbre_bacs": 2, "Statut": "actif", "Capacite": "1100", "Num_Circui": "CDSM-112" }, "geometry": { "type": "Point", "coordinates": [ -4.0790710535, 5.3902022176 ] } },
{ "type": "Feature", "properties": { "fid": 2113, "Date": "2026-07-09", "repere": "Sodefor (Boutique bonnet rouge)", "code_bac": "1472", "coord_x": 380782.20473599999, "coord_y": 595331.74587099999, "Commune": "Yopougon", "Nbre_bacs": 3, "Statut": "actif", "Capacite": "1100", "Num_Circui": "CDSM-112" }, "geometry": { "type": "Point", "coordinates": [ -4.0760354418, 5.3850435046 ] } },
{ "type": "Feature", "properties": { "fid": 2114, "Date": "2026-07-09", "repere": "Après Station Orix", "code_bac": "1536", "coord_x": 380616.60020799993, "coord_y": 594245.65012000001, "Commune": "Yopougon", "Nbre_bacs": 1, "Statut": "actif", "Capacite": "1100", "Num_Circui": "CDSM-112" }, "geometry": { "type": "Point", "coordinates": [ -4.07751269, 5.3752172299 ] } },
{ "type": "Feature", "properties": { "fid": 2115, "Date": "2026-07-09", "repere": "Pont piéton voie maca", "code_bac": null, "coord_x": 380821.08336300001, "coord_y": 594686.02416100004, "Commune": "Yopougon", "Nbre_bacs": 1, "Statut": "actif", "Capacite": "1100", "Num_Circui": "CDSM-112" }, "geometry": { "type": "Point", "coordinates": [ -4.0756631354, 5.379016455 ] } },
{ "type": "Feature", "properties": { "fid": 2116, "Date": "2026-07-09", "repere": "Antenne (Immeuble Juster)", "code_bac": "1462", "coord_x": 380822.80415799998, "coord_y": 594821.95614499995, "Commune": "Yopougon", "Nbre_bacs": 3, "Statut": "actif", "Capacite": "1100", "Num_Circui": "CDSM-112" }, "geometry": { "type": "Point", "coordinates": [ -4.0753523452, 5.3806554039 ] } },
{ "type": "Feature", "properties": { "fid": 2117, "Date": "2026-07-09", "repere": "Feu de simpo", "code_bac": "1537_1535", "coord_x": 380312.84251300001, "coord_y": 593645.85638400004, "Commune": "Yopougon", "Nbre_bacs": 1, "Statut": "actif", "Capacite": "1100", "Num_Circui": "CDSM-112" }, "geometry": { "type": "Point", "coordinates": [ -4.0802444145, 5.3697873093 ] } },
{ "type": "Feature", "properties": { "fid": 2118, "Date": "2026-07-09", "repere": "Cité Maca", "code_bac": "1483", "coord_x": 380786.58956651913, "coord_y": 595753.71036505455, "Commune": "Yopougon", "Nbre_bacs": 2, "Statut": "actif", "Capacite": "1100", "Num_Circui": "Hors-CDSM" }, "geometry": { "type": "Point", "coordinates": [ -4.0761377279, 5.3888738233 ] } },
{ "type": "Feature", "properties": { "fid": 2119, "Date": "2024-05-27", "repere": "Intérieur Maca", "code_bac": "1467", "coord_x": 380752.19660132064, "coord_y": 595784.8617844414, "Commune": "Yopougon", "Nbre_bacs": 1, "Statut": "actif", "Capacite": "800", "Num_Circui": "Hors-CDSM" }, "geometry": { "type": "Point", "coordinates": [ -4.0763134696, 5.3891414171 ] } },
{ "type": "Feature", "properties": { "fid": 2121, "Date": "2023-12-15", "repere": "portail entré", "code_bac": "1109", "coord_x": 379215.180437, "coord_y": 597933.24789300002, "Commune": "Yopougon", "Nbre_bacs": 1, "Statut": "actif", "Capacite": "1100", "Num_Circui": "CDSM-112" }, "geometry": { "type": "Point", "coordinates": [ -4.0902892797, 5.4085330405 ] } },
{ "type": "Feature", "properties": { "fid": 2122, "Date": "2025-07-09", "repere": "Entrée parking", "code_bac": "1109", "coord_x": 379215.180437, "coord_y": 597933.24789300002, "Commune": "Yopougon", "Nbre_bacs": 1, "Statut": "actif", "Capacite": "1100", "Num_Circui": "CDSM-112" }, "geometry": { "type": "Point", "coordinates": [ -4.0905135188, 5.4085939047 ] } },
{ "type": "Feature", "properties": { "fid": 2141, "Date": "2026-07-09", "repere": "SODIMAD-CI", "code_bac": "11077", "coord_x": 379222.70871400001, "coord_y": 597459.69251800003, "Commune": "Yopougon", "Nbre_bacs": 1, "Statut": "actif", "Capacite": "1100", "Num_Circui": "CDSM-112" }, "geometry": { "type": "Point", "coordinates": [ -4.0897298264, 5.40276373 ] } },
{ "type": "Feature", "properties": { "fid": 2142, "Date": "2026-07-09", "repere": "Au Garage Simi", "code_bac": "1408_1469", "coord_x": 380433.58965600003, "coord_y": 595898.62572300003, "Commune": "Yopougon", "Nbre_bacs": 1, "Statut": "actif", "Capacite": "1100", "Num_Circui": "CDSM-112" }, "geometry": { "type": "Point", "coordinates": [ -4.0809136238, 5.3929730661 ] } },
{ "type": "Feature", "properties": { "fid": 2143, "Date": "2026-07-09", "repere": "Garage voie Maca", "code_bac": "1536", "coord_x": 380616.60020799993, "coord_y": 594245.65012000001, "Commune": "Yopougon", "Nbre_bacs": 1, "Statut": "actif", "Capacite": "1100", "Num_Circui": "CDSM-112" }, "geometry": { "type": "Point", "coordinates": [ -4.0764231643, 5.3763863748 ] } },
{ "type": "Feature", "properties": { "fid": 2144, "Date": "2026-07-09", "repere": "devant Maca", "code_bac": "1483", "coord_x": 380786.58956651913, "coord_y": 595753.71036505455, "Commune": "Yopougon", "Nbre_bacs": 1, "Statut": "actif", "Capacite": "1100", "Num_Circui": "Hors-CDSM" }, "geometry": { "type": "Point", "coordinates": [ -4.0764469709, 5.3891301565 ] } },
{ "type": "Feature", "properties": { "fid": 2145, "Date": "2026-07-08", "repere": " Pays-bas GS Hélène ", "code_bac": "0571_1059_0693", "coord_x": 377361.993, "coord_y": 593636.719, "Commune": "Yopougon", "Nbre_bacs": 1, "Statut": "actif", "Capacite": "1100", "Num_Circui": "CDSM-107; CDSM-112" }, "geometry": { "type": "Point", "coordinates": [ -4.1072763141, 5.3698469519 ] } },
{ "type": "Feature", "properties": { "fid": 2146, "Date": "2026-07-08", "repere": "Gesco Gendarmerie", "code_bac": "0245_0243", "coord_x": 377872.216, "coord_y": 593392.801, "Commune": "Yopougon", "Nbre_bacs": 2, "Statut": "actif", "Capacite": "1100", "Num_Circui": "CDSM-107; CDSM-112" }, "geometry": { "type": "Point", "coordinates": [ -4.1025519555, 5.3669702264 ] } },
{ "type": "Feature", "properties": { "fid": 2147, "Date": "2026-07-08", "repere": "BAE attélier de couture", "code_bac": "000", "coord_x": 379677.56142500002, "coord_y": 592625.07864800014, "Commune": "Yopougon", "Nbre_bacs": 1, "Statut": "actif", "Capacite": "1100", "Num_Circui": "Hors-CDSM" }, "geometry": { "type": "Point", "coordinates": [ -4.0863904852, 5.3621701218 ] } },
{ "type": "Feature", "properties": { "fid": 2148, "Date": "2026-07-08", "repere": "BAE Section Musique ", "code_bac": null, "coord_x": 379677.56142500002, "coord_y": 592625.07864800014, "Commune": "Yopougon", "Nbre_bacs": 1, "Statut": "actif", "Capacite": "1100", "Num_Circui": "CDSM-112" }, "geometry": { "type": "Point", "coordinates": [ -4.0850677213, 5.3631116565 ] } },
{ "type": "Feature", "properties": { "fid": 2149, "Date": "2026-07-08", "repere": "Eglise Saint Jean Baptiste", "code_bac": "0887", "coord_x": 379615.959, "coord_y": 592328.653, "Commune": "Yopougon", "Nbre_bacs": 1, "Statut": "actif", "Capacite": "240", "Num_Circui": "Hors-CDSM" }, "geometry": { "type": "Point", "coordinates": [ -4.0926220685, 5.3614295973 ] } },
{ "type": "Feature", "properties": { "fid": 2150, "Date": "2026-07-08", "repere": "Bureau ONG Caristas", "code_bac": "0887", "coord_x": 379615.959, "coord_y": 592328.653, "Commune": "Yopougon", "Nbre_bacs": 1, "Statut": "actif", "Capacite": "1100", "Num_Circui": "Hors-CDSM" }, "geometry": { "type": "Point", "coordinates": [ -4.0929443168, 5.3614511153 ] } },
{ "type": "Feature", "properties": { "fid": 2151, "Date": "2026-07-08", "repere": "Groupe Scolaire Mami Adjou ", "code_bac": "0887", "coord_x": 379615.959, "coord_y": 592328.653, "Commune": "Yopougon", "Nbre_bacs": 2, "Statut": "actif", "Capacite": "1100", "Num_Circui": "Hors-CDSM" }, "geometry": { "type": "Point", "coordinates": [ -4.0947073867, 5.3615129611 ] } },
{ "type": "Feature", "properties": { "fid": 2152, "Date": "2026-07-09", "repere": "Zone industriel trésor", "code_bac": "0887", "coord_x": 379615.959, "coord_y": 592328.653, "Commune": "Yopougon", "Nbre_bacs": 2, "Statut": "actif", "Capacite": "1100", "Num_Circui": "Hors-CDSM" }, "geometry": { "type": "Point", "coordinates": [ -4.0908681111, 5.3687465633 ] } },
{ "type": "Feature", "properties": { "fid": 2153, "Date": "2026-07-09", "repere": "Commissaire du 38ème arrondissemtent", "code_bac": "0887", "coord_x": 379615.959, "coord_y": 592328.653, "Commune": "Yopougon", "Nbre_bacs": 3, "Statut": "actif", "Capacite": "1100", "Num_Circui": "Hors-CDSM" }, "geometry": { "type": "Point", "coordinates": [ -4.0944113593, 5.3783574652 ] } },
{ "type": "Feature", "properties": { "fid": 2154, "Date": "2026-07-08", "repere": "Entrée BAE ", "code_bac": null, "coord_x": 379772.95043190289, "coord_y": 592657.69019039755, "Commune": "Yopougon", "Nbre_bacs": 1, "Statut": "actif", "Capacite": "800", "Num_Circui": "Hors-CDSM" }, "geometry": { "type": "Point", "coordinates": [ -4.0851008623, 5.3608408219 ] } },
{ "type": "Feature", "properties": { "fid": 2155, "Date": "2026-07-08", "repere": "BAE Section Musique ", "code_bac": null, "coord_x": 379677.56142500002, "coord_y": 592625.07864800014, "Commune": "Yopougon", "Nbre_bacs": 1, "Statut": "actif", "Capacite": "240", "Num_Circui": "CDSM-112" }, "geometry": { "type": "Point", "coordinates": [ -4.0850597242, 5.3631163265 ] } },
{ "type": "Feature", "properties": { "fid": 2156, "Date": "2026-07-08", "repere": "Terrain de basket ", "code_bac": null, "coord_x": 379297.25540588173, "coord_y": 592943.61757550156, "Commune": "Yopougon", "Nbre_bacs": 1, "Statut": "actif", "Capacite": "800", "Num_Circui": "Hors-CDSM" }, "geometry": { "type": "Point", "coordinates": [ -4.0893982757, 5.3634193702 ] } },
{ "type": "Feature", "properties": { "fid": 2157, "Date": "2026-07-08", "repere": "Gare UTB", "code_bac": "1032_1521", "coord_x": 379768.892, "coord_y": 592471.62, "Commune": "Yopougon", "Nbre_bacs": 3, "Statut": "actif", "Capacite": "1100", "Num_Circui": "CDSM-106" }, "geometry": { "type": "Point", "coordinates": [ -4.0851345134, 5.3591577734 ] } },
{ "type": "Feature", "properties": { "fid": 2158, "Date": "2026-07-08", "repere": "Gare SBTA", "code_bac": "0686_0243", "coord_x": 379728.991, "coord_y": 592481.026, "Commune": "Yopougon", "Nbre_bacs": 3, "Statut": "actif", "Capacite": "1100", "Num_Circui": "CDSM-106" }, "geometry": { "type": "Point", "coordinates": [ -4.085494743, 5.3592422089 ] } },
{ "type": "Feature", "properties": { "fid": 2159, "Date": "2026-07-17", "repere": "Uniwax", "code_bac": null, "coord_x": 380529.88303800003, "coord_y": 592705.71249599999, "Commune": "Yopougon", "Nbre_bacs": 1, "Statut": "actif", "Capacite": "1100", "Num_Circui": "CDSM-103; CDSM-107; CDSM-112" }, "geometry": { "type": "Point", "coordinates": [ -4.0778223406, 5.3611201526 ] } },
{ "type": "Feature", "properties": { "fid": 2160, "Date": "2026-07-13", "repere": "face Sation Shell", "code_bac": "1480_1540", "coord_x": 380101.09497799998, "coord_y": 592954.46318199998, "Commune": "Yopougon", "Nbre_bacs": 2, "Statut": "actif", "Capacite": "1100", "Num_Circui": "CDSM-103; CDSM-107; CDSM-112" }, "geometry": { "type": "Point", "coordinates": [ -4.0803704939, 5.3624466903 ] } },
{ "type": "Feature", "properties": { "fid": 2161, "Date": "2026-07-13", "repere": "face Sation Ola", "code_bac": "1480_1540", "coord_x": 380101.09497799998, "coord_y": 592954.46318199998, "Commune": "Yopougon", "Nbre_bacs": 1, "Statut": "actif", "Capacite": "1100", "Num_Circui": "CDSM-103; CDSM-107; CDSM-112" }, "geometry": { "type": "Point", "coordinates": [ -4.0814656137, 5.362655544 ] } },
{ "type": "Feature", "properties": { "fid": 2162, "Date": "2026-07-08", "repere": "Carrefour Nouvelle Morgue", "code_bac": "0060", "coord_x": 375661.333, "coord_y": 590298.932, "Commune": "Yopougon", "Nbre_bacs": 1, "Statut": "actif", "Capacite": "1100", "Num_Circui": "CDSM-101" }, "geometry": { "type": "Point", "coordinates": [ -4.1221663608, 5.339439442 ] } },
{ "type": "Feature", "properties": { "fid": 2163, "Date": "2026-07-08", "repere": "Carrefour Nouvelle Morgue", "code_bac": "0060", "coord_x": 375661.333, "coord_y": 590298.932, "Commune": "Yopougon", "Nbre_bacs": 1, "Statut": "actif", "Capacite": "800", "Num_Circui": "CDSM-101" }, "geometry": { "type": "Point", "coordinates": [ -4.1221830535, 5.3394638871 ] } },
{ "type": "Feature", "properties": { "fid": 2164, "Date": "2026-07-08", "repere": "Paroisse Saint Pierre Niangon", "code_bac": "0454", "coord_x": 379475.831, "coord_y": 588698.53, "Commune": "Yopougon", "Nbre_bacs": 1, "Statut": "actif", "Capacite": "1100", "Num_Circui": "CDSM-108" }, "geometry": { "type": "Point", "coordinates": [ -4.0877189972, 5.3250259165 ] } },
{ "type": "Feature", "properties": { "fid": 2165, "Date": "2026-07-08", "repere": "Saint Pierre Resto Megusta", "code_bac": "0899", "coord_x": 379421.429, "coord_y": 588794.645, "Commune": "Yopougon", "Nbre_bacs": 2, "Statut": "actif", "Capacite": "1100", "Num_Circui": "CDSM-108" }, "geometry": { "type": "Point", "coordinates": [ -4.0882114432, 5.3258943978 ] } },
{ "type": "Feature", "properties": { "fid": 2166, "Date": "2026-07-10", "repere": "Niangon Sodeci Agefosyn", "code_bac": "0035", "coord_x": 379289.4, "coord_y": 588595.949, "Commune": "Yopougon", "Nbre_bacs": 1, "Statut": "actif", "Capacite": "1100", "Num_Circui": "CDSM-108" }, "geometry": { "type": "Point", "coordinates": [ -4.0893996795, 5.3240951064 ] } },
{ "type": "Feature", "properties": { "fid": 2167, "Date": "2026-07-08", "repere": "Sodeci Parc à voiture", "code_bac": "0792", "coord_x": 379385.126, "coord_y": 588574.623, "Commune": "Yopougon", "Nbre_bacs": 2, "Statut": "actif", "Capacite": "1100", "Num_Circui": "CDSM-108" }, "geometry": { "type": "Point", "coordinates": [ -4.0885355333, 5.3239037408 ] } },
{ "type": "Feature", "properties": { "fid": 2168, "Date": "2026-07-08", "repere": "Azito Tuyau Sodeci", "code_bac": "00", "coord_x": 379391.29339000001, "coord_y": 587271.36198399996, "Commune": "Yopougon", "Nbre_bacs": 5, "Statut": "actif", "Capacite": "1100", "Num_Circui": "CDSM-108" }, "geometry": { "type": "Point", "coordinates": [ -4.0885384114, 5.3124668627 ] } },
{ "type": "Feature", "properties": { "fid": 2169, "Date": "2026-07-08", "repere": "Carrefour Sainte Rita", "code_bac": "0336", "coord_x": 378367.026, "coord_y": 589009.65, "Commune": "Yopougon", "Nbre_bacs": 2, "Statut": "actif", "Capacite": "1100", "Num_Circui": "CDSM-108" }, "geometry": { "type": "Point", "coordinates": [ -4.0977296129, 5.3278221964 ] } },
{ "type": "Feature", "properties": { "fid": 2170, "Date": "2026-07-08", "repere": "Feu Saint Rita Marché", "code_bac": "0705", "coord_x": 378306.784, "coord_y": 589021.057, "Commune": "Yopougon", "Nbre_bacs": 2, "Statut": "actif", "Capacite": "1100", "Num_Circui": "CDSM-108" }, "geometry": { "type": "Point", "coordinates": [ -4.0982734119, 5.3279244023 ] } },
{ "type": "Feature", "properties": { "fid": 2171, "Date": "2026-07-08", "repere": "Mairie Annexe Texaco", "code_bac": "0743", "coord_x": 378987.647, "coord_y": 588908.056, "Commune": "Yopougon", "Nbre_bacs": 1, "Statut": "actif", "Capacite": "1100", "Num_Circui": "CDSM-108" }, "geometry": { "type": "Point", "coordinates": [ -4.0920996793, 5.3269635411 ] } },
{ "type": "Feature", "properties": { "fid": 2172, "Date": "2026-07-08", "repere": "Allocodrôme Niangon", "code_bac": "1475", "coord_x": 378058.568, "coord_y": 588092.045, "Commune": "Yopougon", "Nbre_bacs": 1, "Statut": "actif", "Capacite": "1100", "Num_Circui": "CDSM-108" }, "geometry": { "type": "Point", "coordinates": [ -4.092478494, 5.317317374 ] } },
{ "type": "Feature", "properties": { "fid": 2173, "Date": "2026-07-08", "repere": "Mairie Annexe Texaco", "code_bac": "0743", "coord_x": 378987.647, "coord_y": 588908.056, "Commune": "Yopougon", "Nbre_bacs": 1, "Statut": "actif", "Capacite": "800", "Num_Circui": "CDSM-108" }, "geometry": { "type": "Point", "coordinates": [ -4.0921010761, 5.3269642395 ] } },
{ "type": "Feature", "properties": { "fid": 2174, "Date": "2026-07-08", "repere": "Foyer des Jeunes", "code_bac": "1475", "coord_x": 378058.568, "coord_y": 588092.045, "Commune": "Yopougon", "Nbre_bacs": 1, "Statut": "actif", "Capacite": "1100", "Num_Circui": "CDSM-108" }, "geometry": { "type": "Point", "coordinates": [ -4.0936108545, 5.3170110835 ] } },
{ "type": "Feature", "properties": { "fid": 2176, "Date": "2026-07-08", "repere": "Allocodrôme Niangon", "code_bac": "1475", "coord_x": 378058.568, "coord_y": 588092.045, "Commune": "Yopougon", "Nbre_bacs": 1, "Statut": "actif", "Capacite": "800", "Num_Circui": "CDSM-108" }, "geometry": { "type": "Point", "coordinates": [ -4.092478494, 5.317317374 ] } },
{ "type": "Feature", "properties": { "fid": 2177, "Date": "2026-07-10", "repere": "Eglise Pentécote", "code_bac": "0350", "coord_x": 380599.71, "coord_y": 588711.424, "Commune": "Yopougon", "Nbre_bacs": 2, "Statut": "actif", "Capacite": "1100", "Num_Circui": "CDSM-105" }, "geometry": { "type": "Point", "coordinates": [ -4.0814223823, 5.3241223389 ] } },
{ "type": "Feature", "properties": { "fid": 2178, "Date": "2026-07-10", "repere": "Église pentecôte ", "code_bac": null, "coord_x": 380137.91070754942, "coord_y": 588601.12636751949, "Commune": "Yopougon", "Nbre_bacs": 1, "Statut": "actif", "Capacite": "240", "Num_Circui": "CDSM-105" }, "geometry": { "type": "Point", "coordinates": [ -4.0817429762, 5.3241554281 ] } },
{ "type": "Feature", "properties": { "fid": 2179, "Date": "2026-07-13", "repere": "Agence MTN", "code_bac": "0583/21", "coord_x": 380853.153, "coord_y": 588778.038, "Commune": "Yopougon", "Nbre_bacs": 1, "Statut": "actif", "Capacite": "1100", "Num_Circui": "CDSM-105" }, "geometry": { "type": "Point", "coordinates": [ -4.0752915434, 5.325766882 ] } },
{ "type": "Feature", "properties": { "fid": 2180, "Date": "2026-07-13", "repere": "Collège Merajea", "code_bac": "0802/21", "coord_x": 380721.436, "coord_y": 588745.412, "Commune": "Yopougon", "Nbre_bacs": 2, "Statut": "actif", "Capacite": "1100", "Num_Circui": "CDSM-105" }, "geometry": { "type": "Point", "coordinates": [ -4.0764573204, 5.3255243105 ] } },
{ "type": "Feature", "properties": { "fid": 2181, "Date": "2026-07-13", "repere": "Feux de kouté saint Laurent", "code_bac": "0087", "coord_x": 381436.984, "coord_y": 588691.961, "Commune": "Yopougon", "Nbre_bacs": 2, "Statut": "actif", "Capacite": "1100", "Num_Circui": "CDSM-105" }, "geometry": { "type": "Point", "coordinates": [ -4.0700217854, 5.3249974982 ] } },
{ "type": "Feature", "properties": { "fid": 2182, "Date": "2026-07-13", "repere": "Kouté parc à voiture", "code_bac": "1908", "coord_x": 381216.76695009286, "coord_y": 588749.42562852346, "Commune": "Yopougon", "Nbre_bacs": 1, "Statut": "actif", "Capacite": "1100", "Num_Circui": "CDSM-105" }, "geometry": { "type": "Point", "coordinates": [ -4.071380922, 5.3253452378 ] } },
{ "type": "Feature", "properties": { "fid": 2183, "Date": "2026-07-13", "repere": "Arrêt Sotra", "code_bac": "1905", "coord_x": 381811.96311805141, "coord_y": 588595.85276424256, "Commune": "Yopougon", "Nbre_bacs": 1, "Statut": "actif", "Capacite": "1100", "Num_Circui": "CDSM-105" }, "geometry": { "type": "Point", "coordinates": [ -4.0666365283, 5.324134073 ] } },
{ "type": "Feature", "properties": { "fid": 2184, "Date": "2026-07-13", "repere": "Ivoire BAT", "code_bac": "1886_1909", "coord_x": 381745.26128864044, "coord_y": 588610.93391944165, "Commune": "Yopougon", "Nbre_bacs": 1, "Statut": "actif", "Capacite": "1100", "Num_Circui": "CDSM-105" }, "geometry": { "type": "Point", "coordinates": [ -4.0672047286, 5.3242935683 ] } },
{ "type": "Feature", "properties": { "fid": 2185, "Date": "2026-07-08", "repere": "Groupe scolaire port bouet 2", "code_bac": "0797_0558_809", "coord_x": 379255.831, "coord_y": 591136.275, "Commune": "Yopougon", "Nbre_bacs": 3, "Statut": "actif", "Capacite": "800", "Num_Circui": "CDSM-107" }, "geometry": { "type": "Point", "coordinates": [ -4.089743146, 5.3470715146 ] } },
{ "type": "Feature", "properties": { "fid": 2186, "Date": "2026-07-08", "repere": "Kimi Pâtissérie", "code_bac": "0284", "coord_x": 378642.802, "coord_y": 590377.99, "Commune": "Yopougon", "Nbre_bacs": 3, "Statut": "actif", "Capacite": "1100", "Num_Circui": "CDSM-106" }, "geometry": { "type": "Point", "coordinates": [ -4.0952630044, 5.340203078 ] } },
{ "type": "Feature", "properties": { "fid": 2187, "Date": "2026-07-08", "repere": "Feu kimi resto Djoff", "code_bac": "0585", "coord_x": 378637.673, "coord_y": 590258.137, "Commune": "Yopougon", "Nbre_bacs": 2, "Statut": "actif", "Capacite": "1100", "Num_Circui": "CDSM-106" }, "geometry": { "type": "Point", "coordinates": [ -4.095307369, 5.3391189466 ] } },
{ "type": "Feature", "properties": { "fid": 2188, "Date": "2026-07-08", "repere": "District sanitaire de Yop Ouest Songon", "code_bac": "0635", "coord_x": 378654.492, "coord_y": 590136.81, "Commune": "Yopougon", "Nbre_bacs": 2, "Statut": "actif", "Capacite": "1100", "Num_Circui": "CDSM-106" }, "geometry": { "type": "Point", "coordinates": [ -4.0952581695, 5.3380097685 ] } },
{ "type": "Feature", "properties": { "fid": 2189, "Date": "2026-07-08", "repere": "Hôtel beau sejour", "code_bac": null, "coord_x": 378642.939, "coord_y": 590459.321, "Commune": "Yopougon", "Nbre_bacs": 1, "Statut": "actif", "Capacite": "1100", "Num_Circui": "CDSM-106" }, "geometry": { "type": "Point", "coordinates": [ -4.0952630723, 5.3409387102 ] } },
{ "type": "Feature", "properties": { "fid": 2190, "Date": "2026-07-08", "repere": "Groupe Scolaire Libanais", "code_bac": "0794_0793", "coord_x": 378619.84275499999, "coord_y": 591105.16505800001, "Commune": "Yopougon", "Nbre_bacs": 4, "Statut": "actif", "Capacite": "1100", "Num_Circui": "CDSM-106" }, "geometry": { "type": "Point", "coordinates": [ -4.0987125661, 5.3482519086 ] } },
{ "type": "Feature", "properties": { "fid": 2191, "Date": "2026-07-08", "repere": "Kimi Cat Vision", "code_bac": "0280", "coord_x": 378539.727, "coord_y": 589759.234, "Commune": "Yopougon", "Nbre_bacs": 3, "Statut": "actif", "Capacite": "1100", "Num_Circui": "CDSM-106" }, "geometry": { "type": "Point", "coordinates": [ -4.0962034207, 5.3346170675 ] } },
{ "type": "Feature", "properties": { "fid": 2192, "Date": "2026-07-08", "repere": "Kimi au Garage", "code_bac": "0035", "coord_x": 378506.092, "coord_y": 589644.47, "Commune": "Yopougon", "Nbre_bacs": 2, "Statut": "actif", "Capacite": "1100", "Num_Circui": "CDSM-106" }, "geometry": { "type": "Point", "coordinates": [ -4.0965508686, 5.3336068279 ] } },
{ "type": "Feature", "properties": { "fid": 2193, "Date": "2026-07-08", "repere": "Kimi Antenne", "code_bac": "0167", "coord_x": 378473.354, "coord_y": 589592.471, "Commune": "Yopougon", "Nbre_bacs": 2, "Statut": "actif", "Capacite": "1100", "Num_Circui": "CDSM-106" }, "geometry": { "type": "Point", "coordinates": [ -4.0968294483, 5.3331107697 ] } },
{ "type": "Feature", "properties": { "fid": 2194, "Date": "2026-07-10", "repere": "Groupe scolaire Bad", "code_bac": "0425", "coord_x": 379376.191, "coord_y": 590293.671, "Commune": "Yopougon", "Nbre_bacs": 1, "Statut": "actif", "Capacite": "1100", "Num_Circui": "CDSM-103" }, "geometry": { "type": "Point", "coordinates": [ -4.088772226, 5.3394485636 ] } },
{ "type": "Feature", "properties": { "fid": 2195, "Date": "2026-07-10", "repere": "Pont vagabond Sicogie", "code_bac": "0624", "coord_x": 380397.143, "coord_y": 590046.472, "Commune": "Yopougon", "Nbre_bacs": 2, "Statut": "actif", "Capacite": "1100", "Num_Circui": "CDSM-103" }, "geometry": { "type": "Point", "coordinates": [ -4.0794265428, 5.3372325605 ] } },
{ "type": "Feature", "properties": { "fid": 2196, "Date": "2026-07-10", "repere": "Pont pmi", "code_bac": "0543_1836", "coord_x": 380393.161, "coord_y": 590600.001, "Commune": "Yopougon", "Nbre_bacs": 3, "Statut": "actif", "Capacite": "1100", "Num_Circui": "CDSM-103" }, "geometry": { "type": "Point", "coordinates": [ -4.0794712326, 5.3422391154 ] } },
{ "type": "Feature", "properties": { "fid": 2197, "Date": "2026-07-10", "repere": "Pont Pharmacie Phénix", "code_bac": "1592_1769", "coord_x": 380399.985, "coord_y": 591221.314, "Commune": "Yopougon", "Nbre_bacs": 2, "Statut": "actif", "Capacite": "1100", "Num_Circui": "CDSM-107" }, "geometry": { "type": "Point", "coordinates": [ -4.0794195007, 5.3478589454 ] } },
{ "type": "Feature", "properties": { "fid": 2198, "Date": "2026-07-08", "repere": "Ananeraie Centre Coiffeur Esthétique", "code_bac": "0794_0793", "coord_x": 378619.84275499999, "coord_y": 591105.16505800001, "Commune": "Yopougon", "Nbre_bacs": 2, "Statut": "actif", "Capacite": "800", "Num_Circui": "CDSM-106" }, "geometry": { "type": "Point", "coordinates": [ -4.0954818763, 5.3467799071 ] } },
{ "type": "Feature", "properties": { "fid": 2199, "Date": "2026-07-10", "repere": "Collège moderne Sogefiha ", "code_bac": null, "coord_x": 380302.76996072789, "coord_y": 590019.25947950699, "Commune": "Yopougon", "Nbre_bacs": 1, "Statut": "actif", "Capacite": "1100", "Num_Circui": "CDSM-103" }, "geometry": { "type": "Point", "coordinates": [ -4.0802777355, 5.3369849268 ] } },
{ "type": "Feature", "properties": { "fid": 2200, "Date": "2026-07-14", "repere": "Sous l'Arbre (ex rue princesse)", "code_bac": "0007_0809", "coord_x": 381875.246, "coord_y": 591093.893, "Commune": "Yopougon", "Nbre_bacs": 3, "Statut": "actif", "Capacite": "1100", "Num_Circui": "CDSM-107" }, "geometry": { "type": "Point", "coordinates": [ -4.0661044776, 5.3467297186 ] } },
{ "type": "Feature", "properties": { "fid": 2201, "Date": "2026-07-14", "repere": "Mairie", "code_bac": "1088_1079_0966_1070_0735", "coord_x": 381704.967, "coord_y": 590801.302, "Commune": "Yopougon", "Nbre_bacs": 1, "Statut": "actif", "Capacite": "1100", "Num_Circui": "CDSM-103" }, "geometry": { "type": "Point", "coordinates": [ -4.0677432701, 5.3440425503 ] } },
{ "type": "Feature", "properties": { "fid": 2202, "Date": "2026-07-14", "repere": "Selmer Coopec", "code_bac": "1700", "coord_x": 381941.47112393251, "coord_y": 590442.94535247225, "Commune": "Yopougon", "Nbre_bacs": 3, "Statut": "actif", "Capacite": "1100", "Num_Circui": "CDSM-103" }, "geometry": { "type": "Point", "coordinates": [ -4.0654966768, 5.3408429641 ] } },
{ "type": "Feature", "properties": { "fid": 2203, "Date": "2026-07-13", "repere": "Epp Gare Sud Wassakara", "code_bac": "0235", "coord_x": 381700.739, "coord_y": 592493.483, "Commune": "Yopougon", "Nbre_bacs": 2, "Statut": "actif", "Capacite": "1100", "Num_Circui": "CDSM-103; CDSM-107" }, "geometry": { "type": "Point", "coordinates": [ -4.0704583333, 5.3553972222 ] } },
{ "type": "Feature", "properties": { "fid": 2204, "Date": "2026-07-14", "repere": "Mairie", "code_bac": "1088_1079_0966_1070_0735", "coord_x": 381704.967, "coord_y": 590801.302, "Commune": "Yopougon", "Nbre_bacs": 0, "Statut": "supprimé", "Capacite": "800", "Num_Circui": "Hors-CDSM" }, "geometry": { "type": "Point", "coordinates": [ -4.0673400916, 5.3435721754 ] } },
{ "type": "Feature", "properties": { "fid": 2205, "Date": "2026-07-14", "repere": "Mairie", "code_bac": "1088_1079_0966_1070_0735", "coord_x": 381704.967, "coord_y": 590801.302, "Commune": "Yopougon", "Nbre_bacs": 0, "Statut": "supprimé", "Capacite": "1100", "Num_Circui": "CDSM-103" }, "geometry": { "type": "Point", "coordinates": [ -4.0673400916, 5.3435721754 ] } },
{ "type": "Feature", "properties": { "fid": 2206, "Date": "2026-07-14", "repere": "Mairie", "code_bac": "1088_1079_0966_1070_0735", "coord_x": 381704.967, "coord_y": 590801.302, "Commune": "Yopougon", "Nbre_bacs": 1, "Statut": "actif", "Capacite": "800", "Num_Circui": "CDSM-103" }, "geometry": { "type": "Point", "coordinates": [ -4.0677432701, 5.3440425503 ] } },
{ "type": "Feature", "properties": { "fid": 2207, "Date": "2026-07-10", "repere": "Mairie direction du recouvrement", "code_bac": "0325", "coord_x": 380756.925, "coord_y": 589325.263, "Commune": "Yopougon", "Nbre_bacs": 1, "Statut": "actif", "Capacite": "800", "Num_Circui": "Hors-CDSM" }, "geometry": { "type": "Point", "coordinates": [ -4.0765034338, 5.3312431108 ] } },
{ "type": "Feature", "properties": { "fid": 2208, "Date": "2026-07-10", "repere": "Mairie direction du recouvrement", "code_bac": "0584", "coord_x": 380876.218, "coord_y": 589234.353, "Commune": "Yopougon", "Nbre_bacs": 1, "Statut": "actif", "Capacite": "800", "Num_Circui": "Hors-CDSM" }, "geometry": { "type": "Point", "coordinates": [ -4.0761684999, 5.3307149698 ] } },
{ "type": "Feature", "properties": { "fid": 2209, "Date": "2026-07-10", "repere": "Mairie direction du recouvrement", "code_bac": "0325", "coord_x": 380756.925, "coord_y": 589325.263, "Commune": "Yopougon", "Nbre_bacs": 1, "Statut": "actif", "Capacite": "240", "Num_Circui": "Hors-CDSM" }, "geometry": { "type": "Point", "coordinates": [ -4.0765034338, 5.3312431108 ] } },
{ "type": "Feature", "properties": { "fid": 2210, "Date": "2026-07-17", "repere": "Nouveau Bureau Collège Sona", "code_bac": "1434", "coord_x": 382349.854, "coord_y": 589303.257, "Commune": "Yopougon", "Nbre_bacs": 2, "Statut": "actif", "Capacite": "1100", "Num_Circui": "Hors-CDSM" }, "geometry": { "type": "Point", "coordinates": [ -4.0615546587, 5.3315551904 ] } },
{ "type": "Feature", "properties": { "fid": 2211, "Date": "2026-07-14", "repere": "Cité EECI", "code_bac": "1524_1527", "coord_x": 383112.78309600003, "coord_y": 590340.39096600004, "Commune": "Yopougon", "Nbre_bacs": 3, "Statut": "actif", "Capacite": "1100", "Num_Circui": "Hors-CDSM" }, "geometry": { "type": "Point", "coordinates": [ -4.0548659881, 5.3399677871 ] } },
{ "type": "Feature", "properties": { "fid": 2212, "Date": "2026-07-14", "repere": "Groupe Scolaire SICOGI 6", "code_bac": "0704", "coord_x": 382976.491, "coord_y": 590308.957, "Commune": "Yopougon", "Nbre_bacs": 1, "Statut": "actif", "Capacite": "1100", "Num_Circui": "Hors-CDSM" }, "geometry": { "type": "Point", "coordinates": [ -4.056531069, 5.3381174914 ] } },
{ "type": "Feature", "properties": { "fid": 2213, "Date": "2026-07-14", "repere": "Groupe Scolaire SICOGI 6", "code_bac": "0704", "coord_x": 382976.491, "coord_y": 590308.957, "Commune": "Yopougon", "Nbre_bacs": 1, "Statut": "actif", "Capacite": "1100", "Num_Circui": "Hors-CDSM" }, "geometry": { "type": "Point", "coordinates": [ -4.0570541113, 5.3379189291 ] } },
{ "type": "Feature", "properties": { "fid": 2214, "Date": "2026-07-14", "repere": "Groupe Scolaire SICOGI 6", "code_bac": "0704", "coord_x": 382976.491, "coord_y": 590308.957, "Commune": "Yopougon", "Nbre_bacs": 1, "Statut": "actif", "Capacite": "1100", "Num_Circui": "Hors-CDSM" }, "geometry": { "type": "Point", "coordinates": [ -4.0565153293, 5.3382930496 ] } },
{ "type": "Feature", "properties": { "fid": 2215, "Date": "2026-07-14", "repere": "Groupe Scolaire SICOGI 6", "code_bac": "0704", "coord_x": 382976.491, "coord_y": 590308.957, "Commune": "Yopougon", "Nbre_bacs": 1, "Statut": "actif", "Capacite": "1100", "Num_Circui": "Hors-CDSM" }, "geometry": { "type": "Point", "coordinates": [ -4.0568652349, 5.3379207452 ] } },
{ "type": "Feature", "properties": { "fid": 2216, "Date": "2026-07-14", "repere": "GS Bad Sicogi", "code_bac": "0704", "coord_x": 382976.491, "coord_y": 590308.957, "Commune": "Yopougon", "Nbre_bacs": 2, "Statut": "actif", "Capacite": "240", "Num_Circui": "Hors-CDSM" }, "geometry": { "type": "Point", "coordinates": [ -4.0612774961, 5.3388260806 ] } },
{ "type": "Feature", "properties": { "fid": 2217, "Date": "2026-07-14", "repere": "Lycée Jeunes Fille", "code_bac": null, "coord_x": 383447.67883100006, "coord_y": 591012.170193, "Commune": "Yopougon", "Nbre_bacs": 2, "Statut": "actif", "Capacite": "1100", "Num_Circui": "CDSM-107" }, "geometry": { "type": "Point", "coordinates": [ -4.0519132609, 5.346015032 ] } },
{ "type": "Feature", "properties": { "fid": 2218, "Date": "2026-07-14", "repere": "Millionnaire bas immeuble bleu", "code_bac": "1808_1809", "coord_x": 382926.99220500002, "coord_y": 591686.37974300003, "Commune": "Yopougon", "Nbre_bacs": 3, "Statut": "actif", "Capacite": "1100", "Num_Circui": "Hors-CDSM" }, "geometry": { "type": "Point", "coordinates": [ -4.0548111111, 5.3554444444 ] } },
{ "type": "Feature", "properties": { "fid": 2219, "Date": "2026-07-14", "repere": "Chez Achile", "code_bac": null, "coord_x": 382926.99220500002, "coord_y": 591686.37974300003, "Commune": "Yopougon", "Nbre_bacs": 4, "Statut": "actif", "Capacite": "1100", "Num_Circui": "Hors-CDSM" }, "geometry": { "type": "Point", "coordinates": [ -4.0569566726, 5.3518872318 ] } },
{ "type": "Feature", "properties": { "fid": 2220, "Date": "2026-07-13", "repere": "GS Bad lièvre rouge", "code_bac": "0595_0393", "coord_x": 377252.677, "coord_y": 589736.281, "Commune": "Yopougon", "Nbre_bacs": 2, "Statut": "actif", "Capacite": "1100", "Num_Circui": "CDSM-108" }, "geometry": { "type": "Point", "coordinates": [ -4.1068517988, 5.3336875022 ] } },
{ "type": "Feature", "properties": { "fid": 2221, "Date": "2026-07-18", "repere": "Entrée Magasin eco", "code_bac": "1109", "coord_x": 379215.180437, "coord_y": 597933.24789300002, "Commune": "Yopougon", "Nbre_bacs": 1, "Statut": "actif", "Capacite": "1100", "Num_Circui": "Hors-CDSM" }, "geometry": { "type": "Point", "coordinates": [ -4.0921267673, 5.4092720232 ] } },
{ "type": "Feature", "properties": { "fid": 2222, "Date": "2026-07-18", "repere": "Réfectoire", "code_bac": "1109", "coord_x": 379215.180437, "coord_y": 597933.24789300002, "Commune": "Yopougon", "Nbre_bacs": 1, "Statut": "actif", "Capacite": "800", "Num_Circui": "Hors-CDSM" }, "geometry": { "type": "Point", "coordinates": [ -4.0913529247, 5.4087167504 ] } },
{ "type": "Feature", "properties": { "fid": 2223, "Date": "2026-07-18", "repere": "Guérite ecoti", "code_bac": "1109", "coord_x": 379215.180437, "coord_y": 597933.24789300002, "Commune": "Yopougon", "Nbre_bacs": 1, "Statut": "actif", "Capacite": "240", "Num_Circui": "Hors-CDSM" }, "geometry": { "type": "Point", "coordinates": [ -4.0918419774, 5.4082107276 ] } },
{ "type": "Feature", "properties": { "fid": 2224, "Date": "2026-07-18", "repere": "Garage intérieur", "code_bac": "1109", "coord_x": 379215.180437, "coord_y": 597933.24789300002, "Commune": "Yopougon", "Nbre_bacs": 3, "Statut": "actif", "Capacite": "1100", "Num_Circui": "Hors-CDSM" }, "geometry": { "type": "Point", "coordinates": [ -4.0920952869, 5.4086210529 ] } },
{ "type": "Feature", "properties": { "fid": 2225, "Date": "2025-07-09", "repere": "Artelier de soudure", "code_bac": "1109", "coord_x": 379215.180437, "coord_y": 597933.24789300002, "Commune": "Yopougon", "Nbre_bacs": 1, "Statut": "actif", "Capacite": "1100", "Num_Circui": "Hors-CDSM" }, "geometry": { "type": "Point", "coordinates": [ -4.0919871796, 5.4084504303 ] } },
{ "type": "Feature", "properties": { "fid": 2226, "Date": "2026-07-18", "repere": "Garage peinture véhicule", "code_bac": "1109", "coord_x": 379215.180437, "coord_y": 597933.24789300002, "Commune": "Yopougon", "Nbre_bacs": 3, "Statut": "actif", "Capacite": "1100", "Num_Circui": "Hors-CDSM" }, "geometry": { "type": "Point", "coordinates": [ -4.0918906304, 5.4087440502 ] } },
{ "type": "Feature", "properties": { "fid": 2227, "Date": "2026-07-18", "repere": "Entrée garage", "code_bac": "1109", "coord_x": 379215.180437, "coord_y": 597933.24789300002, "Commune": "Yopougon", "Nbre_bacs": 1, "Statut": "actif", "Capacite": "1100", "Num_Circui": "Hors-CDSM" }, "geometry": { "type": "Point", "coordinates": [ -4.0923344938, 5.4088856725 ] } },
{ "type": "Feature", "properties": { "fid": 2228, "Date": "2026-07-18", "repere": "Sortie garage", "code_bac": "1109", "coord_x": 379215.180437, "coord_y": 597933.24789300002, "Commune": "Yopougon", "Nbre_bacs": 1, "Statut": "actif", "Capacite": "1100", "Num_Circui": "Hors-CDSM" }, "geometry": { "type": "Point", "coordinates": [ -4.092414403, 5.4087621764 ] } },
{ "type": "Feature", "properties": { "fid": 2229, "Date": "2026-07-18", "repere": "Infirmière", "code_bac": "1109", "coord_x": 379215.180437, "coord_y": 597933.24789300002, "Commune": "Yopougon", "Nbre_bacs": 1, "Statut": "actif", "Capacite": "1100", "Num_Circui": "Hors-CDSM" }, "geometry": { "type": "Point", "coordinates": [ -4.0926922693, 5.4090200653 ] } },
{ "type": "Feature", "properties": { "fid": 2230, "Date": "2026-07-18", "repere": "Station", "code_bac": "1109", "coord_x": 379215.180437, "coord_y": 597933.24789300002, "Commune": "Yopougon", "Nbre_bacs": 1, "Statut": "actif", "Capacite": "800", "Num_Circui": "Hors-CDSM" }, "geometry": { "type": "Point", "coordinates": [ -4.0929388074, 5.4089955477 ] } },
{ "type": "Feature", "properties": { "fid": 2231, "Date": "2026-07-18", "repere": "Centre de Transfert", "code_bac": "1109", "coord_x": 379215.180437, "coord_y": 597933.24789300002, "Commune": "Yopougon", "Nbre_bacs": 1, "Statut": "actif", "Capacite": "1100", "Num_Circui": "Hors-CDSM" }, "geometry": { "type": "Point", "coordinates": [ -4.0938766551, 5.4083912114 ] } },
{ "type": "Feature", "properties": { "fid": 2232, "Date": "2026-07-18", "repere": "Bureau sheq", "code_bac": "1109", "coord_x": 379215.180437, "coord_y": 597933.24789300002, "Commune": "Yopougon", "Nbre_bacs": 1, "Statut": "actif", "Capacite": "800", "Num_Circui": "Hors-CDSM" }, "geometry": { "type": "Point", "coordinates": [ -4.0931648504, 5.4077147758 ] } },
{ "type": "Feature", "properties": { "fid": 2233, "Date": "2026-07-18", "repere": "Contôle pac", "code_bac": "1109", "coord_x": 379215.180437, "coord_y": 597933.24789300002, "Commune": "Yopougon", "Nbre_bacs": 1, "Statut": "actif", "Capacite": "1100", "Num_Circui": "Hors-CDSM" }, "geometry": { "type": "Point", "coordinates": [ -4.0932129775, 5.4076058087 ] } },
{ "type": "Feature", "properties": { "fid": 2234, "Date": "2026-07-18", "repere": "Bureau production", "code_bac": "1109", "coord_x": 379215.180437, "coord_y": 597933.24789300002, "Commune": "Yopougon", "Nbre_bacs": 1, "Statut": "actif", "Capacite": "1100", "Num_Circui": "Hors-CDSM" }, "geometry": { "type": "Point", "coordinates": [ -4.0935976046, 5.4073088271 ] } },
{ "type": "Feature", "properties": { "fid": 2235, "Date": "2026-07-18", "repere": "Lavage", "code_bac": "1109", "coord_x": 379215.180437, "coord_y": 597933.24789300002, "Commune": "Yopougon", "Nbre_bacs": 1, "Statut": "actif", "Capacite": "1100", "Num_Circui": "Hors-CDSM" }, "geometry": { "type": "Point", "coordinates": [ -4.0942326631, 5.4068788346 ] } },
{ "type": "Feature", "properties": { "fid": 2236, "Date": "2026-07-18", "repere": "Lavage", "code_bac": "1109", "coord_x": 379215.180437, "coord_y": 597933.24789300002, "Commune": "Yopougon", "Nbre_bacs": 1, "Statut": "actif", "Capacite": "1100", "Num_Circui": "Hors-CDSM" }, "geometry": { "type": "Point", "coordinates": [ -4.0943605949, 5.4068577635 ] } },
{ "type": "Feature", "properties": { "fid": 2237, "Date": "2026-07-18", "repere": "Lavage", "code_bac": "1109", "coord_x": 379215.180437, "coord_y": 597933.24789300002, "Commune": "Yopougon", "Nbre_bacs": 1, "Statut": "actif", "Capacite": "1100", "Num_Circui": "Hors-CDSM" }, "geometry": { "type": "Point", "coordinates": [ -4.094514113, 5.4068306721 ] } },
{ "type": "Feature", "properties": { "fid": 2238, "Date": "2026-07-18", "repere": "Lavage", "code_bac": "1109", "coord_x": 379215.180437, "coord_y": 597933.24789300002, "Commune": "Yopougon", "Nbre_bacs": 1, "Statut": "actif", "Capacite": "240", "Num_Circui": "Hors-CDSM" }, "geometry": { "type": "Point", "coordinates": [ -4.0944238082, 5.4067448825 ] } },
{ "type": "Feature", "properties": { "fid": 2239, "Date": "2026-07-18", "repere": "Lavage", "code_bac": "1109", "coord_x": 379215.180437, "coord_y": 597933.24789300002, "Commune": "Yopougon", "Nbre_bacs": 1, "Statut": "actif", "Capacite": "800", "Num_Circui": "Hors-CDSM" }, "geometry": { "type": "Point", "coordinates": [ -4.0942898561, 5.4067689638 ] } }
]
}
