{
"type": "FeatureCollection",
"name": "sitecoffres2",
"crs": { "type": "name", "properties": { "name": "urn:ogc:def:crs:OGC:1.3:CRS84" } },
"features": [
{ "type": "Feature", "properties": { "fid": 1609, "Cod": "Att-64", "Commune": "Attécoubé", "Quartier": "Agban Attié", "Type_Capac": "20m3", "Nom": "Carrefour Police", "x": 382283.00000000006, "y": 592338.3, "Affectatio": "Précollecte", "Num_Circu": "CDSM_500 - AMPLIROLL/Tt - NOUVEAU", "Amenagemen": "Plateforme pour 1 coffre", "Statut": "supprimé", "Time": "08/07/2024", "Num_Coffre": 0.0 }, "geometry": { "type": "Point", "coordinates": [ -4.045638888888891, 5.358083333333331 ] } },
{ "type": "Feature", "properties": { "fid": 1610, "Cod": "Att-68", "Commune": "Attécoubé", "Quartier": "Agban Attié", "Type_Capac": "20m3", "Nom": "Sibeton Carrefour Thomas", "x": 382283.00000000006, "y": 592338.3, "Affectatio": "Précollecte", "Num_Circu": "CDSM_500 - AMPLIROLL/Tt - NOUVEAU", "Amenagemen": "Plateforme pour 1 coffre", "Statut": "actif", "Time": "10/07/2026", "Num_Coffre": 2.0 }, "geometry": { "type": "Point", "coordinates": [ -4.050527777777778, 5.355916666666666 ] } },
{ "type": "Feature", "properties": { "fid": 1611, "Cod": "Adj-43", "Commune": "Adjamé", "Quartier": "Sodeci - Filtisac", "Type_Capac": "20m3", "Nom": "Garage marché mouton", "x": 385826.1, "y": 593418.1, "Affectatio": "Précollecte", "Num_Circu": "CDSM_500 - AMPLIROLL/Tt - NOUVEAU", "Amenagemen": "Pas de Plateforme", "Statut": "supprimé", "Time": "27/06/2024", "Num_Coffre": 0.0 }, "geometry": { "type": "Point", "coordinates": [ -4.029308333333335, 5.370519444444443 ] } },
{ "type": "Feature", "properties": { "fid": 1617, "Cod": "Att-67", "Commune": "Attécoubé", "Quartier": "Bidjan-Té", "Type_Capac": "5m3", "Nom": "Biegoussi", "x": 385601.62202794722, "y": 590945.85396300664, "Affectatio": "Collecte", "Num_Circu": "CSDM_109,CSDM_122", "Amenagemen": "Pas de plateforme ", "Statut": "actif", "Time": "09/07/2026", "Num_Coffre": 1.0 }, "geometry": { "type": "Point", "coordinates": [ -4.032474547423663, 5.34544822015001 ] } },
{ "type": "Feature", "properties": { "fid": 1618, "Cod": "Att-66", "Commune": "Attécoubé", "Quartier": "Espoir", "Type_Capac": "5m3", "Nom": "Au Charbon", "x": 385002.64572867687, "y": 591289.16719624517, "Affectatio": "Collecte", "Num_Circu": "CSDM_109,CSDM_122", "Amenagemen": "Pas de Plateforme", "Statut": "actif", "Time": "09/07/2026", "Num_Coffre": 1.0 }, "geometry": { "type": "Point", "coordinates": [ -4.037885092946522, 5.348544378979899 ] } },
{ "type": "Feature", "properties": { "fid": 1619, "Cod": "Att-65\n", "Commune": "Attécoubé", "Quartier": "La Paix", "Type_Capac": "4m3", "Nom": "Pharmacie Fatima", "x": 384960.67074292828, "y": 591076.26864864316, "Affectatio": "Collecte", "Num_Circu": "CDSM_109_CDSM_122", "Amenagemen": "Pas de plateforme ", "Statut": "actif", "Time": "09/07/2026", "Num_Coffre": 1.0 }, "geometry": { "type": "Point", "coordinates": [ -4.038260642442958, 5.346618064073679 ] } },
{ "type": "Feature", "properties": { "fid": 1624, "Cod": "Adj-44", "Commune": "Adjamé", "Quartier": "Williamsville 2", "Type_Capac": "4m3", "Nom": "EPV Konaté", "x": 387231.03955157293, "y": 592936.5163043451, "Affectatio": "Collecte", "Num_Circu": "CDSM_111_CDSM_123", "Amenagemen": "Pas de plateforme ", "Statut": "actif", "Time": "10/06/2026", "Num_Coffre": 2.0 }, "geometry": { "type": "Point", "coordinates": [ -4.017803782662329, 5.363416835255553 ] } },
{ "type": "Feature", "properties": { "fid": 1625, "Cod": "Adj-42", "Commune": "Adjamé", "Quartier": "Délégation", "Type_Capac": "20m3", "Nom": "Cité Ran", "x": 385579.6, "y": 591843.8, "Affectatio": "Précollecte", "Num_Circu": "CDSM_500 - AMPLIROLL/Tt - NOUVEAU", "Amenagemen": "Pas de Plateforme", "Statut": "supprimé", "Time": "07/05/2024", "Num_Coffre": 0.0 }, "geometry": { "type": "Point", "coordinates": [ -4.028442498121081, 5.356265661347006 ] } },
{ "type": "Feature", "properties": { "fid": 1632, "Cod": "Adj-41", "Commune": "Adjamé", "Quartier": "Indénié - Adjamé", "Type_Capac": "4m3", "Nom": "80 Logement", "x": 387261.81049909827, "y": 591066.12825677055, "Affectatio": "Collecte", "Num_Circu": "CDSM_124_CDSM_111", "Amenagemen": "Pas de Plateforme", "Statut": "actif", "Time": "05/06/2026", "Num_Coffre": 1.0 }, "geometry": { "type": "Point", "coordinates": [ -4.017494329962691, 5.346561140836278 ] } },
{ "type": "Feature", "properties": { "fid": 1633, "Cod": "Adj-40", "Commune": "Adjamé", "Quartier": "Williamsville 1", "Type_Capac": "20m3", "Nom": "Marché Oignon", "x": 386134.64646744117, "y": 593245.35266560933, "Affectatio": "Précollecte", "Num_Circu": "CDSM_500 - AMPLIROLL/Tt - NOUVEAU", "Amenagemen": "Pas de Plateforme", "Statut": "actif", "Time": "10/06/2026", "Num_Coffre": 2.0 }, "geometry": { "type": "Point", "coordinates": [ -4.028004968725202, 5.366471806158555 ] } },
{ "type": "Feature", "properties": { "fid": 1634, "Cod": "Adj-39", "Commune": "Adjamé", "Quartier": "Adjamé Nord", "Type_Capac": "20m3", "Nom": "Gare SOTRA", "x": 386210.80969159817, "y": 592465.19741505082, "Affectatio": "Précollecte", "Num_Circu": "CDSM_500 - AMPLIROLL/Tt - NOUVEAU", "Amenagemen": "Pas de Plateforme", "Statut": "actif", "Time": "10/06/2026", "Num_Coffre": 1.0 }, "geometry": { "type": "Point", "coordinates": [ -4.027, 5.3592 ] } },
{ "type": "Feature", "properties": { "fid": 1635, "Cod": "Adj-38", "Commune": "Adjamé", "Quartier": "220 Logements", "Type_Capac": "5m3", "Nom": "PIT", "x": 387649.88613203145, "y": 591589.40174711298, "Affectatio": "Collecte", "Num_Circu": "CDSM-111", "Amenagemen": "Pas de Plateforme", "Statut": "supprimé", "Time": "22/02/2024", "Num_Coffre": 0.0 }, "geometry": { "type": "Point", "coordinates": [ -4.014, 5.3513 ] } },
{ "type": "Feature", "properties": { "fid": 1636, "Cod": "Att-30", "Commune": "Attécoubé", "Quartier": "Némantoulaye", "Type_Capac": "4m3", "Nom": "Mosquée Nématoulaye", "x": 384006.0, "y": 590433.5, "Affectatio": "Collecte", "Num_Circu": "CDSM_110, CDSM_122", "Amenagemen": "Pas de Plateforme", "Statut": "actif", "Time": "10/07/2026", "Num_Coffre": 1.0 }, "geometry": { "type": "Point", "coordinates": [ -4.045698823073591, 5.352957667463321 ] } },
{ "type": "Feature", "properties": { "fid": 1646, "Cod": "Son-69", "Commune": "Songon", "Quartier": null, "Type_Capac": "4m3", "Nom": "Carrefour Salem", "x": 370224.9, "y": 590333.4, "Affectatio": "Collecte", "Num_Circu": "CDSM_101", "Amenagemen": "Pas de Plateforme", "Statut": "actif", "Time": "08/07/2026", "Num_Coffre": 1.0 }, "geometry": { "type": "Point", "coordinates": [ -4.170527259042331, 5.339201324216068 ] } },
{ "type": "Feature", "properties": { "fid": 1647, "Cod": "Son-27", "Commune": "Songon", "Quartier": "Adiapoté 2", "Type_Capac": "4m3", "Nom": "Adiapoté 2 terrain", "x": 369705.9, "y": 587063.5, "Affectatio": "Collecte", "Num_Circu": "CDSM_PC", "Amenagemen": "Pas de Plateforme", "Statut": "actif", "Time": "09/07/2026", "Num_Coffre": 1.0 }, "geometry": { "type": "Point", "coordinates": [ -4.177781278224636, 5.310306509917989 ] } },
{ "type": "Feature", "properties": { "fid": 1650, "Cod": "Son-70", "Commune": "Songon", "Quartier": "M'bratté", "Type_Capac": "20m3", "Nom": "Songon M'Brathe", "x": 360423.68941709399, "y": 587852.58823574556, "Affectatio": "Précollecte", "Num_Circu": "CDSM_500 - AMPLIROLL/Tt - NOUVEAU", "Amenagemen": "Pas de Plateforme", "Statut": "actif", "Time": "07/07/2026", "Num_Coffre": 1.0 }, "geometry": { "type": "Point", "coordinates": [ -4.259634904276352, 5.316776185714566 ] } },
{ "type": "Feature", "properties": { "fid": 1663, "Cod": "Att-62", "Commune": "Attécoubé", "Quartier": "Abidjan Agban", "Type_Capac": "5m3", "Nom": "Pharmacie Agban-Gare STB", "x": 385593.30550706881, "y": 592387.71298474376, "Affectatio": "Collecte", "Num_Circu": "CDSM_110", "Amenagemen": "Pas de Plateforme", "Statut": "actif", "Time": "09/07/2026", "Num_Coffre": 1.0 }, "geometry": { "type": "Point", "coordinates": [ -4.031334897177939, 5.358928315790251 ] } },
{ "type": "Feature", "properties": { "fid": 1665, "Cod": "Att-63", "Commune": "Attécoubé", "Quartier": "La Paix", "Type_Capac": "5m3", "Nom": "Carrefour sacrifice", "x": 385073.42491301242, "y": 591186.26374480128, "Affectatio": "Collecte", "Num_Circu": "CDSM_109 - CDSM_122", "Amenagemen": null, "Statut": "supprimé", "Time": "22/05/2024", "Num_Coffre": 0.0 }, "geometry": { "type": "Point", "coordinates": [ -4.037244793682551, 5.3476146947251 ] } },
{ "type": "Feature", "properties": { "fid": 1676, "Cod": "Adj-21", "Commune": "Adjamé", "Quartier": "Ebrié", "Type_Capac": "20m3", "Nom": "Carine couture", "x": 387538.8, "y": 592107.8, "Affectatio": "Précollecte", "Num_Circu": "CDSM_500 - AMPLIROLL/Tt - NOUVEAU", "Amenagemen": "Pas de Plateforme", "Statut": "supprimé", "Time": "18/09/2023", "Num_Coffre": 0.0 }, "geometry": { "type": "Point", "coordinates": [ -4.015010219078308, 5.355987301481004 ] } },
{ "type": "Feature", "properties": { "fid": 1677, "Cod": "Son-2", "Commune": "Songon", "Quartier": "Bimbresso", "Type_Capac": "20m3", "Nom": "Carrefour Bimbresso", "x": 372601.2, "y": 590563.7, "Affectatio": "Précollecte", "Num_Circu": "CDSM_500 - AMPLIROLL/Tt - NOUVEAU", "Amenagemen": "Pas Plateforme", "Statut": "supprimé", "Time": "01/02/2023", "Num_Coffre": 0.0 }, "geometry": { "type": "Point", "coordinates": [ -4.149785051932435, 5.341783118074665 ] } },
{ "type": "Feature", "properties": { "fid": 1678, "Cod": "Att-40", "Commune": "Attécoubé", "Quartier": "Loukoukro", "Type_Capac": "20m3", "Nom": "Loukoukro - Carrefour mossikro", "x": 384192.1, "y": 590884.2, "Affectatio": "Précollecte", "Num_Circu": "CDSM_500 - AMPLIROLL/Tt - NOUVEAU", "Amenagemen": "Pas de Plateforme", "Statut": "supprimé", "Time": "18/09/2023", "Num_Coffre": 0.0 }, "geometry": { "type": "Point", "coordinates": [ -4.045193473767588, 5.344869022462563 ] } },
{ "type": "Feature", "properties": { "fid": 1693, "Cod": "Adj-30", "Commune": "Adjamé", "Quartier": "Indénié - Adjamé", "Type_Capac": "20m3", "Nom": "CNPS", "x": 386778.3, "y": 590525.4, "Affectatio": "Précollecte", "Num_Circu": "CDSM_500 - AMPLIROLL/Tt - NOUVEAU", "Amenagemen": "Pas de Plateforme", "Statut": "actif", "Time": "05/06/2026", "Num_Coffre": 2.0 }, "geometry": { "type": "Point", "coordinates": [ -4.02184957504395, 5.341662958764993 ] } },
{ "type": "Feature", "properties": { "fid": 1694, "Cod": "Adj-29", "Commune": "Adjamé", "Quartier": null, "Type_Capac": "5m3", "Nom": "INSP", "x": 386286.8, "y": 590261.2, "Affectatio": "Collecte", "Num_Circu": "CDSM_111", "Amenagemen": "Pas de Plateforme", "Statut": "supprimé", "Time": "24/04/2024", "Num_Coffre": 0.0 }, "geometry": { "type": "Point", "coordinates": [ -4.026281009731339, 5.339265854383469 ] } },
{ "type": "Feature", "properties": { "fid": 1695, "Cod": "Att-44", "Commune": "Attécoubé", "Quartier": "Sébroko", "Type_Capac": "5m3", "Nom": "Sebroko", "x": 385840.7, "y": 590316.7, "Affectatio": "Collecte", "Num_Circu": "CDSM_109, CDSM_122", "Amenagemen": "Pas de Plateforme", "Statut": "supprimé", "Time": "07/10/2025", "Num_Coffre": 0.0 }, "geometry": { "type": "Point", "coordinates": [ -4.030307536712688, 5.339761115603562 ] } },
{ "type": "Feature", "properties": { "fid": 1696, "Cod": "Son-67", "Commune": "Songon", "Quartier": "Agban Village", "Type_Capac": "20m3", "Nom": "Agban mosquée", "x": 361213.335, "y": 588843.835, "Affectatio": "Précollecte", "Num_Circu": "CDSM_500 - AMPLIROLL/Tt - NOUVEAU", "Amenagemen": "Pas de Plateforme", "Statut": "actif", "Time": "07/07/2026", "Num_Coffre": 1.0 }, "geometry": { "type": "Point", "coordinates": [ -4.252279823979716, 5.32606469698425 ] } },
{ "type": "Feature", "properties": { "fid": 1697, "Cod": "Son-66", "Commune": "Songon", "Quartier": null, "Type_Capac": "4m3", "Nom": "Bimbresso marché", "x": 372018.9, "y": 587819.5, "Affectatio": "Collecte", "Num_Circu": "CDSM_101", "Amenagemen": "Pas de Plateforme", "Statut": "actif", "Time": "09/07/2026", "Num_Coffre": 1.0 }, "geometry": { "type": "Point", "coordinates": [ -4.154993266622402, 5.316952844841896 ] } },
{ "type": "Feature", "properties": { "fid": 1698, "Cod": "Son-65", "Commune": "Songon", "Quartier": "Abadjin Doumé", "Type_Capac": "5m3", "Nom": "Abadjin Doumé le chef", "x": 373013.2, "y": 587150.2, "Affectatio": "Collecte", "Num_Circu": "CDSM_PC", "Amenagemen": "Pas de Plateforme", "Statut": "actif", "Time": "09/07/2026", "Num_Coffre": 1.0 }, "geometry": { "type": "Point", "coordinates": [ -4.145608694856741, 5.311012853534304 ] } },
{ "type": "Feature", "properties": { "fid": 1699, "Cod": "Son-64", "Commune": "Songon", "Quartier": "Kassemblé Village", "Type_Capac": "4m3", "Nom": "Kassemblé Cité Promogim", "x": 365472.3, "y": 589014.0, "Affectatio": "Collecte", "Num_Circu": "CDSM_101", "Amenagemen": "Pas de Plateforme", "Statut": "actif", "Time": "07/07/2026", "Num_Coffre": 1.0 }, "geometry": { "type": "Point", "coordinates": [ -4.214086911486598, 5.327643035818212 ] } },
{ "type": "Feature", "properties": { "fid": 1703, "Cod": "Son-68", "Commune": "Songon", "Quartier": "N'djèm", "Type_Capac": "20m3", "Nom": "N'Djème", "x": 363372.82, "y": 582620.28, "Affectatio": "EcoEburnie", "Num_Circu": "CDSM_506 - AMPLIROLL - SONGON – EEB", "Amenagemen": "Pas de Plateforme", "Statut": "actif", "Time": "07/07/2026", "Num_Coffre": 1.0 }, "geometry": { "type": "Point", "coordinates": [ -4.232916707977459, 5.269777822628129 ] } },
{ "type": "Feature", "properties": { "fid": 1712, "Cod": "Son-43", "Commune": "Songon", "Quartier": "N'djèm", "Type_Capac": "20m3", "Nom": "Pont Jacqueville", "x": 362753.5, "y": 582873.4, "Affectatio": "EcoEburnie", "Num_Circu": "CDSM_506 - AMPLIROLL - SONGON – EEB", "Amenagemen": "Pas Plateforme", "Statut": "actif", "Time": "07/07/2026", "Num_Coffre": 1.0 }, "geometry": { "type": "Point", "coordinates": [ -4.23843662618576, 5.272233711896383 ] } },
{ "type": "Feature", "properties": { "fid": 1713, "Cod": "Son-42", "Commune": "Songon", "Quartier": "Agban Village", "Type_Capac": "4m3", "Nom": "Carrefour Abiaté", "x": 360591.2, "y": 588798.2, "Affectatio": "Collecte", "Num_Circu": "CDSM_101", "Amenagemen": "Pas de Plateforme", "Statut": "actif", "Time": "08/07/2026", "Num_Coffre": 1.0 }, "geometry": { "type": "Point", "coordinates": [ -4.258126878580142, 5.325602821110144 ] } },
{ "type": "Feature", "properties": { "fid": 1714, "Cod": "Son-34", "Commune": "Songon", "Quartier": "Kassemblé Village", "Type_Capac": "4m3", "Nom": "Kassemblé cité N'zikan", "x": 366916.99999999994, "y": 588870.8, "Affectatio": "Collecte", "Num_Circu": "CDSM_101", "Amenagemen": "Pas de Plateforme", "Statut": "actif", "Time": "07/07/2026", "Num_Coffre": 1.0 }, "geometry": { "type": "Point", "coordinates": [ -4.201048202968917, 5.326373433500487 ] } },
{ "type": "Feature", "properties": { "fid": 1716, "Cod": "Son-49", "Commune": "Songon", "Quartier": "Kassemblé Village", "Type_Capac": "4m3", "Nom": "Kassemblé SODECI", "x": 365792.99999999994, "y": 588792.6, "Affectatio": "Collecte", "Num_Circu": "CDSM_101", "Amenagemen": "Pas de Plateforme", "Statut": "actif", "Time": "07/07/2026", "Num_Coffre": 1.0 }, "geometry": { "type": "Point", "coordinates": [ -4.2111891720562, 5.325646285296298 ] } },
{ "type": "Feature", "properties": { "fid": 1717, "Cod": "Son-47", "Commune": "Songon", "Quartier": null, "Type_Capac": "5m3", "Nom": "CNRA", "x": 372074.4, "y": 587609.3, "Affectatio": "Collecte", "Num_Circu": "CDSM_101", "Amenagemen": "Pas de Plateforme", "Statut": "actif", "Time": "09/07/2026", "Num_Coffre": 1.0 }, "geometry": { "type": "Point", "coordinates": [ -4.154488922251784, 5.315052589612296 ] } },
{ "type": "Feature", "properties": { "fid": 1718, "Cod": "Son-46", "Commune": "Songon", "Quartier": "Kassemblé Village", "Type_Capac": "20m3", "Nom": "Kasemblé manioc", "x": 365542.4, "y": 587597.5, "Affectatio": "EcoEburnie", "Num_Circu": "CDSM_506 - AMPLIROLL - SONGON – EEB", "Amenagemen": "Pas Plateforme", "Statut": "actif", "Time": "08/07/2026", "Num_Coffre": 1.0 }, "geometry": { "type": "Point", "coordinates": [ -4.21342926035561, 5.314832762808254 ] } },
{ "type": "Feature", "properties": { "fid": 1719, "Cod": "Son-45", "Commune": "Songon", "Quartier": "Kassemblé Village", "Type_Capac": "20m3", "Nom": "Kasemblé terrain", "x": 365812.99999999994, "y": 587479.0, "Affectatio": "EcoEburnie", "Num_Circu": "CDSM_506 - AMPLIROLL - SONGON – EEB", "Amenagemen": "Pas Plateforme", "Statut": "actif", "Time": "08/07/2026", "Num_Coffre": 1.0 }, "geometry": { "type": "Point", "coordinates": [ -4.210985473227773, 5.313765786587663 ] } },
{ "type": "Feature", "properties": { "fid": 1720, "Cod": "Son-55", "Commune": "Songon", "Quartier": null, "Type_Capac": "4m3", "Nom": "Agban Attié 2", "x": 361941.8, "y": 591888.6, "Affectatio": "Collecte", "Num_Circu": "CDSM_PC", "Amenagemen": "Pas de Plateforme", "Statut": "actif", "Time": "07/07/2026", "Num_Coffre": 1.0 }, "geometry": { "type": "Point", "coordinates": [ -4.246147381311007, 5.353433959137862 ] } },
{ "type": "Feature", "properties": { "fid": 1721, "Cod": "Son-54", "Commune": "Songon", "Quartier": "Dagbé Village", "Type_Capac": "4m3", "Nom": "Dagbé 2", "x": 363892.7, "y": 587362.9, "Affectatio": "Collecte", "Num_Circu": "CDSM_PC", "Amenagemen": "Pas de Plateforme", "Statut": "actif", "Time": "08/07/2026", "Num_Coffre": 1.0 }, "geometry": { "type": "Point", "coordinates": [ -4.228310677460813, 5.312681482649507 ] } },
{ "type": "Feature", "properties": { "fid": 1722, "Cod": "Son-53", "Commune": "Songon", "Quartier": "Dagbé Village", "Type_Capac": "4m3", "Nom": "Dagbé 1", "x": 363776.99999999994, "y": 587371.4, "Affectatio": "Collecte", "Num_Circu": "CDSM_PC", "Amenagemen": "Pas de Plateforme", "Statut": "actif", "Time": "08/07/2026", "Num_Coffre": 1.0 }, "geometry": { "type": "Point", "coordinates": [ -4.229133620440787, 5.312547771093076 ] } },
{ "type": "Feature", "properties": { "fid": 1723, "Cod": "Son-51", "Commune": "Songon", "Quartier": "Kassemblé Village", "Type_Capac": "4m3", "Nom": "Kassemblé entrée Cité", "x": 365762.2, "y": 588239.7, "Affectatio": "Collecte", "Num_Circu": "CDSM_101", "Amenagemen": "Pas de Plateforme", "Statut": "actif", "Time": "07/07/2026", "Num_Coffre": 1.0 }, "geometry": { "type": "Point", "coordinates": [ -4.211590529910423, 5.321349726901409 ] } },
{ "type": "Feature", "properties": { "fid": 1724, "Cod": "Son-63", "Commune": "Songon", "Quartier": "Kassemblé Village", "Type_Capac": "4m3", "Nom": "Kassemblé cité Arc-en-ciel", "x": 366289.5, "y": 588619.1, "Affectatio": "Collecte", "Num_Circu": "CDSM_101", "Amenagemen": "Pas de Plateforme", "Statut": "actif", "Time": "07/07/2026", "Num_Coffre": 1.0 }, "geometry": { "type": "Point", "coordinates": [ -4.206686996886883, 5.324344231540904 ] } },
{ "type": "Feature", "properties": { "fid": 1725, "Cod": "Son-62", "Commune": "Songon", "Quartier": "Kassemblé Village", "Type_Capac": "4m3", "Nom": "kassemblé cité Oriba", "x": 365358.3, "y": 588431.0, "Affectatio": "Collecte", "Num_Circu": "CDSM_101", "Amenagemen": "Pas de Plateforme", "Statut": "actif", "Time": "07/07/2026", "Num_Coffre": 1.0 }, "geometry": { "type": "Point", "coordinates": [ -4.215105227801965, 5.32236807218077 ] } },
{ "type": "Feature", "properties": { "fid": 1726, "Cod": "Son-59", "Commune": "Songon", "Quartier": "M'bratté", "Type_Capac": "5m3", "Nom": "M'bratté école primaire", "x": 360671.5, "y": 588654.0, "Affectatio": "Collecte", "Num_Circu": "CDSM_101", "Amenagemen": "Pas de Plateforme", "Statut": "actif", "Time": "08/07/2026", "Num_Coffre": 1.0 }, "geometry": { "type": "Point", "coordinates": [ -4.257399660410096, 5.324300107505696 ] } },
{ "type": "Feature", "properties": { "fid": 1727, "Cod": "Son-57", "Commune": "Songon", "Quartier": "Abiatté village", "Type_Capac": "4m3", "Nom": "Abiaté village", "x": 356885.5, "y": 595449.8, "Affectatio": "Collecte", "Num_Circu": "CDSM_PC", "Amenagemen": "Pas de Plateforme", "Statut": "actif", "Time": "08/07/2026", "Num_Coffre": 1.0 }, "geometry": { "type": "Point", "coordinates": [ -4.29157689021137, 5.385444427284225 ] } },
{ "type": "Feature", "properties": { "fid": 1728, "Cod": "Son-4", "Commune": "Songon", "Quartier": "Dagbé Village", "Type_Capac": "20m3", "Nom": "Carrefour Jacqueville", "x": 363524.1, "y": 588364.0, "Affectatio": "Précollecte", "Num_Circu": "CDSM_500 - AMPLIROLL/Tt - NOUVEAU", "Amenagemen": "Pas Plateforme", "Statut": "actif", "Time": "07/07/2026", "Num_Coffre": 1.0 }, "geometry": { "type": "Point", "coordinates": [ -4.231398569918392, 5.322146049345906 ] } },
{ "type": "Feature", "properties": { "fid": 1729, "Cod": "Son-3", "Commune": "Songon", "Quartier": null, "Type_Capac": "20m3", "Nom": "SAPH", "x": 370048.4, "y": 590886.2, "Affectatio": "Précollecte", "Num_Circu": "CDSM_500 - AMPLIROLL/Tt - NOUVEAU", "Amenagemen": "Pas de Plateforme", "Statut": "actif", "Time": "07/07/2026", "Num_Coffre": 1.0 }, "geometry": { "type": "Point", "coordinates": [ -4.172826603064902, 5.344656433673193 ] } },
{ "type": "Feature", "properties": { "fid": 1730, "Cod": "Son-1", "Commune": "Songon", "Quartier": "Abadjin Kouté village", "Type_Capac": "20m3", "Nom": "Abadjin Kouté village", "x": 372474.1, "y": 589209.6, "Affectatio": "Précollecte", "Num_Circu": "CDSM_500 - AMPLIROLL/Tt - NOUVEAU", "Amenagemen": "Pas Plateforme", "Statut": "actif", "Time": "09/07/2026", "Num_Coffre": 1.0 }, "geometry": { "type": "Point", "coordinates": [ -4.154548378954229, 5.323903364256255 ] } },
{ "type": "Feature", "properties": { "fid": 1731, "Cod": "Att-57", "Commune": "Attécoubé", "Quartier": "Mosquée", "Type_Capac": "4m3", "Nom": "10ieme Arrondissement", "x": 385355.5, "y": 591185.2, "Affectatio": "Collecte", "Num_Circu": "CSDM_109,CSDM_122", "Amenagemen": "Pas de Plateforme", "Statut": "supprimé", "Time": "16/07/2026", "Num_Coffre": 0.0 }, "geometry": { "type": "Point", "coordinates": [ -4.034699251542945, 5.347609372984236 ] } },
{ "type": "Feature", "properties": { "fid": 1732, "Cod": "Son-9", "Commune": "Songon", "Quartier": "M'bratté", "Type_Capac": "20m3", "Nom": "La poste", "x": 361170.8, "y": 588544.3, "Affectatio": "Précollecte", "Num_Circu": "CDSM_500 - AMPLIROLL/Tt - NOUVEAU", "Amenagemen": "Pas Plateforme", "Statut": "actif", "Time": "24/06/2026", "Num_Coffre": 2.0 }, "geometry": { "type": "Point", "coordinates": [ -4.252892343253792, 5.323317122962226 ] } },
{ "type": "Feature", "properties": { "fid": 1733, "Cod": "Son-8", "Commune": "Songon", "Quartier": "Harriste", "Type_Capac": "20m3", "Nom": "Songon harriste", "x": 361064.4, "y": 588069.8, "Affectatio": "Précollecte", "Num_Circu": "CDSM_500 - AMPLIROLL/Tt - NOUVEAU", "Amenagemen": "Pas Plateforme", "Statut": "actif", "Time": "07/07/2026", "Num_Coffre": 1.0 }, "geometry": { "type": "Point", "coordinates": [ -4.253843725518861, 5.319023624622311 ] } },
{ "type": "Feature", "properties": { "fid": 1734, "Cod": "Son-7", "Commune": "Songon", "Quartier": "M'bratté", "Type_Capac": "20m3", "Nom": "M'bratté", "x": 360610.3, "y": 587471.8, "Affectatio": "Précollecte", "Num_Circu": "CDSM_500 - AMPLIROLL/Tt - NOUVEAU", "Amenagemen": "Pas Plateforme", "Statut": "supprimé", "Time": "31/10/2023", "Num_Coffre": 0.0 }, "geometry": { "type": "Point", "coordinates": [ -4.257930168827375, 5.313606763153444 ] } },
{ "type": "Feature", "properties": { "fid": 1735, "Cod": "Son-5", "Commune": "Songon", "Quartier": "Agban Village", "Type_Capac": "20m3", "Nom": "Songon Attie 2", "x": 361403.00000000006, "y": 588933.1, "Affectatio": "Précollecte", "Num_Circu": "CDSM_500 - AMPLIROLL/Tt - NOUVEAU", "Amenagemen": "Plateforme pour 1 coffre", "Statut": "actif", "Time": "07/07/2026", "Num_Coffre": 1.0 }, "geometry": { "type": "Point", "coordinates": [ -4.250804254319332, 5.326837828337326 ] } },
{ "type": "Feature", "properties": { "fid": 1736, "Cod": "Son-13", "Commune": "Songon", "Quartier": null, "Type_Capac": "20m3", "Nom": "Songon Antenne", "x": 373554.4, "y": 590114.6, "Affectatio": "Précollecte", "Num_Circu": "CDSM_500 - AMPLIROLL/Tt - NOUVEAU", "Amenagemen": "Pas Plateforme", "Statut": "actif", "Time": "09/07/2026", "Num_Coffre": 2.0 }, "geometry": { "type": "Point", "coordinates": [ -4.141175987137573, 5.337737182674099 ] } },
{ "type": "Feature", "properties": { "fid": 1737, "Cod": "Son-12", "Commune": "Songon", "Quartier": "Dagbé Village", "Type_Capac": "20m3", "Nom": "Songon Dagbé ", "x": 363731.3, "y": 587846.1, "Affectatio": "Précollecte", "Num_Circu": "CDSM_500 - AMPLIROLL/Tt - NOUVEAU", "Amenagemen": "Pas Plateforme", "Statut": "actif", "Time": "08/07/2026", "Num_Coffre": 1.0 }, "geometry": { "type": "Point", "coordinates": [ -4.229775686789599, 5.317048854679387 ] } },
{ "type": "Feature", "properties": { "fid": 1738, "Cod": "Son-11", "Commune": "Songon", "Quartier": "Songon Té", "Type_Capac": "20m3", "Nom": "Songon Té", "x": 361588.8, "y": 586620.1, "Affectatio": "Précollecte", "Num_Circu": "CDSM_500 - AMPLIROLL/Tt - NOUVEAU", "Amenagemen": "Plateforme pour 1 coffre", "Statut": "actif", "Time": "07/07/2026", "Num_Coffre": 1.0 }, "geometry": { "type": "Point", "coordinates": [ -4.249085559431836, 5.305921605070115 ] } },
{ "type": "Feature", "properties": { "fid": 1739, "Cod": "Son-10", "Commune": "Songon", "Quartier": "Agban Village", "Type_Capac": "20m3", "Nom": "Agban Marché", "x": 361611.2, "y": 588767.0, "Affectatio": "Précollecte", "Num_Circu": "CDSM_500 - AMPLIROLL/Tt - NOUVEAU", "Amenagemen": "Pas Plateforme", "Statut": "actif", "Time": "07/07/2026", "Num_Coffre": 1.0 }, "geometry": { "type": "Point", "coordinates": [ -4.248704401080425, 5.324827186779401 ] } },
{ "type": "Feature", "properties": { "fid": 1740, "Cod": "Son-28", "Commune": "Songon", "Quartier": "Godoumé Village", "Type_Capac": "4m3", "Nom": "Godoumin résidence Yapo (site 1 )", "x": 368519.1, "y": 586738.2, "Affectatio": "Collecte", "Num_Circu": "CDSM_PC", "Amenagemen": "Pas de Plateforme", "Statut": "actif", "Time": "08/07/2026", "Num_Coffre": 1.0 }, "geometry": { "type": "Point", "coordinates": [ -4.186679875857229, 5.307233384150039 ] } },
{ "type": "Feature", "properties": { "fid": 1741, "Cod": "Son-23", "Commune": "Songon", "Quartier": "Ayowahi", "Type_Capac": "4m3", "Nom": "Ayowahi terrain", "x": 368436.6, "y": 592514.1, "Affectatio": "Collecte", "Num_Circu": "CDSM_101", "Amenagemen": "Pas de Plateforme", "Statut": "actif", "Time": "08/07/2026", "Num_Coffre": 1.0 }, "geometry": { "type": "Point", "coordinates": [ -4.187399562842891, 5.359352113665718 ] } },
{ "type": "Feature", "properties": { "fid": 1742, "Cod": "Son-19", "Commune": "Songon", "Quartier": "Abadjin Doumé", "Type_Capac": "4m3", "Nom": "Abadjin Doumé Eglise", "x": 372771.9, "y": 587003.4, "Affectatio": "Collecte", "Num_Circu": "CDSM_101", "Amenagemen": "Pas de Plateforme", "Statut": "actif", "Time": "09/07/2026", "Num_Coffre": 1.0 }, "geometry": { "type": "Point", "coordinates": [ -4.148184913313942, 5.309584146652241 ] } },
{ "type": "Feature", "properties": { "fid": 1743, "Cod": "Son-16", "Commune": "Songon", "Quartier": "Institut Pasteur", "Type_Capac": "4m3", "Nom": "Institut pasteur carrefour poubelle (site 1)", "x": 373000.3, "y": 588277.7, "Affectatio": "Collecte", "Num_Circu": "CDSM_PC", "Amenagemen": "Pas de Plateforme", "Statut": "actif", "Time": "09/07/2026", "Num_Coffre": 1.0 }, "geometry": { "type": "Point", "coordinates": [ -4.146145281089363, 5.321113651273902 ] } },
{ "type": "Feature", "properties": { "fid": 1744, "Cod": "Att-26", "Commune": "Attécoubé", "Quartier": "Santé III", "Type_Capac": "4m3", "Nom": "Marché mossikro ( safari 2)", "x": 384006.0, "y": 590433.5, "Affectatio": "Collecte", "Num_Circu": "CDSM_110, CDSM_122", "Amenagemen": "Pas de Plateforme", "Statut": "actif", "Time": "10/07/2026", "Num_Coffre": 1.0 }, "geometry": { "type": "Point", "coordinates": [ -4.046865959885474, 5.3407895753227 ] } },
{ "type": "Feature", "properties": { "fid": 1745, "Cod": "Att-25", "Commune": "Attécoubé", "Quartier": "Santé Village", "Type_Capac": "4m3", "Nom": "Jean Paul 2", "x": 384602.3, "y": 589521.1, "Affectatio": "Collecte", "Num_Circu": "CDSM_110, CDSM_122", "Amenagemen": "Pas de Plateforme", "Statut": "actif", "Time": "10/07/2026", "Num_Coffre": 1.0 }, "geometry": { "type": "Point", "coordinates": [ -4.04147093086932, 5.332546046097693 ] } },
{ "type": "Feature", "properties": { "fid": 1746, "Cod": "Att-24", "Commune": "Attécoubé", "Quartier": "Santé Village", "Type_Capac": "5m3", "Nom": "Chinois ( carrefour santai)", "x": 384887.7, "y": 589421.1, "Affectatio": "Collecte", "Num_Circu": "CDSM_110, CDSM_122", "Amenagemen": "Pas de Plateforme", "Statut": "actif", "Time": "10/07/2026", "Num_Coffre": 1.0 }, "geometry": { "type": "Point", "coordinates": [ -4.038893945558472, 5.331645898844665 ] } },
{ "type": "Feature", "properties": { "fid": 1747, "Cod": "Att-22", "Commune": "Attécoubé", "Quartier": "Abidjan Agban", "Type_Capac": "20m3", "Nom": "Agban village", "x": 385678.8, "y": 592527.4, "Affectatio": "EcoEburnie", "Num_Circu": "CDSM_505 - AMPLIROLL - ATTECOUBE – EEB", "Amenagemen": "Plateforme pour 1 coffre", "Statut": "actif", "Time": "16/07/2026", "Num_Coffre": 3.0 }, "geometry": { "type": "Point", "coordinates": [ -4.031802051714007, 5.359754549388266 ] } },
{ "type": "Feature", "properties": { "fid": 1748, "Cod": "Att-38", "Commune": "Attécoubé", "Quartier": "Gbébouto", "Type_Capac": "20m3", "Nom": "Pharmacie Rehoboth", "x": 385189.9, "y": 591626.6, "Affectatio": "Précollecte", "Num_Circu": "CDSM_500 - AMPLIROLL/Tt - NOUVEAU", "Amenagemen": "Plateforme pour 1 coffre", "Statut": "supprimé", "Time": "12/06/2026", "Num_Coffre": 0.0 }, "geometry": { "type": "Point", "coordinates": [ -4.036200390476966, 5.351599328287581 ] } },
{ "type": "Feature", "properties": { "fid": 1749, "Cod": "Att-37", "Commune": "Attécoubé", "Quartier": "Akélié", "Type_Capac": "20m3", "Nom": "Plantation 2", "x": 384535.9, "y": 588841.2, "Affectatio": "EcoEburnie", "Num_Circu": "CDSM_505 - AMPLIROLL - ATTECOUBE – EEB", "Amenagemen": "Pas de Plateforme", "Statut": "supprimé", "Time": "10/07/2026", "Num_Coffre": 0.0 }, "geometry": { "type": "Point", "coordinates": [ -4.042059761915167, 5.326395319401265 ] } },
{ "type": "Feature", "properties": { "fid": 1750, "Cod": "Att-36", "Commune": "Attécoubé", "Quartier": "Abidjan Agban", "Type_Capac": "5m3", "Nom": "Pharmacie Agban", "x": 385881.9, "y": 592413.1, "Affectatio": "Collecte", "Num_Circu": "CDSM_111", "Amenagemen": "Pas de Plateforme", "Statut": "supprimé", "Time": "22/05/2024", "Num_Coffre": 0.0 }, "geometry": { "type": "Point", "coordinates": [ -4.029967448257809, 5.358723787962258 ] } },
{ "type": "Feature", "properties": { "fid": 1751, "Cod": "Att-31", "Commune": "Attécoubé", "Quartier": "Agban Attié", "Type_Capac": "5m3", "Nom": "Banco marché", "x": 383741.4, "y": 592360.5, "Affectatio": "Collecte", "Num_Circu": "CDSM_107, CDSM_110, CDSM_122", "Amenagemen": "Pas de Plateforme", "Statut": "supprimé", "Time": "07/10/2025", "Num_Coffre": 0.0 }, "geometry": { "type": "Point", "coordinates": [ -4.049283443913265, 5.35821520931056 ] } },
{ "type": "Feature", "properties": { "fid": 1752, "Cod": "Att-46", "Commune": "Attécoubé", "Quartier": "La Paix", "Type_Capac": "4m3", "Nom": "Carrefour tchapalodrôme", "x": 385142.6, "y": 590912.8, "Affectatio": "Collecte", "Num_Circu": "CDSM_109, CDSM_122", "Amenagemen": "Pas de Plateforme", "Statut": "actif", "Time": "09/07/2026", "Num_Coffre": 1.0 }, "geometry": { "type": "Point", "coordinates": [ -4.036616377506997, 5.345142261160706 ] } },
{ "type": "Feature", "properties": { "fid": 1753, "Cod": "Att-45", "Commune": "Attécoubé", "Quartier": "Marine", "Type_Capac": "5m3", "Nom": "Pont Marine", "x": 384809.5, "y": 591112.5, "Affectatio": "Collecte", "Num_Circu": "CSDM_109,CSDM_122", "Amenagemen": "Pas de Plateforme", "Statut": "supprimé", "Time": "22/01/2024", "Num_Coffre": 0.0 }, "geometry": { "type": "Point", "coordinates": [ -4.039625399699738, 5.346943467000809 ] } },
{ "type": "Feature", "properties": { "fid": 1754, "Cod": "Att-77", "Commune": "Attécoubé", "Quartier": "Forêt Classée du Banco", "Type_Capac": "20m3", "Nom": "Nouveau Marché mangue", "x": 384860.3, "y": 592673.1, "Affectatio": "EcoEburnie", "Num_Circu": "CDSM_505 - AMPLIROLL - ATTECOUBE – EEB", "Amenagemen": "Pas de Plateforme", "Statut": "supprimé", "Time": "13/02/2026", "Num_Coffre": 0.0 }, "geometry": { "type": "Point", "coordinates": [ -4.043055555555555, 5.359444444444444 ] } },
{ "type": "Feature", "properties": { "fid": 1755, "Cod": "Att-39", "Commune": "Attécoubé", "Quartier": "Banco Nord", "Type_Capac": "5m3", "Nom": "Mossikro en bas d'étage", "x": 383137.2, "y": 590539.9, "Affectatio": "Collecte", "Num_Circu": "CDSM_110, CDSM_122", "Amenagemen": "Pas de Plateforme", "Statut": "actif", "Time": "10/07/2026", "Num_Coffre": 1.0 }, "geometry": { "type": "Point", "coordinates": [ -4.054707780142533, 5.341738545591303 ] } },
{ "type": "Feature", "properties": { "fid": 1756, "Cod": "Att-56", "Commune": "Attécoubé", "Quartier": "Abobodoumé", "Type_Capac": "5m3", "Nom": "Pharmacie abobodoume", "x": 385267.9, "y": 587515.2, "Affectatio": "Collecte", "Num_Circu": "CSDM_110,CSDM_122", "Amenagemen": "Pas de Plateforme", "Statut": "actif", "Time": "10/07/2026", "Num_Coffre": 1.0 }, "geometry": { "type": "Point", "coordinates": [ -4.035434164739675, 5.314412733117917 ] } },
{ "type": "Feature", "properties": { "fid": 1757, "Cod": "Att-54", "Commune": "Attécoubé", "Quartier": "Djéné-Ecaré", "Type_Capac": "20m3", "Nom": "Djéné (Ecaré)", "x": 384193.3, "y": 591175.4, "Affectatio": "Précollecte", "Num_Circu": "CDSM_500 - AMPLIROLL/Tt - NOUVEAU", "Amenagemen": "Pas de Plateforme", "Statut": "actif", "Time": "10/07/2026", "Num_Coffre": 2.0 }, "geometry": { "type": "Point", "coordinates": [ -4.045586544584995, 5.348560307601102 ] } },
{ "type": "Feature", "properties": { "fid": 1758, "Cod": "Att-49", "Commune": "Attécoubé", "Quartier": "Saint Joseph", "Type_Capac": "5m3", "Nom": "Résidence du Maire Bvd HKB", "x": 385364.2, "y": 591567.5, "Affectatio": "Collecte", "Num_Circu": "CDSM_109", "Amenagemen": "Pas de Plateforme", "Statut": "supprimé", "Time": "22/05/2024", "Num_Coffre": 0.0 }, "geometry": { "type": "Point", "coordinates": [ -4.034626548848506, 5.351067424013179 ] } },
{ "type": "Feature", "properties": { "fid": 1759, "Cod": "Att-48", "Commune": "Attécoubé", "Quartier": "Gbébouto", "Type_Capac": "5m3", "Nom": "Boulangerie Rue Espoir", "x": 385059.00000000006, "y": 591398.7, "Affectatio": "Collecte", "Num_Circu": "CDSM_109, CDSM_122", "Amenagemen": "Pas de Plateforme", "Statut": "supprimé", "Time": "25/04/2024", "Num_Coffre": 0.0 }, "geometry": { "type": "Point", "coordinates": [ -4.037378204005249, 5.349535967225149 ] } },
{ "type": "Feature", "properties": { "fid": 1760, "Cod": "Att-7", "Commune": "Attécoubé", "Quartier": "Lackman", "Type_Capac": "20m3", "Nom": "Rue des soeurs", "x": 385277.1, "y": 587792.7, "Affectatio": "Précollecte", "Num_Circu": "CDSM_500 - AMPLIROLL/Tt - NOUVEAU", "Amenagemen": "Plateforme pour 1 coffre", "Statut": "actif", "Time": "10/07/2026", "Num_Coffre": 2.0 }, "geometry": { "type": "Point", "coordinates": [ -4.035355338324661, 5.31692287301725 ] } },
{ "type": "Feature", "properties": { "fid": 1761, "Cod": "Att-6", "Commune": "Attécoubé", "Quartier": "Abobodoumé", "Type_Capac": "20m3", "Nom": "Gare lagunaire", "x": 385230.5, "y": 587023.4, "Affectatio": "EcoEburnie", "Num_Circu": "CDSM_505 - AMPLIROLL - ATTECOUBE – EEB", "Amenagemen": "Pas de Plateforme", "Statut": "supprimé", "Time": "13/02/2026", "Num_Coffre": 0.0 }, "geometry": { "type": "Point", "coordinates": [ -4.035764226548318, 5.309963812597294 ] } },
{ "type": "Feature", "properties": { "fid": 1762, "Cod": "Att-5", "Commune": "Attécoubé", "Quartier": "Abobodoumé", "Type_Capac": "20m3", "Nom": "Marché poisson", "x": 384877.6, "y": 586780.9, "Affectatio": "Précollecte", "Num_Circu": "CDSM_500 - AMPLIROLL/Tt - NOUVEAU", "Amenagemen": "Plateforme pour 1 coffre", "Statut": "actif", "Time": "10/07/2026", "Num_Coffre": 3.0 }, "geometry": { "type": "Point", "coordinates": [ -4.038945029653803, 5.307765041790502 ] } },
{ "type": "Feature", "properties": { "fid": 1763, "Cod": "Att-4", "Commune": "Attécoubé", "Quartier": "Abobodoumé", "Type_Capac": "20m3", "Nom": "Cimétière Abobo Doumé", "x": 384545.5, "y": 586803.9, "Affectatio": "Précollecte", "Num_Circu": "CDSM_500 - AMPLIROLL/Tt - NOUVEAU", "Amenagemen": "Pas de Plateforme", "Statut": "actif", "Time": "10/07/2026", "Num_Coffre": 1.0 }, "geometry": { "type": "Point", "coordinates": [ -4.04194214651987, 5.307968030982237 ] } },
{ "type": "Feature", "properties": { "fid": 1764, "Cod": "Att-11", "Commune": "Attécoubé", "Quartier": "Santé III", "Type_Capac": "20m3", "Nom": "Pinasse", "x": 384450.9, "y": 590272.4, "Affectatio": "Précollecte", "Num_Circu": "CDSM_500 - AMPLIROLL/Tt - NOUVEAU", "Amenagemen": "Pas de Plateforme", "Statut": "actif", "Time": "10/07/2026", "Num_Coffre": 1.0 }, "geometry": { "type": "Point", "coordinates": [ -4.042848648407031, 5.339339254246135 ] } },
{ "type": "Feature", "properties": { "fid": 1765, "Cod": "Att-10", "Commune": "Attécoubé", "Quartier": "Locodjoro", "Type_Capac": "20m3", "Nom": "Marché de Nuit", "x": 385087.5, "y": 588849.0, "Affectatio": "Précollecte", "Num_Circu": "CDSM_500 - AMPLIROLL/Tt - NOUVEAU", "Amenagemen": "Plateforme pour 1 coffre", "Statut": "actif", "Time": "10/07/2026", "Num_Coffre": 1.0 }, "geometry": { "type": "Point", "coordinates": [ -4.037082261341486, 5.326474274973655 ] } },
{ "type": "Feature", "properties": { "fid": 1766, "Cod": "Att-9", "Commune": "Attécoubé", "Quartier": "Lackman", "Type_Capac": "20m3", "Nom": "Lackman", "x": 385374.3, "y": 588212.0, "Affectatio": "Précollecte", "Num_Circu": "CDSM_500 - AMPLIROLL/Tt - NOUVEAU", "Amenagemen": "Plateforme pour 1 coffre", "Statut": "supprimé", "Time": "13/02/2026", "Num_Coffre": 0.0 }, "geometry": { "type": "Point", "coordinates": [ -4.034484554458688, 5.320716933689397 ] } },
{ "type": "Feature", "properties": { "fid": 1767, "Cod": "Att-8", "Commune": "Attécoubé", "Quartier": "Lackman", "Type_Capac": "20m3", "Nom": "Caca sport", "x": 384808.99999999994, "y": 588170.8, "Affectatio": "Précollecte", "Num_Circu": "CDSM_500 - AMPLIROLL/Tt - NOUVEAU", "Amenagemen": "Plateforme pour 2 coffres", "Statut": "supprimé", "Time": "04/06/2026", "Num_Coffre": 0.0 }, "geometry": { "type": "Point", "coordinates": [ -4.039585133299597, 5.320335695454117 ] } },
{ "type": "Feature", "properties": { "fid": 1768, "Cod": "Att-17", "Commune": "Attécoubé", "Quartier": "Bidjan-Té", "Type_Capac": "20m3", "Nom": "Nouvelle gare", "x": 385495.9, "y": 590526.9, "Affectatio": "Précollecte", "Num_Circu": "CDSM_500 - AMPLIROLL/Tt - NOUVEAU", "Amenagemen": "Pas de Plateforme", "Statut": "actif", "Time": "09/07/2026", "Num_Coffre": 1.0 }, "geometry": { "type": "Point", "coordinates": [ -4.033422259448558, 5.341657156630919 ] } },
{ "type": "Feature", "properties": { "fid": 1769, "Cod": "Att-16", "Commune": "Attécoubé", "Quartier": "La Paix", "Type_Capac": "20m3", "Nom": "La Paix", "x": 385057.5, "y": 590800.3, "Affectatio": "EcoEburnie", "Num_Circu": "CDSM_505 - AMPLIROLL - ATTECOUBE – EEB", "Amenagemen": "Pas de Plateforme", "Statut": "supprimé", "Time": "07/10/2025", "Num_Coffre": 0.0 }, "geometry": { "type": "Point", "coordinates": [ -4.03738262847375, 5.344123397031817 ] } },
{ "type": "Feature", "properties": { "fid": 1770, "Cod": "Att-15", "Commune": "Attécoubé", "Quartier": "Gbébouto", "Type_Capac": "20m3", "Nom": "Banco espoir", "x": 384840.2, "y": 591240.6, "Affectatio": "EcoEburnie", "Num_Circu": "CDSM_505 - AMPLIROLL - ATTECOUBE – EEB", "Amenagemen": "Plateforme pour 1 coffre", "Statut": "actif", "Time": "09/07/2026", "Num_Coffre": 2.0 }, "geometry": { "type": "Point", "coordinates": [ -4.039350309318835, 5.348102604390627 ] } },
{ "type": "Feature", "properties": { "fid": 1771, "Cod": "Att-12", "Commune": "Attécoubé", "Quartier": "Santé III", "Type_Capac": "20m3", "Nom": "Safari", "x": 383816.0, "y": 590378.9, "Affectatio": "EcoEburnie", "Num_Circu": "CDSM_505 - AMPLIROLL - ATTECOUBE – EEB", "Amenagemen": "Pas de Plateforme", "Statut": "actif", "Time": "10/07/2026", "Num_Coffre": 1.0 }, "geometry": { "type": "Point", "coordinates": [ -4.048579709227924, 5.340292792802582 ] } },
{ "type": "Feature", "properties": { "fid": 1772, "Cod": "Att-21", "Commune": "Attécoubé", "Quartier": "Saint Joseph", "Type_Capac": "20m3", "Nom": "Arrêt 15", "x": 385597.3, "y": 591655.6, "Affectatio": "EcoEburnie", "Num_Circu": "CDSM_505 - AMPLIROLL - ATTECOUBE – EEB", "Amenagemen": "Pas de Plateforme", "Statut": "actif", "Time": "09/07/2026", "Num_Coffre": 2.0 }, "geometry": { "type": "Point", "coordinates": [ -4.032524311019619, 5.351867839833458 ] } },
{ "type": "Feature", "properties": { "fid": 1773, "Cod": "Att-20", "Commune": "Attécoubé", "Quartier": "La Paix", "Type_Capac": "20m3", "Nom": "Terminus 04", "x": 385347.3, "y": 590700.4, "Affectatio": "EcoEburnie", "Num_Circu": "CDSM_505 - AMPLIROLL - ATTECOUBE – EEB", "Amenagemen": "Pas de Plateforme", "Statut": "actif", "Time": "09/07/2026", "Num_Coffre": 1.0 }, "geometry": { "type": "Point", "coordinates": [ -4.034765889112755, 5.343224212659842 ] } },
{ "type": "Feature", "properties": { "fid": 1774, "Cod": "Att-19", "Commune": "Attécoubé", "Quartier": "Ecoles", "Type_Capac": "20m3", "Nom": "Marché central", "x": 385489.8, "y": 591322.8, "Affectatio": "EcoEburnie", "Num_Circu": "CDSM_505 - AMPLIROLL - ATTECOUBE – EEB", "Amenagemen": "Pas de Plateforme", "Statut": "actif", "Time": "09/07/2026", "Num_Coffre": 4.0 }, "geometry": { "type": "Point", "coordinates": [ -4.03343508869499, 5.348578305945946 ] } },
{ "type": "Feature", "properties": { "fid": 1775, "Cod": "Att-18", "Commune": "Attécoubé", "Quartier": "Bidjan-Té", "Type_Capac": "5m3", "Nom": "Hôtel des Jeunes", "x": 385642.6, "y": 591275.2, "Affectatio": "Collecte", "Num_Circu": "CSDM_PC", "Amenagemen": "Plateforme pour 1 coffre", "Statut": "actif", "Time": "09/07/2026", "Num_Coffre": 2.0 }, "geometry": { "type": "Point", "coordinates": [ -4.032280028743318, 5.348391312795443 ] } },
{ "type": "Feature", "properties": { "fid": 1776, "Cod": "Adj-24", "Commune": "Adjamé", "Quartier": "Mairie 2", "Type_Capac": "5m3", "Nom": "Cuvette SOTRA", "x": 386055.00000000006, "y": 592390.2, "Affectatio": "Collecte", "Num_Circu": "CDSM_111, CDSM_112, CDSM_123, CDSM_124", "Amenagemen": "Pas de Plateforme", "Statut": "supprimé", "Time": "09/04/2024", "Num_Coffre": 0.0 }, "geometry": { "type": "Point", "coordinates": [ -4.028404966521814, 5.358519283048719 ] } },
{ "type": "Feature", "properties": { "fid": 1777, "Cod": "Adj-23", "Commune": "Adjamé", "Quartier": "Mirador", "Type_Capac": "20m3", "Nom": "Gbêgba", "x": 386780.9, "y": 591987.3, "Affectatio": "Précollecte", "Num_Circu": "CDSM_500 - AMPLIROLL/Tt - NOUVEAU", "Amenagemen": "Pas de Plateforme", "Statut": "actif", "Time": "05/06/2026", "Num_Coffre": 2.0 }, "geometry": { "type": "Point", "coordinates": [ -4.021848045075867, 5.354885994738605 ] } },
{ "type": "Feature", "properties": { "fid": 1778, "Cod": "Adj-22", "Commune": "Adjamé", "Quartier": "Ebrié", "Type_Capac": "20m3", "Nom": "Habitat extension", "x": 386762.2, "y": 592443.6, "Affectatio": "Précollecte", "Num_Circu": "CDSM_500 - AMPLIROLL/Tt - NOUVEAU", "Amenagemen": "Plateforme pour 2 coffres", "Statut": "actif", "Time": "05/06/2026", "Num_Coffre": 2.0 }, "geometry": { "type": "Point", "coordinates": [ -4.022023660263148, 5.359012980039159 ] } },
{ "type": "Feature", "properties": { "fid": 1779, "Cod": "Adj-20", "Commune": "Adjamé", "Quartier": "220 Logements", "Type_Capac": "20m3", "Nom": "220 PIT", "x": 387601.7, "y": 591759.1, "Affectatio": "Précollecte", "Num_Circu": "CDSM_500 - AMPLIROLL/Tt - NOUVEAU", "Amenagemen": "Plateforme pour 2 coffres", "Statut": "actif", "Time": "10/06/2026", "Num_Coffre": 2.0 }, "geometry": { "type": "Point", "coordinates": [ -4.014425503317028, 5.349925201756908 ] } },
{ "type": "Feature", "properties": { "fid": 1780, "Cod": "Adj-31", "Commune": "Adjamé", "Quartier": "Habitat extension", "Type_Capac": "5m3", "Nom": "Mirador", "x": 386505.6, "y": 592182.2, "Affectatio": "Collecte", "Num_Circu": "CDSM_123, CDSM_124", "Amenagemen": "Pas de Plateforme", "Statut": "supprimé", "Time": "22/05/2024", "Num_Coffre": 0.0 }, "geometry": { "type": "Point", "coordinates": [ -4.024335405544901, 5.356644728249777 ] } },
{ "type": "Feature", "properties": { "fid": 1781, "Cod": "Adj-28", "Commune": "Adjamé", "Quartier": "Délégation", "Type_Capac": "5m3", "Nom": "William Jacob école", "x": 385992.6, "y": 591885.4, "Affectatio": "Collecte", "Num_Circu": "CDSM_111, CDSM_122", "Amenagemen": "Pas de Plateforme", "Statut": "actif", "Time": "05/06/2026", "Num_Coffre": 2.0 }, "geometry": { "type": "Point", "coordinates": [ -4.028960455370867, 5.35395239355076 ] } },
{ "type": "Feature", "properties": { "fid": 1782, "Cod": "Adj-27", "Commune": "Adjamé", "Quartier": "Délégation", "Type_Capac": "5m3", "Nom": "William Jacob mosquée", "x": 386124.8, "y": 591903.0, "Affectatio": "Collecte", "Num_Circu": "CDSM_111_CDSM_122", "Amenagemen": "Pas de Plateforme", "Statut": "actif", "Time": "05/06/2026", "Num_Coffre": 2.0 }, "geometry": { "type": "Point", "coordinates": [ -4.027767695617523, 5.354113589350227 ] } },
{ "type": "Feature", "properties": { "fid": 1783, "Cod": "Adj-25", "Commune": "Adjamé", "Quartier": "Adjamé Nord", "Type_Capac": "5m3", "Nom": "Entrée nouvelle gare - Wrangler", "x": 385912.99999999994, "y": 592903.0, "Affectatio": "Collecte", "Num_Circu": "CDSM_111, CDSM_112", "Amenagemen": "Pas de Plateforme", "Statut": "supprimé", "Time": "07/12/2023", "Num_Coffre": 0.0 }, "geometry": { "type": "Point", "coordinates": [ -4.029694211532663, 5.363155430271209 ] } },
{ "type": "Feature", "properties": { "fid": 1784, "Cod": "Adj-35", "Commune": "Adjamé", "Quartier": "Williamsville 1", "Type_Capac": "5m3", "Nom": "Terminus 14", "x": 386566.9, "y": 593358.2, "Affectatio": "Collecte", "Num_Circu": "CDSM_111, CDSM_123", "Amenagemen": "Pas de Plateforme", "Statut": "actif", "Time": "10/06/2026", "Num_Coffre": 2.0 }, "geometry": { "type": "Point", "coordinates": [ -4.023799929585593, 5.367282651871641 ] } },
{ "type": "Feature", "properties": { "fid": 1785, "Cod": "Adj-34", "Commune": "Adjamé", "Quartier": "Williamsville 2", "Type_Capac": "4m3", "Nom": "CRS", "x": 386321.1, "y": 593556.0, "Affectatio": "Collecte", "Num_Circu": "CDSM_111, CDSM_123", "Amenagemen": "Pas de Plateforme", "Statut": "actif", "Time": "10/06/2026", "Num_Coffre": 1.0 }, "geometry": { "type": "Point", "coordinates": [ -4.026021168429446, 5.369068043951858 ] } },
{ "type": "Feature", "properties": { "fid": 1786, "Cod": "Adj-33", "Commune": "Adjamé", "Quartier": "Ebrié", "Type_Capac": "5m3", "Nom": "Carine couture", "x": 387421.3, "y": 592260.6, "Affectatio": "Collecte", "Num_Circu": "CDSM_111, CDSM_123", "Amenagemen": "Pas de Plateforme", "Statut": "actif", "Time": "05/06/2026", "Num_Coffre": 1.0 }, "geometry": { "type": "Point", "coordinates": [ -4.016072876941554, 5.357367632684225 ] } },
{ "type": "Feature", "properties": { "fid": 1787, "Cod": "Adj-32", "Commune": "Adjamé", "Quartier": "Ebrié", "Type_Capac": "4m3", "Nom": "Église méthodiste", "x": 387313.5, "y": 592045.0, "Affectatio": "Collecte", "Num_Circu": "CDSM_111", "Amenagemen": "Pas de Plateforme", "Statut": "actif", "Time": "05/06/2026", "Num_Coffre": 1.0 }, "geometry": { "type": "Point", "coordinates": [ -4.017042491802929, 5.355415896430344 ] } },
{ "type": "Feature", "properties": { "fid": 1788, "Cod": "Att-3", "Commune": "Attécoubé", "Quartier": "Jérusalem Résidentiel", "Type_Capac": "20m3", "Nom": "Nadia", "x": 384327.5, "y": 587253.9, "Affectatio": "Précollecte", "Num_Circu": "CDSM_500 - AMPLIROLL/Tt - NOUVEAU", "Amenagemen": "Plateforme pour 1 coffre", "Statut": "actif", "Time": "10/07/2026", "Num_Coffre": 2.0 }, "geometry": { "type": "Point", "coordinates": [ -4.043916157777369, 5.312034971164155 ] } },
{ "type": "Feature", "properties": { "fid": 1789, "Cod": "Att-1", "Commune": "Attécoubé", "Quartier": "Jean Paul 2", "Type_Capac": "20m3", "Nom": "Marché Locodjoro", "x": 384524.2, "y": 589155.3, "Affectatio": "Précollecte", "Num_Circu": "CDSM_500 - AMPLIROLL/Tt - NOUVEAU", "Amenagemen": "Plateforme pour 2 coffres", "Statut": "actif", "Time": "10/07/2026", "Num_Coffre": 3.0 }, "geometry": { "type": "Point", "coordinates": [ -4.042170129951462, 5.329236182749599 ] } },
{ "type": "Feature", "properties": { "fid": 1790, "Cod": "Adj-37", "Commune": "Adjamé", "Quartier": "Pailliet", "Type_Capac": "20m3", "Nom": "Université Nangui Abrogoua", "x": 387094.5, "y": 596375.4, "Affectatio": "Précollecte", "Num_Circu": "CDSM_500 - AMPLIROLL/Tt - NOUVEAU", "Amenagemen": "Pas de Plateforme", "Statut": "actif", "Time": "10/06/2026", "Num_Coffre": 1.0 }, "geometry": { "type": "Point", "coordinates": [ -4.019083964419267, 5.39458140915908 ] } },
{ "type": "Feature", "properties": { "fid": 1791, "Cod": "Adj-36", "Commune": "Adjamé", "Quartier": "Williamsville 1", "Type_Capac": "5m3", "Nom": "Williamsville mosquée", "x": 386943.9, "y": 593160.1, "Affectatio": "Collecte", "Num_Circu": "CDSM_111, CDSM_123", "Amenagemen": "Pas de Plateforme", "Statut": "actif", "Time": "10/06/2026", "Num_Coffre": 2.0 }, "geometry": { "type": "Point", "coordinates": [ -4.020394672400901, 5.36549651324167 ] } },
{ "type": "Feature", "properties": { "fid": 1792, "Cod": "Adj-5", "Commune": "Adjamé", "Quartier": "Sodeci - Filtisac", "Type_Capac": "20m3", "Nom": "Marché mouton", "x": 385826.1, "y": 593418.1, "Affectatio": "Précollecte", "Num_Circu": "CDSM_500 - AMPLIROLL/Tt - NOUVEAU", "Amenagemen": "Pas de Plateforme", "Statut": "supprimé", "Time": "13/02/2026", "Num_Coffre": 0.0 }, "geometry": { "type": "Point", "coordinates": [ -4.030486261870083, 5.36781321277495 ] } },
{ "type": "Feature", "properties": { "fid": 1793, "Cod": "Adj-4", "Commune": "Adjamé", "Quartier": "Adjamé Nord", "Type_Capac": "20m3", "Nom": "Bracodi", "x": 386049.7, "y": 592782.8, "Affectatio": "Précollecte", "Num_Circu": "CDSM_500 - AMPLIROLL/Tt - NOUVEAU", "Amenagemen": "Pas de Plateforme", "Statut": "actif", "Time": "10/06/2026", "Num_Coffre": 1.0 }, "geometry": { "type": "Point", "coordinates": [ -4.028553287212102, 5.363621372070571 ] } },
{ "type": "Feature", "properties": { "fid": 1794, "Cod": "Adj-3", "Commune": "Adjamé", "Quartier": "Adjamé Nord", "Type_Capac": "20m3", "Nom": "Hôtel patient", "x": 386163.5, "y": 592529.7, "Affectatio": "Précollecte", "Num_Circu": "CDSM_500 - AMPLIROLL/Tt - NOUVEAU", "Amenagemen": "Plateforme pour 2 coffres", "Statut": "supprimé", "Time": "08/04/2024", "Num_Coffre": 0.0 }, "geometry": { "type": "Point", "coordinates": [ -4.027427920444175, 5.359782712936095 ] } },
{ "type": "Feature", "properties": { "fid": 1795, "Cod": "Adj-1", "Commune": "Adjamé", "Quartier": "Délégation", "Type_Capac": "20m3", "Nom": "Sodeci", "x": 385579.6, "y": 591843.8, "Affectatio": "Précollecte", "Num_Circu": "CDSM_500 - AMPLIROLL/Tt - NOUVEAU", "Amenagemen": "Pas de Plateforme", "Statut": "actif", "Time": "05/06/2026", "Num_Coffre": 2.0 }, "geometry": { "type": "Point", "coordinates": [ -4.032686898081813, 5.353569847964205 ] } },
{ "type": "Feature", "properties": { "fid": 1796, "Cod": "Adj-10", "Commune": "Adjamé", "Quartier": "Pailliet", "Type_Capac": "20m3", "Nom": "HMA", "x": 388218.3, "y": 594807.6, "Affectatio": "Précollecte", "Num_Circu": "CDSM_500 - AMPLIROLL/Tt - NOUVEAU", "Amenagemen": "Pas de Plateforme", "Statut": "actif", "Time": "10/06/2026", "Num_Coffre": 2.0 }, "geometry": { "type": "Point", "coordinates": [ -4.008918230206768, 5.380417414466693 ] } },
{ "type": "Feature", "properties": { "fid": 1797, "Cod": "Adj-9", "Commune": "Adjamé", "Quartier": "Sodeci - Filtisac", "Type_Capac": "20m3", "Nom": "Marché Kady sylla", "x": 386280.1, "y": 594712.4, "Affectatio": "Précollecte", "Num_Circu": "CDSM_500 - AMPLIROLL/Tt - NOUVEAU", "Amenagemen": "Plateforme pour 4 coffres", "Statut": "actif", "Time": "10/06/2026", "Num_Coffre": 3.0 }, "geometry": { "type": "Point", "coordinates": [ -4.02640869051528, 5.379527124650951 ] } },
{ "type": "Feature", "properties": { "fid": 1798, "Cod": "Adj-8", "Commune": "Adjamé", "Quartier": "Pailliet", "Type_Capac": "20m3", "Nom": "Sonitra", "x": 386937.4, "y": 594913.6, "Affectatio": "Précollecte", "Num_Circu": "CDSM_500 - AMPLIROLL/Tt - NOUVEAU", "Amenagemen": "Plateforme pour 2 coffres", "Statut": "actif", "Time": "10/06/2026", "Num_Coffre": 2.0 }, "geometry": { "type": "Point", "coordinates": [ -4.020479729198039, 5.381356950270445 ] } },
{ "type": "Feature", "properties": { "fid": 1799, "Cod": "Adj-7", "Commune": "Adjamé", "Quartier": "Pailliet", "Type_Capac": "20m3", "Nom": "Garage cissé", "x": 386491.6, "y": 594688.9, "Affectatio": "Précollecte", "Num_Circu": "CDSM_500 - AMPLIROLL/Tt - NOUVEAU", "Amenagemen": "Pas de Plateforme", "Statut": "actif", "Time": "10/06/2026", "Num_Coffre": 2.0 }, "geometry": { "type": "Point", "coordinates": [ -4.024499593179358, 5.379317776056053 ] } },
{ "type": "Feature", "properties": { "fid": 1800, "Cod": "Adj-14", "Commune": "Adjamé", "Quartier": "Williamsville 1", "Type_Capac": "20m3", "Nom": "Ancien marché mouton", "x": 386157.3, "y": 593207.6, "Affectatio": "Précollecte", "Num_Circu": "CDSM_500 - AMPLIROLL/Tt - NOUVEAU", "Amenagemen": "Pas de Plateforme", "Statut": "actif", "Time": "10/06/2026", "Num_Coffre": 1.0 }, "geometry": { "type": "Point", "coordinates": [ -4.028905101479514, 5.366967664010219 ] } },
{ "type": "Feature", "properties": { "fid": 1801, "Cod": "Adj-13", "Commune": "Adjamé", "Quartier": "Williamsville 1", "Type_Capac": "20m3", "Nom": "Quai agban tracteur", "x": 387174.2, "y": 592711.2, "Affectatio": "Précollecte", "Num_Circu": "CDSM_500 - AMPLIROLL/Tt - NOUVEAU", "Amenagemen": "Plateforme pour 8 coffres + Clôture", "Statut": "actif", "Time": "10/06/2026", "Num_Coffre": 6.0 }, "geometry": { "type": "Point", "coordinates": [ -4.018309577412267, 5.361439641900282 ] } },
{ "type": "Feature", "properties": { "fid": 1802, "Cod": "Adj-12", "Commune": "Adjamé", "Quartier": "Williamsville 2", "Type_Capac": "20m3", "Nom": "Cimétière williamsville", "x": 387526.0, "y": 593436.4, "Affectatio": "Précollecte", "Num_Circu": "CDSM_500 - AMPLIROLL/Tt - NOUVEAU", "Amenagemen": "Pas de Plateforme", "Statut": "actif", "Time": "10/06/2026", "Num_Coffre": 1.0 }, "geometry": { "type": "Point", "coordinates": [ -4.015145585778768, 5.368004418047598 ] } },
{ "type": "Feature", "properties": { "fid": 1803, "Cod": "Adj-11", "Commune": "Adjamé", "Quartier": "Pailliet", "Type_Capac": "20m3", "Nom": "Paillet Cocoteraie", "x": 387683.2, "y": 594695.0, "Affectatio": "Précollecte", "Num_Circu": "CDSM_500 - AMPLIROLL/Tt - NOUVEAU", "Amenagemen": "Pas de Plateforme", "Statut": "supprimé", "Time": "08/12/2023", "Num_Coffre": 0.0 }, "geometry": { "type": "Point", "coordinates": [ -4.013745734345028, 5.379390925746547 ] } },
{ "type": "Feature", "properties": { "fid": 1804, "Cod": "Adj-19", "Commune": "Adjamé", "Quartier": "Mirador", "Type_Capac": "20m3", "Nom": "Quai marché gouro", "x": 386615.5, "y": 591462.1, "Affectatio": "Précollecte", "Num_Circu": "CDSM_500 - AMPLIROLL/Tt - NOUVEAU", "Amenagemen": "Plateforme pour 12 coffres + Clôture ouvert devant", "Statut": "actif", "Time": "05/06/2026", "Num_Coffre": 5.0 }, "geometry": { "type": "Point", "coordinates": [ -4.023332788257346, 5.350133031468548 ] } },
{ "type": "Feature", "properties": { "fid": 1805, "Cod": "Adj-18", "Commune": "Adjamé", "Quartier": "Mirador", "Type_Capac": "20m3", "Nom": "Marché rosalie", "x": 386560.4, "y": 591421.4, "Affectatio": "Précollecte", "Num_Circu": "CDSM_500 - AMPLIROLL/Tt - NOUVEAU", "Amenagemen": "Plateforme pour 1 coffre", "Statut": "supprimé", "Time": "31/10/2023", "Num_Coffre": 0.0 }, "geometry": { "type": "Point", "coordinates": [ -4.023829418328243, 5.349764066843306 ] } },
{ "type": "Feature", "properties": { "fid": 1806, "Cod": "Adj-17", "Commune": "Adjamé", "Quartier": "Mirador", "Type_Capac": "20m3", "Nom": "Marché madeleine", "x": 386630.3, "y": 591403.0, "Affectatio": "Précollecte", "Num_Circu": "CDSM_500 - AMPLIROLL/Tt - NOUVEAU", "Amenagemen": "Plateforme pour 2 coffres", "Statut": "actif", "Time": "05/06/2026", "Num_Coffre": 2.0 }, "geometry": { "type": "Point", "coordinates": [ -4.023198339626517, 5.349598690664753 ] } },
{ "type": "Feature", "properties": { "fid": 1807, "Cod": "Adj-16", "Commune": "Adjamé", "Quartier": "Mairie 1", "Type_Capac": "20m3", "Nom": "Marché feuille", "x": 385919.8, "y": 590413.0, "Affectatio": "Précollecte", "Num_Circu": "CDSM_500 - AMPLIROLL/Tt - NOUVEAU", "Amenagemen": "Plateforme pour 2 coffres", "Statut": "supprimé", "Time": "05/06/2026", "Num_Coffre": 0.0 }, "geometry": { "type": "Point", "coordinates": [ -4.029595177055098, 5.340633351561667 ] } },
{ "type": "Feature", "properties": { "fid": 1817, "Cod": "Kos-10", "Commune": "Kossihouen", "Quartier": null, "Type_Capac": "12m3", "Nom": "Marché Kossihouen", "x": 357024.8, "y": 610530.7, "Affectatio": "EcoEburnie", "Num_Circu": null, "Amenagemen": null, "Statut": "actif", "Time": "31/10/2023", "Num_Coffre": 1.0 }, "geometry": { "type": "Point", "coordinates": [ -4.290724848076295, 5.522089135153234 ] } },
{ "type": "Feature", "properties": { "fid": 1820, "Cod": "Att-60", "Commune": "Attécoubé", "Quartier": "Bidjan-Té", "Type_Capac": "20m3", "Nom": "Hôtel des jeunes", "x": 385689.03632281825, "y": 591465.78083589836, "Affectatio": "Précollecte", "Num_Circu": "CDSM_500 - AMPLIROLL/Tt - NOUVEAU", "Amenagemen": "Bitime", "Statut": "supprimé", "Time": "05/06/2026", "Num_Coffre": 0.0 }, "geometry": { "type": "Point", "coordinates": [ -4.031030704219456, 5.347801934513938 ] } },
{ "type": "Feature", "properties": { "fid": 1826, "Cod": "Att-59", "Commune": "Attécoubé", "Quartier": "Santé III", "Type_Capac": "4m3", "Nom": "mossikro en bas de l'arbre", "x": 383617.9174189886, "y": 590372.97949507704, "Affectatio": "Collecte", "Num_Circu": "CDSM_110", "Amenagemen": "Pas de Plateforme", "Statut": "actif", "Time": "10/07/2026", "Num_Coffre": 1.0 }, "geometry": { "type": "Point", "coordinates": [ -4.050367142773613, 5.34023618717022 ] } },
{ "type": "Feature", "properties": { "fid": 1834, "Cod": "Kos-1", "Commune": "Kossihouen", "Quartier": null, "Type_Capac": "12m3", "Nom": "Kossihouen", "x": 356592.1, "y": 610474.4, "Affectatio": "EcoEburnie", "Num_Circu": null, "Amenagemen": null, "Statut": "actif", "Time": "31/10/2023", "Num_Coffre": 1.0 }, "geometry": { "type": "Point", "coordinates": [ -4.294629317042435, 5.521571451842153 ] } },
{ "type": "Feature", "properties": { "fid": 1838, "Cod": "Kos-5", "Commune": "Kossihouen", "Quartier": null, "Type_Capac": "12m3", "Nom": "Nonkouagon", "x": 359520.7, "y": 604165.4, "Affectatio": "EcoEburnie", "Num_Circu": null, "Amenagemen": null, "Statut": "actif", "Time": "31/10/2023", "Num_Coffre": 1.0 }, "geometry": { "type": "Point", "coordinates": [ -4.268074849901803, 5.464568282014465 ] } },
{ "type": "Feature", "properties": { "fid": 1839, "Cod": "Kos-4", "Commune": "Kossihouen", "Quartier": null, "Type_Capac": "12m3", "Nom": "Bago", "x": 359249.5, "y": 607215.2, "Affectatio": "EcoEburnie", "Num_Circu": null, "Amenagemen": null, "Statut": "actif", "Time": "31/10/2023", "Num_Coffre": 1.0 }, "geometry": { "type": "Point", "coordinates": [ -4.270580787763016, 5.492146250295467 ] } },
{ "type": "Feature", "properties": { "fid": 1840, "Cod": "Kos-3", "Commune": "Kossihouen", "Quartier": null, "Type_Capac": "12m3", "Nom": "Kossihouen B", "x": 357793.9, "y": 611197.7, "Affectatio": "EcoEburnie", "Num_Circu": null, "Amenagemen": null, "Statut": "actif", "Time": "31/10/2023", "Num_Coffre": 1.0 }, "geometry": { "type": "Point", "coordinates": [ -4.28379588435441, 5.528136648026061 ] } },
{ "type": "Feature", "properties": { "fid": 1841, "Cod": "Kos-2", "Commune": "Kossihouen", "Quartier": null, "Type_Capac": "12m3", "Nom": "Marché Kossihouen B", "x": 356961.7, "y": 610478.3, "Affectatio": "EcoEburnie", "Num_Circu": null, "Amenagemen": null, "Statut": "actif", "Time": "31/10/2023", "Num_Coffre": 1.0 }, "geometry": { "type": "Point", "coordinates": [ -4.291293366653504, 5.52161398355299 ] } },
{ "type": "Feature", "properties": { "fid": 1842, "Cod": "Kos-9", "Commune": "Kossihouen", "Quartier": null, "Type_Capac": "12m3", "Nom": "EPP Kossihouen", "x": 357420.7, "y": 610897.9, "Affectatio": "EcoEburnie", "Num_Circu": null, "Amenagemen": null, "Statut": "actif", "Time": "31/10/2023", "Num_Coffre": 1.0 }, "geometry": { "type": "Point", "coordinates": [ -4.287158595962394, 5.525417908485185 ] } },
{ "type": "Feature", "properties": { "fid": 1843, "Cod": "Kos-8", "Commune": "Kossihouen", "Quartier": null, "Type_Capac": "12m3", "Nom": "Guébo 2", "x": 356167.2, "y": 614407.6, "Affectatio": "EcoEburnie", "Num_Circu": null, "Amenagemen": null, "Statut": "actif", "Time": "31/10/2023", "Num_Coffre": 1.0 }, "geometry": { "type": "Point", "coordinates": [ -4.298542158995273, 5.557135450036449 ] } },
{ "type": "Feature", "properties": { "fid": 1844, "Cod": "Kos-7", "Commune": "Kossihouen", "Quartier": null, "Type_Capac": "12m3", "Nom": "Guébo 1", "x": 356933.1, "y": 612895.9, "Affectatio": "EcoEburnie", "Num_Circu": null, "Amenagemen": null, "Statut": "actif", "Time": "31/10/2023", "Num_Coffre": 1.0 }, "geometry": { "type": "Point", "coordinates": [ -4.291598945743197, 5.543478573178191 ] } },
{ "type": "Feature", "properties": { "fid": 1845, "Cod": "Kos-6", "Commune": "Kossihouen", "Quartier": null, "Type_Capac": "12m3", "Nom": "Kodiakro", "x": 352751.6, "y": 608667.0, "Affectatio": "EcoEburnie", "Num_Circu": null, "Amenagemen": null, "Statut": "actif", "Time": "31/10/2023", "Num_Coffre": 1.0 }, "geometry": { "type": "Point", "coordinates": [ -4.329257213072736, 5.505148741245181 ] } },
{ "type": "Feature", "properties": { "fid": 1890, "Cod": "Son-81", "Commune": "Songon", "Quartier": "Bimbresso", "Type_Capac": "4m3", "Nom": "Carrefour Bimbresso", "x": 374591.1, "y": 589965.5, "Affectatio": "Collecte", "Num_Circu": "CDSM_101", "Amenagemen": "Pas de Plateforme", "Statut": "actif", "Time": "07/07/2026", "Num_Coffre": 1.0 }, "geometry": { "type": "Point", "coordinates": [ -4.149650022662796, 5.341992169467926 ] } },
{ "type": "Feature", "properties": { "fid": 1942, "Cod": "Att-72", "Commune": "Attécoubé", "Quartier": "Santé Village", "Type_Capac": "20m3", "Nom": "Base chinoise", "x": 384450.9, "y": 590272.4, "Affectatio": "Précollecte", "Num_Circu": "CDSM_500 - AMPLIROLL/Tt - NOUVEAU", "Amenagemen": "Pas de Plateforme", "Statut": "actif", "Time": "10/07/2026", "Num_Coffre": 1.0 }, "geometry": { "type": "Point", "coordinates": [ -4.041116855563248, 5.334694817892551 ] } },
{ "type": "Feature", "properties": { "fid": 1943, "Cod": "Son-71", "Commune": "Songon", "Quartier": null, "Type_Capac": "20m3", "Nom": "Madame Djo fruit", "x": 369032.83183728426, "y": 589969.30428949895, "Affectatio": "Précollecte", "Num_Circu": "CDSM_500 - AMPLIROLL/Tt - NOUVEAU", "Amenagemen": "Pas de Plateforme", "Statut": "actif", "Time": "08/07/2026", "Num_Coffre": 1.0 }, "geometry": { "type": "Point", "coordinates": [ -4.180666666666669, 5.33661111111111 ] } },
{ "type": "Feature", "properties": { "fid": 1945, "Cod": "Son-72", "Commune": "Songon", "Quartier": "Abiatté village", "Type_Capac": "20m3", "Nom": "Abiatté village", "x": 356885.5, "y": 595449.8, "Affectatio": "EcoEburnie", "Num_Circu": "CDSM_506 - AMPLIROLL - SONGON – EEB", "Amenagemen": "Pas de Plateforme", "Statut": "actif", "Time": "08/07/2026", "Num_Coffre": 1.0 }, "geometry": { "type": "Point", "coordinates": [ -4.292656007015064, 5.38880396800818 ] } },
{ "type": "Feature", "properties": { "fid": 1946, "Cod": "Son-73", "Commune": "Songon", "Quartier": "Grand Bonjour village", "Type_Capac": "20m3", "Nom": "Grand Bonjour village", "x": 356885.5, "y": 595449.8, "Affectatio": "EcoEburnie", "Num_Circu": "CDSM_506 - AMPLIROLL - SONGON – EEB", "Amenagemen": "Pas de Plateforme", "Statut": "actif", "Time": "08/07/2026", "Num_Coffre": 1.0 }, "geometry": { "type": "Point", "coordinates": [ -4.256472222222223, 5.4175 ] } },
{ "type": "Feature", "properties": { "fid": 1947, "Cod": "Son-74", "Commune": "Songon", "Quartier": "Bimbresso", "Type_Capac": "20m3", "Nom": "Brimbresso Forêt CNRA", "x": 370048.4, "y": 590886.2, "Affectatio": "Précollecte", "Num_Circu": "CDSM_500 - AMPLIROLL/Tt - NOUVEAU", "Amenagemen": "Pas de Plateforme", "Statut": "actif", "Time": "07/07/2026", "Num_Coffre": 1.0 }, "geometry": { "type": "Point", "coordinates": [ -4.146766796719325, 5.365424451879237 ] } },
{ "type": "Feature", "properties": { "fid": 1949, "Cod": "Att-69", "Commune": "Attécoubé", "Quartier": "Abidjan Agban", "Type_Capac": "20m3", "Nom": "Agban garage (Pont mangue)", "x": 384860.3, "y": 592673.1, "Affectatio": "EcoEburnie", "Num_Circu": "CDSM_505 - AMPLIROLL - ATTECOUBE – EEB", "Amenagemen": "Pas de Plateforme", "Statut": "actif", "Time": "15/07/2026", "Num_Coffre": 1.0 }, "geometry": { "type": "Point", "coordinates": [ -4.034762889131824, 5.36175372968249 ] } },
{ "type": "Feature", "properties": { "fid": 1950, "Cod": "Son-75", "Commune": "Songon", "Quartier": "Bimbresso", "Type_Capac": "20m3", "Nom": "Brimbresso Forêt Marché", "x": 370048.4, "y": 590886.2, "Affectatio": "Précollecte", "Num_Circu": "CDSM_500 - AMPLIROLL/Tt - NOUVEAU", "Amenagemen": "Pas de Plateforme", "Statut": "actif", "Time": "07/07/2026", "Num_Coffre": 1.0 }, "geometry": { "type": "Point", "coordinates": [ -4.145847489722017, 5.360397936435668 ] } },
{ "type": "Feature", "properties": { "fid": 1951, "Cod": "Att-71", "Commune": "Attécoubé", "Quartier": "Agban Attié", "Type_Capac": "20m3", "Nom": "Montée Sibéton", "x": 382283.00000000006, "y": 592338.3, "Affectatio": "Précollecte", "Num_Circu": "CDSM_500 - AMPLIROLL/Tt - NOUVEAU", "Amenagemen": "Pas de plateforme", "Statut": "actif", "Time": "10/07/2026", "Num_Coffre": 2.0 }, "geometry": { "type": "Point", "coordinates": [ -4.04602777777778, 5.357972222222224 ] } },
{ "type": "Feature", "properties": { "fid": 1953, "Cod": "Son-76", "Commune": "Songon", "Quartier": "Abadjin Doumé", "Type_Capac": "5m3", "Nom": "Abadjin Doumé antenne", "x": 372474.1, "y": 589209.6, "Affectatio": "Collecte", "Num_Circu": "CDSM_PC", "Amenagemen": "Pas Plateforme", "Statut": "actif", "Time": "09/07/2026", "Num_Coffre": 1.0 }, "geometry": { "type": "Point", "coordinates": [ -4.147915909096977, 5.311087579731137 ] } },
{ "type": "Feature", "properties": { "fid": 1954, "Cod": "Adj-46", "Commune": "Adjamé", "Quartier": "Indénié - Adjamé", "Type_Capac": "20m3", "Nom": "Adjamé Village 1", "x": 385919.8, "y": 590413.0, "Affectatio": "Précollecte", "Num_Circu": "CDSM_500 - AMPLIROLL/Tt - NOUVEAU", "Amenagemen": "Pas de Plateforme", "Statut": "supprimé", "Time": "06/09/2024", "Num_Coffre": 0.0 }, "geometry": { "type": "Point", "coordinates": [ -4.023417, 5.342111111111111 ] } },
{ "type": "Feature", "properties": { "fid": 1956, "Cod": "Att-14", "Commune": "Attécoubé", "Quartier": "Gbébouto", "Type_Capac": "20m3", "Nom": "Vigou", "x": 384766.9, "y": 591627.2, "Affectatio": "Précollecte", "Num_Circu": "CDSM_505 - AMPLIROLL /Tt - NOUVEAU", "Amenagemen": "Pas de Plateforme", "Statut": "supprimé", "Time": "07/10/2025", "Num_Coffre": 0.0 }, "geometry": { "type": "Point", "coordinates": [ -4.040017694273096, 5.351598289115819 ] } },
{ "type": "Feature", "properties": { "fid": 1958, "Cod": "Att-2", "Commune": "Attécoubé", "Quartier": "Jérusalem 3", "Type_Capac": "20m3", "Nom": "Plantation 1", "x": 384497.6, "y": 588441.2, "Affectatio": "Précollecte", "Num_Circu": "CDSM_500 - AMPLIROLL/Tt - NOUVEAU", "Amenagemen": "Plateforme pour 2 coffres", "Statut": "supprimé", "Time": null, "Num_Coffre": 0.0 }, "geometry": { "type": "Point", "coordinates": [ -4.04239928472153, 5.322776724644559 ] } },
{ "type": "Feature", "properties": { "fid": 1959, "Cod": "Son-6", "Commune": "Songon", "Quartier": null, "Type_Capac": "20m3", "Nom": "Palmci Songon", "x": 366766.9, "y": 597235.5, "Affectatio": "Précollecte", "Num_Circu": "CDSM_500 - AMPLIROLL/Tt - NOUVEAU", "Amenagemen": null, "Statut": "supprimé", "Time": null, "Num_Coffre": 0.0 }, "geometry": { "type": "Point", "coordinates": [ -4.202550745543931, 5.402025438313845 ] } },
{ "type": "Feature", "properties": { "fid": 1964, "Cod": "Son-14", "Commune": "Songon", "Quartier": "Beugré Mambé", "Type_Capac": "20m3", "Nom": "Beugré Mambé 1", "x": 373632.9, "y": 590611.6, "Affectatio": "Précollecte", "Num_Circu": "CDSM_500 - AMPLIROLL/Tt - NOUVEAU", "Amenagemen": "Pas de Plateforme", "Statut": "supprimé", "Time": null, "Num_Coffre": 0.0 }, "geometry": { "type": "Point", "coordinates": [ -4.140475926072162, 5.342233725244828 ] } },
{ "type": "Feature", "properties": { "fid": 1973, "Cod": "Adj-15", "Commune": "Adjamé", "Quartier": "Mairie 2", "Type_Capac": "20m3", "Nom": "Forum", "x": 386298.8, "y": 590984.2, "Affectatio": "Précollecte", "Num_Circu": "CDSM_500 - AMPLIROLL/Tt - NOUVEAU", "Amenagemen": "Pas de Plateforme", "Statut": "supprimé", "Time": null, "Num_Coffre": 0.0 }, "geometry": { "type": "Point", "coordinates": [ -4.026183601016425, 5.345805617716678 ] } },
{ "type": "Feature", "properties": { "fid": 1974, "Cod": "Adj-6", "Commune": "Adjamé", "Quartier": "Sodeci - Filtisac", "Type_Capac": "20m3", "Nom": "Sodeci Macaci", "x": 386068.0, "y": 594133.4, "Affectatio": "Précollecte", "Num_Circu": "CDSM_500 - AMPLIROLL/Tt - NOUVEAU", "Amenagemen": "Pas de Plateforme", "Statut": "supprimé", "Time": null, "Num_Coffre": 0.0 }, "geometry": { "type": "Point", "coordinates": [ -4.028314057030966, 5.374286815671919 ] } },
{ "type": "Feature", "properties": { "fid": 1975, "Cod": "Adj-2", "Commune": "Adjamé", "Quartier": "Délégation", "Type_Capac": "20m3", "Nom": "Agban pharmacie", "x": 385721.2, "y": 592167.6, "Affectatio": "Précollecte", "Num_Circu": "CDSM_500 - AMPLIROLL/Tt - NOUVEAU", "Amenagemen": "Pas de Plateforme", "Statut": "supprimé", "Time": null, "Num_Coffre": 0.0 }, "geometry": { "type": "Point", "coordinates": [ -4.03141395513603, 5.356500786893169 ] } },
{ "type": "Feature", "properties": { "fid": 2021, "Cod": "Son-44", "Commune": "Songon", "Quartier": "Dagbé Village", "Type_Capac": "5m3", "Nom": "Dagbé", "x": 363978.9, "y": 587393.9, "Affectatio": "Collecte", "Num_Circu": null, "Amenagemen": "Pas de Plateforme", "Statut": "supprimé", "Time": null, "Num_Coffre": 0.0 }, "geometry": { "type": "Point", "coordinates": [ -4.227533434861082, 5.312963407738912 ] } },
{ "type": "Feature", "properties": { "fid": 2024, "Cod": "Son-39", "Commune": "Songon", "Quartier": "Dagbé Village", "Type_Capac": "5m3", "Nom": "Dagbé campement gouro", "x": 364290.3, "y": 588343.2, "Affectatio": "Collecte", "Num_Circu": null, "Amenagemen": "Pas de Plateforme", "Statut": "supprimé", "Time": null, "Num_Coffre": 0.0 }, "geometry": { "type": "Point", "coordinates": [ -4.224740585840713, 5.321554888896179 ] } },
{ "type": "Feature", "properties": { "fid": 2025, "Cod": "Son-58", "Commune": "Songon", "Quartier": "Adiapoté 2", "Type_Capac": "4m3", "Nom": "Adiapoté (Ancien SAPH)", "x": 369788.9, "y": 586933.4, "Affectatio": "Collecte", "Num_Circu": null, "Amenagemen": "Pas de Plateforme", "Statut": "actif", "Time": "09/07/2026", "Num_Coffre": 1.0 }, "geometry": { "type": "Point", "coordinates": [ -4.175105709584658, 5.309040044266843 ] } },
{ "type": "Feature", "properties": { "fid": 2026, "Cod": "Son-52", "Commune": "Songon", "Quartier": "Dagbé Village", "Type_Capac": "5m3", "Nom": "Dagbé Cité Grâce", "x": 363944.4, "y": 588305.4, "Affectatio": "Collecte", "Num_Circu": "CDSM_101", "Amenagemen": "Pas de Plateforme", "Statut": "supprimé", "Time": null, "Num_Coffre": 0.0 }, "geometry": { "type": "Point", "coordinates": [ -4.227861070236825, 5.321206797954376 ] } },
{ "type": "Feature", "properties": { "fid": 2028, "Cod": "Son-48", "Commune": "Songon", "Quartier": "Godoumé Village", "Type_Capac": "4m3", "Nom": "Goudoumin au bord ( site 2)", "x": 368441.4, "y": 586549.9, "Affectatio": "Collecte", "Num_Circu": null, "Amenagemen": "Pas de Plateforme", "Statut": "actif", "Time": "08/07/2026", "Num_Coffre": 1.0 }, "geometry": { "type": "Point", "coordinates": [ -4.187252588895924, 5.305408549993373 ] } },
{ "type": "Feature", "properties": { "fid": 2030, "Cod": "Son-60", "Commune": "Songon", "Quartier": null, "Type_Capac": "5m3", "Nom": "Plantation hévéa (promoci)", "x": 369879.3, "y": 597913.5, "Affectatio": "Collecte", "Num_Circu": null, "Amenagemen": "Pas de Plateforme", "Statut": "supprimé", "Time": null, "Num_Coffre": 0.0 }, "geometry": { "type": "Point", "coordinates": [ -4.174474344793125, 5.408212654977225 ] } },
{ "type": "Feature", "properties": { "fid": 2036, "Cod": "Son-20", "Commune": "Songon", "Quartier": "Abadjin Doumé", "Type_Capac": "5m3", "Nom": "Abadjin Doumé Lagune", "x": 372797.4, "y": 586890.4, "Affectatio": "Collecte", "Num_Circu": "CDSM_PC", "Amenagemen": "Pas de Plateforme", "Statut": "supprimé", "Time": null, "Num_Coffre": 0.0 }, "geometry": { "type": "Point", "coordinates": [ -4.147952926307077, 5.308562522343641 ] } },
{ "type": "Feature", "properties": { "fid": 2037, "Cod": "Son-18", "Commune": "Songon", "Quartier": null, "Type_Capac": "5m3", "Nom": "CNRA", "x": 371958.0, "y": 587357.7, "Affectatio": "Collecte", "Num_Circu": null, "Amenagemen": "Pas de Plateforme", "Statut": "supprimé", "Time": null, "Num_Coffre": 0.0 }, "geometry": { "type": "Point", "coordinates": [ -4.155535010634932, 5.312774981260763 ] } },
{ "type": "Feature", "properties": { "fid": 2039, "Cod": "Son-26", "Commune": "Songon", "Quartier": null, "Type_Capac": "4m3", "Nom": "Carrefour Gravier", "x": 368813.9, "y": 589754.0, "Affectatio": "Collecte", "Num_Circu": "CDSM_101", "Amenagemen": "Pas de Plateforme", "Statut": "actif", "Time": "08/07/2026", "Num_Coffre": 1.0 }, "geometry": { "type": "Point", "coordinates": [ -4.183269990476419, 5.334872677264348 ] } },
{ "type": "Feature", "properties": { "fid": 2040, "Cod": "Son-25", "Commune": "Songon", "Quartier": null, "Type_Capac": "5m3", "Nom": "Marché aux fruits", "x": 368995.00000000006, "y": 589964.7, "Affectatio": "Collecte", "Num_Circu": null, "Amenagemen": "Pas de Plateforme", "Statut": "supprimé", "Time": null, "Num_Coffre": 0.0 }, "geometry": { "type": "Point", "coordinates": [ -4.182316309207161, 5.336303603633729 ] } },
{ "type": "Feature", "properties": { "fid": 2041, "Cod": "Son-24", "Commune": "Songon", "Quartier": null, "Type_Capac": "5m3", "Nom": "Songon Mme Djo fruit", "x": 369067.4, "y": 589978.8, "Affectatio": "Collecte", "Num_Circu": null, "Amenagemen": "Pas de Plateforme", "Statut": "supprimé", "Time": null, "Num_Coffre": 0.0 }, "geometry": { "type": "Point", "coordinates": [ -4.181663239478011, 5.336432388896125 ] } },
{ "type": "Feature", "properties": { "fid": 2042, "Cod": "Son-22", "Commune": "Songon", "Quartier": null, "Type_Capac": "5m3", "Nom": "Route de dabou saph", "x": 370224.9, "y": 590333.4, "Affectatio": "Collecte", "Num_Circu": null, "Amenagemen": "Pas de Plateforme", "Statut": "supprimé", "Time": null, "Num_Coffre": 0.0 }, "geometry": { "type": "Point", "coordinates": [ -4.171224402602908, 5.339659607878738 ] } },
{ "type": "Feature", "properties": { "fid": 2044, "Cod": "Son-32", "Commune": "Songon", "Quartier": "Kassemblé Village", "Type_Capac": "5m3", "Nom": "Kassemblé manioc 2", "x": 365999.7, "y": 587739.4, "Affectatio": "Collecte", "Num_Circu": null, "Amenagemen": "Pas de Plateforme", "Statut": "supprimé", "Time": null, "Num_Coffre": 0.0 }, "geometry": { "type": "Point", "coordinates": [ -4.209305427013064, 5.316124279362642 ] } },
{ "type": "Feature", "properties": { "fid": 2045, "Cod": "Son-31", "Commune": "Songon", "Quartier": "Kassemblé Village", "Type_Capac": "5m3", "Nom": "PFO", "x": 366416.2, "y": 588173.1, "Affectatio": "Collecte", "Num_Circu": null, "Amenagemen": "Pas de Plateforme", "Statut": "supprimé", "Time": null, "Num_Coffre": 0.0 }, "geometry": { "type": "Point", "coordinates": [ -4.205554858449382, 5.320054242817692 ] } },
{ "type": "Feature", "properties": { "fid": 2047, "Cod": "Son-38", "Commune": "Songon", "Quartier": "Kassemblé Village", "Type_Capac": "5m3", "Nom": "Kassemblé Campement Gouro", "x": 365172.8, "y": 588192.9, "Affectatio": "Collecte", "Num_Circu": "CDSM_101", "Amenagemen": "Pas de Plateforme", "Statut": "supprimé", "Time": null, "Num_Coffre": 0.0 }, "geometry": { "type": "Point", "coordinates": [ -4.216774828163014, 5.320211278502605 ] } },
{ "type": "Feature", "properties": { "fid": 2048, "Cod": "Son-37", "Commune": "Songon", "Quartier": "Kassemblé Village", "Type_Capac": "5m3", "Nom": "Kassemblé Ecole primaire", "x": 365571.3, "y": 588034.1, "Affectatio": "Collecte", "Num_Circu": "CDSM_101", "Amenagemen": "Pas de Plateforme", "Statut": "supprimé", "Time": null, "Num_Coffre": 0.0 }, "geometry": { "type": "Point", "coordinates": [ -4.213176219008538, 5.318782100959166 ] } },
{ "type": "Feature", "properties": { "fid": 2049, "Cod": "Son-36", "Commune": "Songon", "Quartier": "Kassemblé Village", "Type_Capac": "5m3", "Nom": "Cite ORIBAT", "x": 365758.6, "y": 588256.7, "Affectatio": "Collecte", "Num_Circu": null, "Amenagemen": "Pas de Plateforme", "Statut": "supprimé", "Time": null, "Num_Coffre": 0.0 }, "geometry": { "type": "Point", "coordinates": [ -4.211490090302132, 5.32079872919482 ] } },
{ "type": "Feature", "properties": { "fid": 2050, "Cod": "Son-35", "Commune": "Songon", "Quartier": "Kassemblé Village", "Type_Capac": "5m3", "Nom": "Rond point INTERBAT-PROMOGIM", "x": 365295.00000000006, "y": 589066.8, "Affectatio": "Collecte", "Num_Circu": null, "Amenagemen": "Pas de Plateforme", "Statut": "supprimé", "Time": null, "Num_Coffre": 0.0 }, "geometry": { "type": "Point", "coordinates": [ -4.215687705463113, 5.328117426786688 ] } },
{ "type": "Feature", "properties": { "fid": 2051, "Cod": "Adj-26", "Commune": "Adjamé", "Quartier": "Indénié - Adjamé", "Type_Capac": "5m3", "Nom": "Rond point Marie Thérèse", "x": 387238.4, "y": 591214.00000000012, "Affectatio": "Collecte", "Num_Circu": "CDSM_111, CDSM_124", "Amenagemen": "Pas de Plateforme", "Statut": "supprimé", "Time": null, "Num_Coffre": 0.0 }, "geometry": { "type": "Point", "coordinates": [ -4.017707802974788, 5.347898303331491 ] } },
{ "type": "Feature", "properties": { "fid": 2053, "Cod": "Att-29", "Commune": "Attécoubé", "Quartier": "Némantoulaye", "Type_Capac": "5m3", "Nom": "Djené terrain", "x": 384181.895, "y": 591499.029, "Affectatio": "Collecte", "Num_Circu": null, "Amenagemen": null, "Statut": "supprimé", "Time": null, "Num_Coffre": 0.0 }, "geometry": { "type": "Point", "coordinates": [ -4.045295000847558, 5.350429999528696 ] } },
{ "type": "Feature", "properties": { "fid": 2054, "Cod": "Att-28", "Commune": "Attécoubé", "Quartier": "Djéné-Ecaré", "Type_Capac": "5m3", "Nom": "Djené 2", "x": 384178.4, "y": 591380.7, "Affectatio": "Collecte", "Num_Circu": null, "Amenagemen": null, "Statut": "supprimé", "Time": null, "Num_Coffre": 0.0 }, "geometry": { "type": "Point", "coordinates": [ -4.045324724113193, 5.349359658944413 ] } },
{ "type": "Feature", "properties": { "fid": 2055, "Cod": "Att-27", "Commune": "Attécoubé", "Quartier": "Santé III", "Type_Capac": "5m3", "Nom": "Mossikro carrefour marché", "x": 384129.4, "y": 590584.6, "Affectatio": "Collecte", "Num_Circu": null, "Amenagemen": null, "Statut": "supprimé", "Time": null, "Num_Coffre": 0.0 }, "geometry": { "type": "Point", "coordinates": [ -4.045754696175768, 5.34215817370348 ] } },
{ "type": "Feature", "properties": { "fid": 2056, "Cod": "Att-41", "Commune": "Attécoubé", "Quartier": "Djéné-Ecaré", "Type_Capac": "5m3", "Nom": "Hotel distingo", "x": 384192.1, "y": 591225.8, "Affectatio": "Collecte", "Num_Circu": null, "Amenagemen": "Pas de Plateforme", "Statut": "supprimé", "Time": null, "Num_Coffre": 0.0 }, "geometry": { "type": "Point", "coordinates": [ -4.045198714142235, 5.347958797810443 ] } },
{ "type": "Feature", "properties": { "fid": 2059, "Cod": "Att-32", "Commune": "Attécoubé", "Quartier": "Garage Machine", "Type_Capac": "5m3", "Nom": "Ecole primaire", "x": 383314.6, "y": 592276.6, "Affectatio": "Collecte", "Num_Circu": null, "Amenagemen": null, "Statut": "supprimé", "Time": null, "Num_Coffre": 0.0 }, "geometry": { "type": "Point", "coordinates": [ -4.053133756626579, 5.357449720469281 ] } },
{ "type": "Feature", "properties": { "fid": 2060, "Cod": "Son-15", "Commune": "Songon", "Quartier": null, "Type_Capac": "5m3", "Nom": "Km22", "x": 371770.7, "y": 597749.3, "Affectatio": "Collecte", "Num_Circu": null, "Amenagemen": "Pas de Plateforme", "Statut": "supprimé", "Time": null, "Num_Coffre": 0.0 }, "geometry": { "type": "Point", "coordinates": [ -4.157402051201875, 5.406760338865111 ] } },
{ "type": "Feature", "properties": { "fid": 2061, "Cod": "Att-47", "Commune": "Attécoubé", "Quartier": "Ecoles", "Type_Capac": "5m3", "Nom": "La poste", "x": 385383.6, "y": 591256.0, "Affectatio": "Collecte", "Num_Circu": null, "Amenagemen": "Pas de Plateforme", "Statut": "supprimé", "Time": null, "Num_Coffre": 0.0 }, "geometry": { "type": "Point", "coordinates": [ -4.034446744281041, 5.348250189611033 ] } },
{ "type": "Feature", "properties": { "fid": 2062, "Cod": "Att-42", "Commune": "Attécoubé", "Quartier": "Némantoulaye", "Type_Capac": "5m3", "Nom": "Djené 1", "x": 384156.5, "y": 591674.4, "Affectatio": "Collecte", "Num_Circu": null, "Amenagemen": "Pas de Plateforme", "Statut": "supprimé", "Time": null, "Num_Coffre": 0.0 }, "geometry": { "type": "Point", "coordinates": [ -4.045526866513736, 5.352015840681557 ] } },
{ "type": "Feature", "properties": { "fid": 2074, "Cod": "Son-77", "Commune": "Songon", "Quartier": "Quartier Agnéby", "Type_Capac": "4m3", "Nom": "Carrefour Agnéby", "x": 360591.2, "y": 588798.2, "Affectatio": "Collecte", "Num_Circu": "CDSM_PC", "Amenagemen": "Pas de Plateforme", "Statut": "actif", "Time": "08/07/2026", "Num_Coffre": 1.0 }, "geometry": { "type": "Point", "coordinates": [ -4.266916666666667, 5.338833333333332 ] } },
{ "type": "Feature", "properties": { "fid": 2075, "Cod": "Son-78", "Commune": "Songon", "Quartier": null, "Type_Capac": "4m3", "Nom": "Carrefour machine", "x": 370224.9, "y": 590333.4, "Affectatio": "Collecte", "Num_Circu": "CDSM_101", "Amenagemen": "Pas de Plateforme", "Statut": "actif", "Time": "07/07/2026", "Num_Coffre": 1.0 }, "geometry": { "type": "Point", "coordinates": [ -4.189111111111112, 5.326333333333333 ] } },
{ "type": "Feature", "properties": { "fid": 2078, "Cod": "Son-79", "Commune": "Songon", "Quartier": "Bimbresso", "Type_Capac": "20m3", "Nom": "N'Kouamin", "x": 370048.4, "y": 590886.2, "Affectatio": "Précollecte", "Num_Circu": "CDSM_500 - AMPLIROLL/Tt - NOUVEAU", "Amenagemen": "Pas de Plateforme", "Statut": "actif", "Time": "09/07/2026", "Num_Coffre": 1.0 }, "geometry": { "type": "Point", "coordinates": [ -4.154222222222224, 5.345638888888888 ] } },
{ "type": "Feature", "properties": { "fid": 2079, "Cod": "Son-80", "Commune": "Songon", "Quartier": "Institut Pasteur", "Type_Capac": "4m3", "Nom": "Institut pasteur mosquée (site 2)", "x": 373000.3, "y": 588277.7, "Affectatio": "Collecte", "Num_Circu": "CDSM_PC", "Amenagemen": "Pas de Plateforme", "Statut": "actif", "Time": "09/07/2026", "Num_Coffre": 1.0 }, "geometry": { "type": "Point", "coordinates": [ -4.149694444444444, 5.321138888888888 ] } },
{ "type": "Feature", "properties": { "fid": 2081, "Cod": "Att-70", "Commune": "Attécoubé", "Quartier": "Santé Village", "Type_Capac": "20m3", "Nom": "Santai Cimétière", "x": 384450.9, "y": 590272.4, "Affectatio": "Précollecte", "Num_Circu": "CDSM_500 - AMPLIROLL/Tt - NOUVEAU", "Amenagemen": "Pas de Plateforme", "Statut": "actif", "Time": "10/07/2026", "Num_Coffre": 1.0 }, "geometry": { "type": "Point", "coordinates": [ -4.0395, 5.335972222222222 ] } },
{ "type": "Feature", "properties": { "fid": 2083, "Cod": "Att-73", "Commune": "Attécoubé", "Quartier": "Lackman", "Type_Capac": "20m3", "Nom": "Caca sport terrain", "x": 384808.99999999994, "y": 588170.8, "Affectatio": "Précollecte", "Num_Circu": "CDSM_500 - AMPLIROLL/Tt - NOUVEAU", "Amenagemen": "Plateforme pour 2 coffres", "Statut": "actif", "Time": "10/07/2026", "Num_Coffre": 3.0 }, "geometry": { "type": "Point", "coordinates": [ -4.038529766609686, 5.31802844059367 ] } },
{ "type": "Feature", "properties": { "fid": 2084, "Cod": "Son-82", "Commune": "Songon", "Quartier": "Bimbresso", "Type_Capac": "5m3", "Nom": "Carrefour Diallo", "x": 374591.1, "y": 589965.5, "Affectatio": "Collecte", "Num_Circu": "CDSM_101", "Amenagemen": "Pas de Plateforme", "Statut": "supprimé", "Time": "27/12/2024", "Num_Coffre": 0.0 }, "geometry": { "type": "Point", "coordinates": [ -4.14427168362624, 5.339837072669946 ] } },
{ "type": "Feature", "properties": { "fid": 2090, "Cod": "Adj-47", "Commune": "Adjamé", "Quartier": "Sodeci - Filtisac", "Type_Capac": "5m3", "Nom": "Garage cissé", "x": 386937.4, "y": 594913.6, "Affectatio": "Collecte", "Num_Circu": "CDSM_111, CDSM_112", "Amenagemen": "Pas de Plateforme", "Statut": "actif", "Time": "10/06/2026", "Num_Coffre": 1.0 }, "geometry": { "type": "Point", "coordinates": [ -4.023602034427089, 5.381343378336714 ] } },
{ "type": "Feature", "properties": { "fid": 2091, "Cod": "Adj-48", "Commune": "Adjamé", "Quartier": "Ebrié", "Type_Capac": "5m3", "Nom": "Institut Marie Thérèse Boigny", "x": 387313.5, "y": 592045.0, "Affectatio": "Collecte", "Num_Circu": "CDSM_111", "Amenagemen": "Pas de Plateforme", "Statut": "actif", "Time": "05/06/2026", "Num_Coffre": 1.0 }, "geometry": { "type": "Point", "coordinates": [ -4.018946504814033, 5.356529561853223 ] } },
{ "type": "Feature", "properties": { "fid": 2092, "Cod": "Adj-49", "Commune": "Adjamé", "Quartier": "220 Logements", "Type_Capac": "5m3", "Nom": "Grand Bloc", "x": 387261.81049909827, "y": 591066.12825677055, "Affectatio": "Collecte", "Num_Circu": "CDSM_124_CDSM_111", "Amenagemen": "Pas de Plateforme", "Statut": "actif", "Time": "05/06/2026", "Num_Coffre": 1.0 }, "geometry": { "type": "Point", "coordinates": [ -4.016999598984286, 5.351701176945484 ] } },
{ "type": "Feature", "properties": { "fid": 2096, "Cod": "Son-83", "Commune": "Songon", "Quartier": "Adiapoté 2", "Type_Capac": "20m3", "Nom": "Adiapote extension cité Eden", "x": 372474.1, "y": 589209.6, "Affectatio": "Précollecte", "Num_Circu": "CDSM_500 - AMPLIROLL/Tt - NOUVEAU", "Amenagemen": "Pas Plateforme", "Statut": "actif", "Time": "09/07/2026", "Num_Coffre": 1.0 }, "geometry": { "type": "Point", "coordinates": [ -4.172083333333335, 5.314166666666668 ] } },
{ "type": "Feature", "properties": { "fid": 2099, "Cod": "Son-84", "Commune": "Songon", "Quartier": "Ayowahi", "Type_Capac": "4m3", "Nom": "Ayowahi cité Colas", "x": 368436.6, "y": 592514.1, "Affectatio": "Collecte", "Num_Circu": "CDSM_101", "Amenagemen": "Pas de Plateforme", "Statut": "actif", "Time": "08/07/2026", "Num_Coffre": 1.0 }, "geometry": { "type": "Point", "coordinates": [ -4.1807, 5.3527 ] } },
{ "type": "Feature", "properties": { "fid": 2104, "Cod": "Adj-50", "Commune": "Adjamé", "Quartier": "Williamsville 2", "Type_Capac": "4m3", "Nom": "Montée Williamsville (sodeci)", "x": 387231.03955157293, "y": 592936.5163043451, "Affectatio": "Collecte", "Num_Circu": "CDSM_111_CDSM_123", "Amenagemen": "Pas de plateforme ", "Statut": "actif", "Time": "10/06/2026", "Num_Coffre": 1.0 }, "geometry": { "type": "Point", "coordinates": [ -4.019325, 5.364611111111111 ] } },
{ "type": "Feature", "properties": { "fid": 2106, "Cod": "Adj-52", "Commune": "Adjamé", "Quartier": "Mairie 1", "Type_Capac": "20m3", "Nom": "4e Pont Mosquée ", "x": 385919.8, "y": 590413.0, "Affectatio": "Précollecte", "Num_Circu": "CDSM_500 - AMPLIROLL/Tt - NOUVEAU", "Amenagemen": "Pas de Plateforme", "Statut": "supprimé", "Time": "06/01/2025", "Num_Coffre": 0.0 }, "geometry": { "type": "Point", "coordinates": [ -4.027956330921116, 5.342557184169469 ] } },
{ "type": "Feature", "properties": { "fid": 2107, "Cod": "Adj-45", "Commune": "Adjamé", "Quartier": "Adjamé Village", "Type_Capac": "20m3", "Nom": "Adjamé Village 2", "x": 385919.8, "y": 590413.0, "Affectatio": "Précollecte", "Num_Circu": "CDSM_500 - AMPLIROLL/Tt - NOUVEAU", "Amenagemen": "Pas de Plateforme", "Statut": "supprimé", "Time": "06/09/2024", "Num_Coffre": 0.0 }, "geometry": { "type": "Point", "coordinates": [ -4.025, 5.342222222222221 ] } },
{ "type": "Feature", "properties": { "fid": 2108, "Cod": "Adj-51", "Commune": "Adjamé", "Quartier": "Mairie 1", "Type_Capac": "20m3", "Nom": "4e Pont Marché Feuille", "x": 385919.8, "y": 590413.0, "Affectatio": "Précollecte", "Num_Circu": "CDSM_500 - AMPLIROLL/Tt - NOUVEAU", "Amenagemen": "Pas de Plateforme", "Statut": "actif", "Time": "05/06/2026", "Num_Coffre": 3.0 }, "geometry": { "type": "Point", "coordinates": [ -4.027661989620533, 5.342193352069009 ] } },
{ "type": "Feature", "properties": { "fid": 2109, "Cod": "Son-85", "Commune": "Songon", "Quartier": "Bimbresso", "Type_Capac": "4m3", "Nom": "Carrefour Domark", "x": 374591.1, "y": 589965.5, "Affectatio": "Collecte", "Num_Circu": "CDSM_101", "Amenagemen": "Pas de Plateforme", "Statut": "actif", "Time": "07/07/2026", "Num_Coffre": 1.0 }, "geometry": { "type": "Point", "coordinates": [ -4.146565872778292, 5.340803204889767 ] } },
{ "type": "Feature", "properties": { "fid": 2114, "Cod": "Att-43", "Commune": "Attécoubé", "Quartier": "Forêt Classée du Banco", "Type_Capac": "20m3", "Nom": "Marché mangue", "x": 384860.3, "y": 592673.1, "Affectatio": "EcoEburnie", "Num_Circu": "CDSM_505 - AMPLIROLL - ATTECOUBE – EEB", "Amenagemen": "Pas de Plateforme", "Statut": "supprimé", "Time": "07/10/2025", "Num_Coffre": 0.0 }, "geometry": { "type": "Point", "coordinates": [ -4.039190803845752, 5.361059909799054 ] } },
{ "type": "Feature", "properties": { "fid": 2115, "Cod": "Son-86", "Commune": "Songon", "Quartier": "Adiapoté 2", "Type_Capac": "20m3", "Nom": "Adiapoté extension (Ago)", "x": 372474.1, "y": 589209.6, "Affectatio": "Précollecte", "Num_Circu": "CDSM_500 - AMPLIROLL/Tt - NOUVEAU", "Amenagemen": "Pas Plateforme", "Statut": "supprimé", "Time": "24/06/2026", "Num_Coffre": 0.0 }, "geometry": { "type": "Point", "coordinates": [ -4.178944444444444, 5.323388888888888 ] } },
{ "type": "Feature", "properties": { "fid": 2117, "Cod": "Son-87", "Commune": "Songon", "Quartier": "Abadjin Doumé village", "Type_Capac": "20m3", "Nom": "Abadjin Doumé marché", "x": 372474.1, "y": 589209.6, "Affectatio": "Précollecte", "Num_Circu": "CDSM_500 - AMPLIROLL/Tt - NOUVEAU", "Amenagemen": "Pas Plateforme", "Statut": "actif", "Time": "09/07/2026", "Num_Coffre": 1.0 }, "geometry": { "type": "Point", "coordinates": [ -4.148361111111112, 5.316472222222222 ] } },
{ "type": "Feature", "properties": { "fid": 2118, "Cod": "Att-75", "Commune": "Attécoubé", "Quartier": "Santai", "Type_Capac": "20m3", "Nom": "4e pont Santai 3", "x": 384450.9, "y": 590272.4, "Affectatio": "Précollecte", "Num_Circu": "CDSM_500 - AMPLIROLL/Tt - NOUVEAU", "Amenagemen": "Pas de Plateforme", "Statut": "actif", "Time": "16/07/2026", "Num_Coffre": 1.0 }, "geometry": { "type": "Point", "coordinates": [ -4.051207, 5.335457 ] } },
{ "type": "Feature", "properties": { "fid": 2119, "Cod": "Son-88", "Commune": "Songon", "Quartier": "Institut Pasteur", "Type_Capac": "4m3", "Nom": "Institut pasteur  Ébenezer", "x": 373000.3, "y": 588277.7, "Affectatio": "Collecte", "Num_Circu": "CDSM_PC", "Amenagemen": "Pas de Plateforme", "Statut": "actif", "Time": "09/07/2026", "Num_Coffre": 1.0 }, "geometry": { "type": "Point", "coordinates": [ -4.140444444500907, 5.323916666597304 ] } },
{ "type": "Feature", "properties": { "fid": 2120, "Cod": "Son-89", "Commune": "Songon", "Quartier": "Hévéa", "Type_Capac": "20m3", "Nom": "Hévéa antenne", "x": 372474.1, "y": 589209.6, "Affectatio": "Précollecte", "Num_Circu": "CDSM_500 - AMPLIROLL/Tt - NOUVEAU", "Amenagemen": "Pas Plateforme", "Statut": "actif", "Time": "07/07/2026", "Num_Coffre": 1.0 }, "geometry": { "type": "Point", "coordinates": [ -4.193972222222222, 5.332527777777781 ] } },
{ "type": "Feature", "properties": { "fid": 2121, "Cod": "Son-90", "Commune": "Songon", "Quartier": "Hévéa", "Type_Capac": "20m3", "Nom": "Hévéa marché", "x": 372474.1, "y": 589209.6, "Affectatio": "Précollecte", "Num_Circu": "CDSM_500 - AMPLIROLL/Tt - NOUVEAU", "Amenagemen": "Pas Plateforme", "Statut": "actif", "Time": "07/07/2026", "Num_Coffre": 1.0 }, "geometry": { "type": "Point", "coordinates": [ -4.190611111111111, 5.332916666666667 ] } },
{ "type": "Feature", "properties": { "fid": 2122, "Cod": "Son-91", "Commune": "Songon", "Quartier": "Songon Attié 1", "Type_Capac": "20m3", "Nom": "Songon attié 1", "x": 356885.5, "y": 595449.8, "Affectatio": "EcoEburnie", "Num_Circu": "CDSM_506 - AMPLIROLL - SONGON – EEB", "Amenagemen": "Pas de Plateforme", "Statut": "actif", "Time": "07/07/2026", "Num_Coffre": 1.0 }, "geometry": { "type": "Point", "coordinates": [ -4.225885538579454, 5.390778703680438 ] } },
{ "type": "Feature", "properties": { "fid": 2123, "Cod": "Adj-53", "Commune": "Adjamé", "Quartier": "Indénié - Adjamé", "Type_Capac": "4m3", "Nom": "Gare SBTA", "x": 387238.4, "y": 591214.00000000012, "Affectatio": "Collecte", "Num_Circu": "CDSM_111, CDSM_124", "Amenagemen": "Pas de Plateforme", "Statut": "actif", "Time": "05/06/2026", "Num_Coffre": 1.0 }, "geometry": { "type": "Point", "coordinates": [ -4.0171, 5.3485 ] } },
{ "type": "Feature", "properties": { "fid": 2126, "Cod": "Adj-54", "Commune": "Adjamé", "Quartier": "Adjamé Nord", "Type_Capac": "20m3", "Nom": "Wrangler", "x": 386049.7, "y": 592782.8, "Affectatio": "Précollecte", "Num_Circu": "CDSM_500 - AMPLIROLL/Tt - NOUVEAU", "Amenagemen": "Pas de Plateforme", "Statut": "actif", "Time": "10/06/2026", "Num_Coffre": 1.0 }, "geometry": { "type": "Point", "coordinates": [ -4.029474535208128, 5.363173986622986 ] } },
{ "type": "Feature", "properties": { "fid": 2132, "Cod": "Adj-58", "Commune": "Adjamé", "Quartier": "Sodeci - Filtisac", "Type_Capac": "20m3", "Nom": "Nouveau marché mouton", "x": 385826.1, "y": 593418.1, "Affectatio": "Précollecte", "Num_Circu": "CDSM_500 - AMPLIROLL/Tt - NOUVEAU", "Amenagemen": "Pas de Plateforme", "Statut": "actif", "Time": "10/06/2026", "Num_Coffre": 1.0 }, "geometry": { "type": "Point", "coordinates": [ -4.029792461617738, 5.371791292217146 ] } },
{ "type": "Feature", "properties": { "fid": 2137, "Cod": "Adj-57", "Commune": "Adjamé", "Quartier": "Mirador", "Type_Capac": "20m3", "Nom": "Quai gouro station", "x": 386615.5, "y": 591462.1, "Affectatio": "Précollecte", "Num_Circu": "CDSM_500 - AMPLIROLL/Tt - NOUVEAU", "Amenagemen": "Pas de plateforme", "Statut": "actif", "Time": "05/06/2026", "Num_Coffre": 2.0 }, "geometry": { "type": "Point", "coordinates": [ -4.022465690136298, 5.349638882270147 ] } },
{ "type": "Feature", "properties": { "fid": 2138, "Cod": "Son-98", "Commune": "Songon", "Quartier": "Adiapoto 1", "Type_Capac": "20m3", "Nom": "Adiapoté Zénith", "x": 372474.1, "y": 589209.6, "Affectatio": "Précollecte", "Num_Circu": "CDSM_500 - AMPLIROLL/Tt - NOUVEAU", "Amenagemen": "Pas Plateforme", "Statut": "actif", "Time": "09/07/2026", "Num_Coffre": 1.0 }, "geometry": { "type": "Point", "coordinates": [ -4.186333775306694, 5.326534181425834 ] } },
{ "type": "Feature", "properties": { "fid": 2139, "Cod": "Son-93", "Commune": "Songon", "Quartier": "Adiapoto 1", "Type_Capac": "20m3", "Nom": "Adiapoto Cimétière", "x": 372474.1, "y": 589209.6, "Affectatio": "Précollecte", "Num_Circu": "CDSM_500 - AMPLIROLL/Tt - NOUVEAU", "Amenagemen": "Pas Plateforme", "Statut": "actif", "Time": "08/07/2026", "Num_Coffre": 1.0 }, "geometry": { "type": "Point", "coordinates": [ -4.195152751387506, 5.31555976276558 ] } },
{ "type": "Feature", "properties": { "fid": 2140, "Cod": "Son-92", "Commune": "Songon", "Quartier": "Adiapoto 1", "Type_Capac": "20m3", "Nom": "Adiapoto 1 église", "x": 372474.1, "y": 589209.6, "Affectatio": "Précollecte", "Num_Circu": "CDSM_500 - AMPLIROLL/Tt - NOUVEAU", "Amenagemen": "Pas Plateforme", "Statut": "actif", "Time": "08/07/2026", "Num_Coffre": 1.0 }, "geometry": { "type": "Point", "coordinates": [ -4.194229544738697, 5.313618836861347 ] } },
{ "type": "Feature", "properties": { "fid": 2141, "Cod": "Son-104", "Commune": "Songon", "Quartier": "Attié 2", "Type_Capac": "20m3", "Nom": "Attié 2 Corridor", "x": 361403.00000000006, "y": 588933.1, "Affectatio": "Précollecte", "Num_Circu": "CDSM_500 - AMPLIROLL/Tt - NOUVEAU", "Amenagemen": "Plateforme pour 1 coffre", "Statut": "actif", "Time": "07/07/2026", "Num_Coffre": 1.0 }, "geometry": { "type": "Point", "coordinates": [ -4.24402073052584, 5.356823915792503 ] } },
{ "type": "Feature", "properties": { "fid": 2142, "Cod": "Son-103", "Commune": "Songon", "Quartier": "Attié 2", "Type_Capac": "20m3", "Nom": "Attié 2 chez le chef", "x": 361403.00000000006, "y": 588933.1, "Affectatio": "Précollecte", "Num_Circu": "CDSM_500 - AMPLIROLL/Tt - NOUVEAU", "Amenagemen": "Plateforme pour 1 coffre", "Statut": "actif", "Time": "07/07/2026", "Num_Coffre": 1.0 }, "geometry": { "type": "Point", "coordinates": [ -4.243652627746169, 5.353598989693835 ] } },
{ "type": "Feature", "properties": { "fid": 2143, "Cod": "Son-95", "Commune": "Songon", "Quartier": "Koloukro", "Type_Capac": "20m3", "Nom": "Songon koloukro", "x": 356885.5, "y": 595449.8, "Affectatio": "EcoEburnie", "Num_Circu": "CDSM_506 - AMPLIROLL - SONGON – EEB", "Amenagemen": "Pas de Plateforme", "Statut": "actif", "Time": "07/07/2026", "Num_Coffre": 1.0 }, "geometry": { "type": "Point", "coordinates": [ -4.226055555555557, 5.399 ] } },
{ "type": "Feature", "properties": { "fid": 2144, "Cod": "Son-100", "Commune": "Songon", "Quartier": "Bimbresso", "Type_Capac": "20m3", "Nom": "Cité Bel Horizon", "x": 372601.2, "y": 590563.7, "Affectatio": "Précollecte", "Num_Circu": "CDSM_500 - AMPLIROLL/Tt - NOUVEAU", "Amenagemen": "Pas Plateforme", "Statut": "actif", "Time": "09/07/2026", "Num_Coffre": 1.0 }, "geometry": { "type": "Point", "coordinates": [ -4.151861111111111, 5.342166666666667 ] } },
{ "type": "Feature", "properties": { "fid": 2145, "Cod": "Son-101", "Commune": "Songon", "Quartier": "Bimbresso", "Type_Capac": "20m3", "Nom": "Brimbresso forêt quartier Cak", "x": 370048.4, "y": 590886.2, "Affectatio": "Précollecte", "Num_Circu": "CDSM_500 - AMPLIROLL/Tt - NOUVEAU", "Amenagemen": "Pas de Plateforme", "Statut": "actif", "Time": "07/07/2026", "Num_Coffre": 1.0 }, "geometry": { "type": "Point", "coordinates": [ -4.149382866068557, 5.365228174894392 ] } },
{ "type": "Feature", "properties": { "fid": 2146, "Cod": "Son-97", "Commune": "Songon", "Quartier": "Songon Agban", "Type_Capac": "20m3", "Nom": "Agban maternité", "x": 361170.8, "y": 588544.3, "Affectatio": "Précollecte", "Num_Circu": "CDSM_500 - AMPLIROLL/Tt - NOUVEAU", "Amenagemen": "Pas Plateforme", "Statut": "actif", "Time": "07/07/2026", "Num_Coffre": 1.0 }, "geometry": { "type": "Point", "coordinates": [ -4.250421548825229, 5.323211661710854 ] } },
{ "type": "Feature", "properties": { "fid": 2147, "Cod": "Son-94", "Commune": "Songon", "Quartier": "Attié 1", "Type_Capac": "4m3", "Nom": "Attié 1", "x": 356885.5, "y": 595449.8, "Affectatio": "Collecte", "Num_Circu": "CDSM_PC", "Amenagemen": "Pas de Plateforme", "Statut": "actif", "Time": "07/07/2026", "Num_Coffre": 1.0 }, "geometry": { "type": "Point", "coordinates": [ -4.225896083323685, 5.393813718145324 ] } },
{ "type": "Feature", "properties": { "fid": 2148, "Cod": "Son-99", "Commune": "Songon", "Quartier": "Dagbé Village", "Type_Capac": "4m3", "Nom": "Carrefour Songon Té", "x": 363776.99999999994, "y": 587371.4, "Affectatio": "Collecte", "Num_Circu": "CDSM_PC", "Amenagemen": "Pas de Plateforme", "Statut": "actif", "Time": "07/07/2026", "Num_Coffre": 1.0 }, "geometry": { "type": "Point", "coordinates": [ -4.237545992996057, 5.321985154000113 ] } },
{ "type": "Feature", "properties": { "fid": 2150, "Cod": "Son-96", "Commune": "Songon", "Quartier": "Abadjin Kouté", "Type_Capac": "5m3", "Nom": "Abadjin Kouté hôpital (Terrain)", "x": 373000.3, "y": 588277.7, "Affectatio": "Collecte", "Num_Circu": "CDSM_PC", "Amenagemen": "Pas de Plateforme", "Statut": "actif", "Time": "09/07/2026", "Num_Coffre": 1.0 }, "geometry": { "type": "Point", "coordinates": [ -4.150878578282099, 5.330089906184725 ] } },
{ "type": "Feature", "properties": { "fid": 2155, "Cod": "Son-21", "Commune": "Adjamé", "Quartier": null, "Type_Capac": "4m3", "Nom": "SAPH campement", "x": 370224.9, "y": 590333.4, "Affectatio": "Collecte", "Num_Circu": "CDSM_101", "Amenagemen": "Pas de Plateforme", "Statut": "actif", "Time": "07/07/2026", "Num_Coffre": 1.0 }, "geometry": { "type": "Point", "coordinates": [ -4.166840986149024, 5.341047987524837 ] } },
{ "type": "Feature", "properties": { "fid": 2156, "Cod": "Son-30", "Commune": "Songon", "Quartier": "Adiapoto", "Type_Capac": "4m3", "Nom": "Carrefour Adiapoto", "x": 367711.1, "y": 588070.0, "Affectatio": "Collecte", "Num_Circu": "CDSM_101", "Amenagemen": "Pas de Plateforme", "Statut": "actif", "Time": "07/07/2026", "Num_Coffre": 1.0 }, "geometry": { "type": "Point", "coordinates": [ -4.193868691355703, 5.319144490225771 ] } },
{ "type": "Feature", "properties": { "fid": 2159, "Cod": "Adj-56", "Commune": "Adjamé", "Quartier": "Ebrié", "Type_Capac": "20m3", "Nom": "Carine couture", "x": 387538.8, "y": 592107.8, "Affectatio": "Précollecte", "Num_Circu": "CDSM_500 - AMPLIROLL/Tt - NOUVEAU", "Amenagemen": "Pas de Plateforme", "Statut": "actif", "Time": "10/06/2026", "Num_Coffre": 4.0 }, "geometry": { "type": "Point", "coordinates": [ -4.015008460845376, 5.355305142628597 ] } },
{ "type": "Feature", "properties": { "fid": 2162, "Cod": "Son-105", "Commune": "Songon", "Quartier": "Beugré Mambé", "Type_Capac": "20m3", "Nom": "Schekina", "x": 373632.9, "y": 590611.6, "Affectatio": "Précollecte", "Num_Circu": "CDSM_500 - AMPLIROLL/Tt - NOUVEAU", "Amenagemen": "Pas de Plateforme", "Statut": "actif", "Time": "07/07/2026", "Num_Coffre": 2.0 }, "geometry": { "type": "Point", "coordinates": [ -4.143101192866611, 5.341514520645992 ] } },
{ "type": "Feature", "properties": { "fid": 2163, "Cod": "Son-106", "Commune": "Songon", "Quartier": "Quartier mairie", "Type_Capac": "20m3", "Nom": "Derrière la mairie", "x": 372474.1, "y": 589209.6, "Affectatio": "Précollecte", "Num_Circu": "CDSM_500 - AMPLIROLL/Tt - NOUVEAU", "Amenagemen": "Pas Plateforme", "Statut": "actif", "Time": "07/07/2026", "Num_Coffre": 1.0 }, "geometry": { "type": "Point", "coordinates": [ -4.194751306178317, 5.326664816463802 ] } },
{ "type": "Feature", "properties": { "fid": 2166, "Cod": "Son-102", "Commune": "Songon", "Quartier": "Adiapoto", "Type_Capac": "4m3", "Nom": "Carrefour Orphelinat (Kaoka)", "x": 367711.1, "y": 588070.0, "Affectatio": "Collecte", "Num_Circu": "CDSM_101", "Amenagemen": "Pas de Plateforme", "Statut": "actif", "Time": "09/07/2026", "Num_Coffre": 1.0 }, "geometry": { "type": "Point", "coordinates": [ -4.186968822730107, 5.320869016060191 ] } },
{ "type": "Feature", "properties": { "fid": 2170, "Cod": "Son-109", "Commune": "Songon", "Quartier": "Abadjin Kouté", "Type_Capac": "5m3", "Nom": "Abadjin Kouté cimétière", "x": 373000.3, "y": 588277.7, "Affectatio": "Collecte", "Num_Circu": "CDSM_PC", "Amenagemen": "Pas de Plateforme", "Statut": "actif", "Time": "09/07/2026", "Num_Coffre": 1.0 }, "geometry": { "type": "Point", "coordinates": [ -4.153203673978502, 5.332148769722374 ] } },
{ "type": "Feature", "properties": { "fid": 2171, "Cod": "Son-110", "Commune": "Songon", "Quartier": "Abadjin Kouté", "Type_Capac": "4m3", "Nom": "Hôtel Coup de frein ( Lycée de Bimbresso)", "x": 373000.3, "y": 588277.7, "Affectatio": "Collecte", "Num_Circu": "CDSM_PC", "Amenagemen": "Pas de Plateforme", "Statut": "actif", "Time": "09/07/2026", "Num_Coffre": 1.0 }, "geometry": { "type": "Point", "coordinates": [ -4.147608358040962, 5.336714654774553 ] } },
{ "type": "Feature", "properties": { "fid": 2172, "Cod": "Son-111", "Commune": "Songon", "Quartier": "Adiapoto 1", "Type_Capac": "4m3", "Nom": "Adiapoto 2 église méthodiste", "x": 367870.3, "y": 587434.2, "Affectatio": "Collecte", "Num_Circu": "CDSM_PC", "Amenagemen": "Pas de Plateforme", "Statut": "actif", "Time": "08/07/2026", "Num_Coffre": 1.0 }, "geometry": { "type": "Point", "coordinates": [ -4.191391672757253, 5.311781594799786 ] } },
{ "type": "Feature", "properties": { "fid": 2173, "Cod": "Son-29", "Commune": "Songon", "Quartier": "Adiapoto 1", "Type_Capac": "4m3", "Nom": "Adiapoto 1", "x": 367870.3, "y": 587434.2, "Affectatio": "Collecte", "Num_Circu": "CDSM_PC", "Amenagemen": "Pas de Plateforme", "Statut": "actif", "Time": "08/07/2026", "Num_Coffre": 2.0 }, "geometry": { "type": "Point", "coordinates": [ -4.1961367656492, 5.313220061387582 ] } },
{ "type": "Feature", "properties": { "fid": 2181, "Cod": "Adj-59", "Commune": "Adjamé", "Quartier": "220 Logements", "Type_Capac": "4m3", "Nom": "Pharmacie le bélier", "x": 387261.81049909827, "y": 591066.12825677055, "Affectatio": "Collecte", "Num_Circu": "CDSM_124_CDSM_111", "Amenagemen": "Pas de Plateforme", "Statut": "actif", "Time": "05/06/2026", "Num_Coffre": 1.0 }, "geometry": { "type": "Point", "coordinates": [ -4.01699959900959, 5.350106118285272 ] } },
{ "type": "Feature", "properties": { "fid": 2182, "Cod": "Att-81", "Commune": "Attécoubé", "Quartier": "Abidjan Agban", "Type_Capac": "20m3", "Nom": "Marché fruit Dominique Ouattara", "x": 385593.30550706881, "y": 592387.71298474376, "Affectatio": "EcoEburnie", "Num_Circu": "", "Amenagemen": "Pas de Plateforme", "Statut": "actif", "Time": "15/07/2026", "Num_Coffre": 1.0 }, "geometry": { "type": "Point", "coordinates": [ -4.038028537106514, 5.362104656076719 ] } },
{ "type": "Feature", "properties": { "fid": 2183, "Cod": "Att-82", "Commune": "Attécoubé", "Quartier": "Santé Village", "Type_Capac": "4m3", "Nom": "Epp Locodjro (Cimétière)", "x": 384887.7, "y": 589421.1, "Affectatio": "Collecte", "Num_Circu": "CDSM_110, CDSM_122", "Amenagemen": "Pas de Plateforme", "Statut": "actif", "Time": "10/07/2026", "Num_Coffre": 1.0 }, "geometry": { "type": "Point", "coordinates": [ -4.036828759337851, 5.329779582070361 ] } },
{ "type": "Feature", "properties": { "fid": 2186, "Cod": "Att-80", "Commune": "Attécoubé", "Quartier": "Lackman", "Type_Capac": "20m3", "Nom": "Parking Addoha", "x": 385309.34039028344, "y": 588289.49126600497, "Affectatio": "Précollecte", "Num_Circu": "CDSM_500 - AMPLIROLL/Tt - NOUVEAU", "Amenagemen": "Plateforme pour 1 coffre", "Statut": "actif", "Time": "10/07/2026", "Num_Coffre": 2.0 }, "geometry": { "type": "Point", "coordinates": [ -4.034956398072998, 5.321338812378266 ] } },
{ "type": "Feature", "properties": { "fid": 2187, "Cod": "Att-79", "Commune": "Attécoubé", "Quartier": "Abobodoumé", "Type_Capac": "4m3", "Nom": "Lycée d'Attécoubé", "x": 385267.9, "y": 587515.2, "Affectatio": "Collecte", "Num_Circu": "CSDM_110,CSDM_122", "Amenagemen": "Pas de Plateforme", "Statut": "actif", "Time": "10/07/2026", "Num_Coffre": 1.0 }, "geometry": { "type": "Point", "coordinates": [ -4.034718533727512, 5.313220014115935 ] } },
{ "type": "Feature", "properties": { "fid": 2189, "Cod": "Son-107", "Commune": "Songon", "Quartier": null, "Type_Capac": "4m3", "Nom": "Carrefour mille poteaux", "x": 368813.9, "y": 589754.0, "Affectatio": "Collecte", "Num_Circu": "CDSM_101", "Amenagemen": "Pas de Plateforme", "Statut": "actif", "Time": "07/07/2026", "Num_Coffre": 1.0 }, "geometry": { "type": "Point", "coordinates": [ -4.184250366552885, 5.333920047572231 ] } },
{ "type": "Feature", "properties": { "fid": 2195, "Cod": "Att-83", "Commune": "Attécoubé", "Quartier": "Cité Fairmont", "Type_Capac": "20m3", "Nom": "Cité Fairmont garage", "x": 385189.9, "y": 591626.6, "Affectatio": "Précollecte", "Num_Circu": "CDSM_500 - AMPLIROLL/Tt - NOUVEAU", "Amenagemen": "Pas de plateforme", "Statut": "actif", "Time": "09/07/2026", "Num_Coffre": 1.0 }, "geometry": { "type": "Point", "coordinates": [ -4.034354186340075, 5.356587442560268 ] } },
{ "type": "Feature", "properties": { "fid": 2197, "Cod": "Adj-60", "Commune": "Adjamé", "Quartier": "Paillet", "Type_Capac": "20m3", "Nom": "Université Nangui Abrogoua 2", "x": 387291.73893786746, "y": 596117.08734840294, "Affectatio": "EcoEburnie", "Num_Circu": "CDSM_500 - AMPLIROLL/Tt - NOUVEAU", "Amenagemen": "Pas de plateforme ", "Statut": "actif", "Time": "10/06/2026", "Num_Coffre": 1.0 }, "geometry": { "type": "Point", "coordinates": [ -4.017299986735335, 5.392247932604406 ] } },
{ "type": "Feature", "properties": { "fid": 2198, "Cod": "Att-61", "Commune": "Attécoubé", "Quartier": "Lackman", "Type_Capac": "20m3", "Nom": "Cité Addoha", "x": 385253.36157463444, "y": 587980.50063681614, "Affectatio": "EcoEburnie", "Num_Circu": "CDSM_500 - AMPLIROLL/Tt - NOUVEAU", "Amenagemen": "Pas de plateforme ", "Statut": "actif", "Time": "10/07/2026", "Num_Coffre": 1.0 }, "geometry": { "type": "Point", "coordinates": [ -4.035572389116731, 5.318621178797713 ] } },
{ "type": "Feature", "properties": { "fid": 2199, "Cod": "Son-108", "Commune": "Songon", "Quartier": "Abadjin Doumé", "Type_Capac": "4m3", "Nom": "Groupe scolaire Abadjin Doumé", "x": 372193.34858579497, "y": 587328.66973487299, "Affectatio": "Collecte", "Num_Circu": null, "Amenagemen": "Pas de plateforme", "Statut": "actif", "Time": "09/07/2026", "Num_Coffre": 1.0 }, "geometry": { "type": "Point", "coordinates": [ -4.153410873807635, 5.312516383460322 ] } },
{ "type": "Feature", "properties": { "fid": 2200, "Cod": "Att-84", "Commune": "Attécoubé", "Quartier": "Banco Nord", "Type_Capac": "5m3", "Nom": "Maquis pétit Bassam", "x": 383137.2, "y": 590539.9, "Affectatio": "Collecte", "Num_Circu": "CDSM_110, CDSM_122", "Amenagemen": "Pas de Plateforme", "Statut": "actif", "Time": "10/07/2026", "Num_Coffre": 1.0 }, "geometry": { "type": "Point", "coordinates": [ -4.056369742031059, 5.342303127817959 ] } },
{ "type": "Feature", "properties": { "fid": 2206, "Cod": "Yop-286", "Commune": "Yopougon", "Quartier": "Gesco Attié", "Type_Capac": "20m3", "Nom": "Dacouri palmier", "x": 376143.08118046762, "y": 593982.20955490018, "Affectatio": "Précollecte", "Num_Circu": "CDSM_500 - AMPLIROLL/Tt - NOUVEAU", "Amenagemen": "Pas de Plateforme", "Statut": "actif", "Time": "28/05/2026", "Num_Coffre": 1.0 }, "geometry": { "type": "Point", "coordinates": [ -4.106028, 5.374028 ] } },
{ "type": "Feature", "properties": { "fid": 2207, "Cod": "Yop-285", "Commune": "Yopougon", "Quartier": "Zone Industrielle", "Type_Capac": "20m3", "Nom": "Dacouri Gare", "x": 376143.08118046762, "y": 593982.20955490018, "Affectatio": "Précollecte", "Num_Circu": "CDSM_500 - AMPLIROLL/Tt - NOUVEAU", "Amenagemen": "Pas de Plateforme", "Statut": "actif", "Time": "09/07/2026", "Num_Coffre": 1.0 }, "geometry": { "type": "Point", "coordinates": [ -4.114217867947384, 5.372888246396466 ] } },
{ "type": "Feature", "properties": { "fid": 2208, "Cod": "Yop-284", "Commune": "Yopougon", "Quartier": "Gesco Attié", "Type_Capac": "5m3", "Nom": "Gesco Station Shell", "x": 378140.33335784823, "y": 592781.3872246989, "Affectatio": "Collecte", "Num_Circu": "CDSM_107", "Amenagemen": "Pas de plateforme", "Statut": "actif", "Time": "08/07/2026", "Num_Coffre": 1.0 }, "geometry": { "type": "Point", "coordinates": [ -4.101397909173231, 5.36738644762073 ] } },
{ "type": "Feature", "properties": { "fid": 2209, "Cod": "Yop-158", "Commune": "Yopougon", "Quartier": "Gesco Attié", "Type_Capac": "20m3", "Nom": "Gesco Judée", "x": 377758.48843987845, "y": 593439.63765927323, "Affectatio": "Précollecte", "Num_Circu": "CDSM_500 - AMPLIROLL/Tt - NOUVEAU", "Amenagemen": "Pas de plateforme ", "Statut": "actif", "Time": "08/07/2026", "Num_Coffre": 2.0 }, "geometry": { "type": "Point", "coordinates": [ -4.104175044225082, 5.36890227490261 ] } },
{ "type": "Feature", "properties": { "fid": 2210, "Cod": "Yop-290", "Commune": "Yopougon", "Quartier": "Yopougon Kouté", "Type_Capac": "5m3", "Nom": "Groupe Scolaire Sogephia 5", "x": 382257.95183878054, "y": 588801.50923228625, "Affectatio": "Collecte", "Num_Circu": "CDSM_102", "Amenagemen": "Pas de Plateforme", "Statut": "actif", "Time": "13/07/2026", "Num_Coffre": 1.0 }, "geometry": { "type": "Point", "coordinates": [ -4.065330082099837, 5.326836364145861 ] } },
{ "type": "Feature", "properties": { "fid": 2211, "Cod": "Yop-289", "Commune": "Yopougon", "Quartier": "Gesco Attié", "Type_Capac": "5m3", "Nom": "Gesco Judé 2 (Dagouri chez le chef)", "x": 377743.2, "y": 593455.5, "Affectatio": "Collecte", "Num_Circu": "CDSM_PC", "Amenagemen": "Pas de Plateforme", "Statut": "actif", "Time": "09/07/2026", "Num_Coffre": 1.0 }, "geometry": { "type": "Point", "coordinates": [ -4.1104749, 5.372455 ] } },
{ "type": "Feature", "properties": { "fid": 2212, "Cod": "Yop-288", "Commune": "Yopougon", "Quartier": "Gesco Attié", "Type_Capac": "5m3", "Nom": "Dagouri Église céleste", "x": 376143.08118046762, "y": 593982.20955490018, "Affectatio": "Collecte", "Num_Circu": "CDSM_PC", "Amenagemen": "Pas de Plateforme", "Statut": "actif", "Time": "09/07/2026", "Num_Coffre": 1.0 }, "geometry": { "type": "Point", "coordinates": [ -4.102123127655085, 5.378525371035257 ] } },
{ "type": "Feature", "properties": { "fid": 2213, "Cod": "Yop-287", "Commune": "Yopougon", "Quartier": "Gesco Attié", "Type_Capac": "5m3", "Nom": "Carrefour Dagouri ( carrefour guinéen)", "x": 376143.08118046762, "y": 593982.20955490018, "Affectatio": "Collecte", "Num_Circu": "CDSM_PC", "Amenagemen": "Pas de Plateforme", "Statut": "actif", "Time": "09/07/2026", "Num_Coffre": 1.0 }, "geometry": { "type": "Point", "coordinates": [ -4.106322536958983, 5.373785902337072 ] } },
{ "type": "Feature", "properties": { "fid": 2214, "Cod": "Yop-291", "Commune": "Yopougon", "Quartier": "Koweit", "Type_Capac": "20m3", "Nom": "Kowéït Canal", "x": 382458.6, "y": 587561.2, "Affectatio": "Précollecte", "Num_Circu": "CDSM_500 - AMPLIROLL/Tt - NOUVEAU", "Amenagemen": "Pas de Plateforme", "Statut": "actif", "Time": "14/07/2026", "Num_Coffre": 2.0 }, "geometry": { "type": "Point", "coordinates": [ -4.0528690760895, 5.321680448186688 ] } },
{ "type": "Feature", "properties": { "fid": 2217, "Cod": "Yop-271", "Commune": "Yopougon", "Quartier": "Niangon Adjamé 2ème Extension", "Type_Capac": "5m3", "Nom": "Au Charbon", "x": 376569.04989196197, "y": 590116.63956093078, "Affectatio": "Collecte", "Num_Circu": "CDSM_107", "Amenagemen": "Pas de Plateforme", "Statut": "actif", "Time": "08/07/2026", "Num_Coffre": 1.0 }, "geometry": { "type": "Point", "coordinates": [ -4.115573318443583, 5.337655475247327 ] } },
{ "type": "Feature", "properties": { "fid": 2218, "Cod": "Yop-270", "Commune": "Yopougon", "Quartier": "Yopougon Hopital", "Type_Capac": "4m3", "Nom": "Pharmacie de Gesco Marché", "x": 378140.33335784823, "y": 592781.3872246989, "Affectatio": "Collecte", "Num_Circu": "CDSM_107", "Amenagemen": "Pas de plateforme", "Statut": "actif", "Time": "08/07/2026", "Num_Coffre": 2.0 }, "geometry": { "type": "Point", "coordinates": [ -4.097300534966359, 5.363601025561785 ] } },
{ "type": "Feature", "properties": { "fid": 2219, "Cod": "Yop-281", "Commune": "Yopougon", "Quartier": "Banco Nord", "Type_Capac": "4m3", "Nom": "4ième Pont", "x": 383107.72667439684, "y": 589888.29412961577, "Affectatio": "Collecte", "Num_Circu": "CDSM_110", "Amenagemen": "Pas de plateforme ", "Statut": "actif", "Time": "14/07/2026", "Num_Coffre": 1.0 }, "geometry": { "type": "Point", "coordinates": [ -4.054963676628953, 5.335844324232149 ] } },
{ "type": "Feature", "properties": { "fid": 2220, "Cod": "Yop-283", "Commune": "Yopougon", "Quartier": "Niangon Nord 2ème Tranche", "Type_Capac": "5m3", "Nom": "Marché Bagnon 2", "x": 376973.50731364219, "y": 590270.24007151683, "Affectatio": "Collecte", "Num_Circu": "CDSM_107", "Amenagemen": null, "Statut": "actif", "Time": "08/07/2026", "Num_Coffre": 1.0 }, "geometry": { "type": "Point", "coordinates": [ -4.110692685165629, 5.338598401085366 ] } },
{ "type": "Feature", "properties": { "fid": 2221, "Cod": "Yop-282", "Commune": "Yopougon", "Quartier": "Niangon Nord 2ème Tranche", "Type_Capac": "5m3", "Nom": "Marché Bagnon 1", "x": 376853.34171582502, "y": 590144.75360459788, "Affectatio": "Collecte", "Num_Circu": "CDSM_107", "Amenagemen": "Pas de plateforme ", "Statut": "actif", "Time": "08/07/2026", "Num_Coffre": 1.0 }, "geometry": { "type": "Point", "coordinates": [ -4.111295222087138, 5.338147026606918 ] } },
{ "type": "Feature", "properties": { "fid": 2222, "Cod": "Yop-186", "Commune": "Yopougon", "Quartier": "Cimetière", "Type_Capac": "4m3", "Nom": "Pharmacie Moyaé", "x": 377213.89738182601, "y": 590731.77514385467, "Affectatio": "Collecte", "Num_Circu": "CDSM_107", "Amenagemen": "Pas de Plateforme", "Statut": "actif", "Time": "08/07/2026", "Num_Coffre": 1.0 }, "geometry": { "type": "Point", "coordinates": [ -4.108050302174234, 5.343725528456709 ] } },
{ "type": "Feature", "properties": { "fid": 2223, "Cod": "Yop-183", "Commune": "Yopougon", "Quartier": "Yopougon Kouté", "Type_Capac": "20m3", "Nom": "Sideci IGES", "x": 380293.9, "y": 588187.0, "Affectatio": "Précollecte", "Num_Circu": "CDSM_500 - AMPLIROLL/Tt - NOUVEAU", "Amenagemen": "Pas de Plateforme", "Statut": "supprimé", "Time": "17/05/2024", "Num_Coffre": 0.0 }, "geometry": { "type": "Point", "coordinates": [ -4.08033902451709, 5.321196191047925 ] } },
{ "type": "Feature", "properties": { "fid": 2224, "Cod": "Yop-169", "Commune": "Yopougon", "Quartier": "Gesco Attié", "Type_Capac": "20m3", "Nom": "Gendamérie gesco", "x": 377758.48843987845, "y": 593439.63765927323, "Affectatio": "EcoEburnie", "Num_Circu": "CDSM_500 - AMPLIROLL/Tt - NOUVEAU", "Amenagemen": "Pas de plateforme ", "Statut": "actif", "Time": "08/07/2026", "Num_Coffre": 1.0 }, "geometry": { "type": "Point", "coordinates": [ -4.103829658174504, 5.368170154919532 ] } },
{ "type": "Feature", "properties": { "fid": 2225, "Cod": "Yop-261", "Commune": "Yopougon", "Quartier": "Yopougon Attié", "Type_Capac": "20m3", "Nom": "Aimé Césaire", "x": 379679.6, "y": 590415.5, "Affectatio": "Précollecte", "Num_Circu": "CDSM_500 - AMPLIROLL/Tt - NOUVEAU", "Amenagemen": "Plateforme pour 1 coffre", "Statut": "actif", "Time": "10/07/2026", "Num_Coffre": 2.0 }, "geometry": { "type": "Point", "coordinates": [ -4.083758780569263, 5.343853413260393 ] } },
{ "type": "Feature", "properties": { "fid": 2226, "Cod": "Yop-260", "Commune": "Yopougon", "Quartier": "Gesco Attié", "Type_Capac": "4m3", "Nom": "Marché Bédié", "x": 378099.84495726612, "y": 592689.32632778003, "Affectatio": "Collecte", "Num_Circu": "CDSM_107", "Amenagemen": "Plateforme pour 1 coffre", "Statut": "actif", "Time": "08/07/2026", "Num_Coffre": 1.0 }, "geometry": { "type": "Point", "coordinates": [ -4.100033155666957, 5.361111040929472 ] } },
{ "type": "Feature", "properties": { "fid": 2227, "Cod": "Yop-74", "Commune": "Yopougon", "Quartier": "Gesco Attié", "Type_Capac": "20m3", "Nom": "CMEAU", "x": 377791.31366421067, "y": 591946.36231515417, "Affectatio": "Précollecte", "Num_Circu": "CDSM_500 - AMPLIROLL/Tt - NOUVEAU", "Amenagemen": "Plateforme", "Statut": "actif", "Time": "08/07/2026", "Num_Coffre": 2.0 }, "geometry": { "type": "Point", "coordinates": [ -4.102999329293077, 5.354331885534833 ] } },
{ "type": "Feature", "properties": { "fid": 2228, "Cod": "Yop-266", "Commune": "Yopougon", "Quartier": "Niangon Sud Est", "Type_Capac": "4m3", "Nom": "Agefosyn Niangon", "x": 379070.28480010171, "y": 588985.85790899885, "Affectatio": "Collecte", "Num_Circu": "CDSM_108", "Amenagemen": "Pas de Plateforme", "Statut": "actif", "Time": "08/07/2026", "Num_Coffre": 1.0 }, "geometry": { "type": "Point", "coordinates": [ -4.090261792524961, 5.323861494020788 ] } },
{ "type": "Feature", "properties": { "fid": 2229, "Cod": "Yop-263", "Commune": "Yopougon", "Quartier": "Yopougon Kouté", "Type_Capac": "20m3", "Nom": "Chapouli Canal", "x": 382111.78464559338, "y": 587674.54476058413, "Affectatio": "EcoEburnie", "Num_Circu": "CDSM_500 - AMPLIROLL/Tt - NOUVEAU", "Amenagemen": "Pas de Plateforme", "Statut": "supprimé", "Time": "22/05/2024", "Num_Coffre": 0.0 }, "geometry": { "type": "Point", "coordinates": [ -4.063916666666667, 5.315805555555555 ] } },
{ "type": "Feature", "properties": { "fid": 2231, "Cod": "Yop-269", "Commune": "Yopougon", "Quartier": "Zone Industrielle", "Type_Capac": "20m3", "Nom": "Micao V28", "x": 379002.5, "y": 595398.00000000012, "Affectatio": "Précollecte", "Num_Circu": "CDSM_500 - AMPLIROLL/Tt - NOUVEAU", "Amenagemen": "Pas de Plateforme", "Statut": "actif", "Time": "09/07/2026", "Num_Coffre": 2.0 }, "geometry": { "type": "Point", "coordinates": [ -4.096040190348979, 5.394560882329616 ] } },
{ "type": "Feature", "properties": { "fid": 2232, "Cod": "Yop-268", "Commune": "Yopougon", "Quartier": "Gesco Attié", "Type_Capac": "5m3", "Nom": "Gesco Pays-Bas", "x": 377743.2, "y": 593455.5, "Affectatio": "Collecte", "Num_Circu": "CDSM_107", "Amenagemen": "Pas de Plateforme", "Statut": "supprimé", "Time": "27/03/2024", "Num_Coffre": 0.0 }, "geometry": { "type": "Point", "coordinates": [ -4.119533834646288, 5.372810864534211 ] } },
{ "type": "Feature", "properties": { "fid": 2233, "Cod": "Yop-235", "Commune": "Yopougon", "Quartier": "Zone Industrielle", "Type_Capac": "5m3", "Nom": "Marché cité ado", "x": 379257.78480055591, "y": 597126.38810736616, "Affectatio": "Collecte", "Num_Circu": "CDSM_PC", "Amenagemen": "Pas de Aménagement", "Statut": "actif", "Time": "09/07/2026", "Num_Coffre": 1.0 }, "geometry": { "type": "Point", "coordinates": [ -4.089875526001459, 5.401283788843927 ] } },
{ "type": "Feature", "properties": { "fid": 2234, "Cod": "Yop-247", "Commune": "Yopougon", "Quartier": "Gesco Attié", "Type_Capac": "5m3", "Nom": " Rond-point Gesco", "x": 378262.58034342993, "y": 592390.5078595971, "Affectatio": "Collecte", "Num_Circu": "CDSM_106", "Amenagemen": "Pas de Plateforme", "Statut": "actif", "Time": "08/07/2026", "Num_Coffre": 1.0 }, "geometry": { "type": "Point", "coordinates": [ -4.098123931437896, 5.358335314686252 ] } },
{ "type": "Feature", "properties": { "fid": 2235, "Cod": "Yop-262", "Commune": "Yopougon", "Quartier": "Zone Industrielle", "Type_Capac": "20m3", "Nom": "Vakabadougou 2", "x": 379225.45519550063, "y": 598260.99065736134, "Affectatio": "EcoEburnie", "Num_Circu": "CDSM_507 - AMPLIROLL - YOPOUGON – EEB", "Amenagemen": "Pas de plateforme", "Statut": "actif", "Time": "09/07/2026", "Num_Coffre": 1.0 }, "geometry": { "type": "Point", "coordinates": [ -4.090131958946586, 5.411513135768473 ] } },
{ "type": "Feature", "properties": { "fid": 2236, "Cod": "Yop-250", "Commune": "Yopougon", "Quartier": "Bonikro", "Type_Capac": "4m3", "Nom": "Carrefour Sako", "x": 377614.10836308566, "y": 591486.31975533383, "Affectatio": "Collecte", "Num_Circu": "CDSM_107", "Amenagemen": "Plateforme pour 1 coffre", "Statut": "supprimé", "Time": "15/02/2024", "Num_Coffre": 0.0 }, "geometry": { "type": "Point", "coordinates": [ -4.104563888888888, 5.35021111111111 ] } },
{ "type": "Feature", "properties": { "fid": 2237, "Cod": "Yop-249", "Commune": "Yopougon", "Quartier": "Niangon Adjamé 2ème Extension", "Type_Capac": "4m3", "Nom": "Boulangerie Epis d'or", "x": 377006.60149914294, "y": 590361.53956047422, "Affectatio": "Collecte", "Num_Circu": "CDSM_107", "Amenagemen": "Plateforme pour 1 coffre", "Statut": "actif", "Time": "08/07/2026", "Num_Coffre": 1.0 }, "geometry": { "type": "Point", "coordinates": [ -4.110017904422914, 5.340234042541299 ] } },
{ "type": "Feature", "properties": { "fid": 2238, "Cod": "Yop-248", "Commune": "Yopougon", "Quartier": "Yopougon Attié", "Type_Capac": "5m3", "Nom": "Face station shell (Uniwax)", "x": 380410.1000468008, "y": 592738.66918341187, "Affectatio": "Collecte", "Num_Circu": "CDSM_111", "Amenagemen": "Pas de Plateforme", "Statut": "actif", "Time": "13/07/2026", "Num_Coffre": 1.0 }, "geometry": { "type": "Point", "coordinates": [ -4.079352291827012, 5.361583440346775 ] } },
{ "type": "Feature", "properties": { "fid": 2239, "Cod": "Yop-254", "Commune": "Yopougon", "Quartier": "Niangon Adjamé 2ème Extension", "Type_Capac": "4m3", "Nom": "Marché Niangon Adjamé", "x": 376569.04989196197, "y": 590116.63956093078, "Affectatio": "Collecte", "Num_Circu": "CDSM_107", "Amenagemen": "Plateforme pour 1 coffre", "Statut": "actif", "Time": "08/07/2026", "Num_Coffre": 1.0 }, "geometry": { "type": "Point", "coordinates": [ -4.113772493869109, 5.337879368207792 ] } },
{ "type": "Feature", "properties": { "fid": 2240, "Cod": "Yop-253", "Commune": "Yopougon", "Quartier": "Gesco Attié", "Type_Capac": "20m3", "Nom": "Gesco supermarche", "x": 378140.33335784823, "y": 592781.3872246989, "Affectatio": "Précollecte", "Num_Circu": "CDSM_500 - AMPLIROLL/Tt - NOUVEAU", "Amenagemen": "Plateforme pour 1coffre", "Statut": "actif", "Time": "08/07/2026", "Num_Coffre": 1.0 }, "geometry": { "type": "Point", "coordinates": [ -4.099802579956003, 5.362007346618398 ] } },
{ "type": "Feature", "properties": { "fid": 2241, "Cod": "Yop-251", "Commune": "Yopougon", "Quartier": "Ananeraie", "Type_Capac": "4m3", "Nom": "Pharmacie Alicia", "x": 377729.27349927492, "y": 591680.82185504166, "Affectatio": "Collecte", "Num_Circu": "CDSM_107", "Amenagemen": "Plateforme pour 1 coffre", "Statut": "actif", "Time": "08/07/2026", "Num_Coffre": 1.0 }, "geometry": { "type": "Point", "coordinates": [ -4.103944086091675, 5.3518074986125 ] } },
{ "type": "Feature", "properties": { "fid": 2242, "Cod": "Yop-257", "Commune": "Yopougon", "Quartier": "Yopougon Agbayaté", "Type_Capac": "4m3", "Nom": "Carrefour Santé", "x": 384311.55351730477, "y": 586958.31019930425, "Affectatio": "Collecte", "Num_Circu": "CDSM_105", "Amenagemen": "Pas de Plateforme", "Statut": "supprimé", "Time": "14/07/2026", "Num_Coffre": 0.0 }, "geometry": { "type": "Point", "coordinates": [ -4.043802772845555, 5.309725415604938 ] } },
{ "type": "Feature", "properties": { "fid": 2243, "Cod": "Yop-117", "Commune": "Yopougon", "Quartier": "Niangon Adjamé 2ème Extension", "Type_Capac": "4m3", "Nom": "Carrefour Kiosque km17", "x": 375974.85289392271, "y": 590063.9721267384, "Affectatio": "Collecte", "Num_Circu": "CDSM_107", "Amenagemen": "Plateforme pour 1 coffre", "Statut": "actif", "Time": "08/07/2026", "Num_Coffre": 1.0 }, "geometry": { "type": "Point", "coordinates": [ -4.119571701901804, 5.337374992366113 ] } },
{ "type": "Feature", "properties": { "fid": 2244, "Cod": "Yop-256", "Commune": "Yopougon", "Quartier": "Niangon Adjamé", "Type_Capac": "4m3", "Nom": "Garage Niangon Adjamé", "x": 375956.34158559085, "y": 590040.97225338488, "Affectatio": "Collecte", "Num_Circu": "CDSM_107", "Amenagemen": "Plateforme pour 1 coffre", "Statut": "actif", "Time": "08/07/2026", "Num_Coffre": 1.0 }, "geometry": { "type": "Point", "coordinates": [ -4.119430041497705, 5.337106427227789 ] } },
{ "type": "Feature", "properties": { "fid": 2245, "Cod": "Yop-255", "Commune": "Yopougon", "Quartier": "Ananeraie", "Type_Capac": "4m3", "Nom": "Carrefour Barrique", "x": 377466.58048461674, "y": 591097.78099482309, "Affectatio": "Collecte", "Num_Circu": "CDSM_107", "Amenagemen": "Plateforme pour 1 coffre", "Statut": "actif", "Time": "08/07/2026", "Num_Coffre": 1.0 }, "geometry": { "type": "Point", "coordinates": [ -4.106001222429764, 5.346806767691992 ] } },
{ "type": "Feature", "properties": { "fid": 2246, "Cod": "Yop-239", "Commune": "Yopougon", "Quartier": "Niangon Sud Est", "Type_Capac": "4m3", "Nom": "Texaco mairie technique", "x": 379070.28480010171, "y": 588985.85790899885, "Affectatio": "Collecte", "Num_Circu": "CDSM_108", "Amenagemen": "Pas de Plateforme", "Statut": "actif", "Time": "08/07/2026", "Num_Coffre": 1.0 }, "geometry": { "type": "Point", "coordinates": [ -4.091383150844575, 5.327618283818292 ] } },
{ "type": "Feature", "properties": { "fid": 2247, "Cod": "Yop-228", "Commune": "Yopougon", "Quartier": "Niangon Nord 2ème Tranche", "Type_Capac": "5m3", "Nom": "Groupe Scolaire Akoï", "x": 378444.87067388737, "y": 589461.90903975931, "Affectatio": "Collecte", "Num_Circu": "CDSM_106", "Amenagemen": "Pas de Plateforme", "Statut": "actif", "Time": "08/07/2026", "Num_Coffre": 1.0 }, "geometry": { "type": "Point", "coordinates": [ -4.097034417017804, 5.331914068057408 ] } },
{ "type": "Feature", "properties": { "fid": 2248, "Cod": "Yop-217", "Commune": "Yopougon", "Quartier": "Zone Industrielle", "Type_Capac": "20m3", "Nom": "Vakabadougou 1", "x": 379204.83477382961, "y": 598016.3593396768, "Affectatio": "EcoEburnie", "Num_Circu": "CDSM_507 - AMPLIROLL - YOPOUGON – EEB\n", "Amenagemen": "Pas de plateforme", "Statut": "actif", "Time": "09/07/2026", "Num_Coffre": 1.0 }, "geometry": { "type": "Point", "coordinates": [ -4.090314097702501, 5.409300145693122 ] } },
{ "type": "Feature", "properties": { "fid": 2249, "Cod": "Yop-241", "Commune": "Yopougon", "Quartier": "Niangon Sud Est", "Type_Capac": "5m3", "Nom": "Pont Saint Rita", "x": 378571.46974491258, "y": 588972.1161005802, "Affectatio": "Collecte", "Num_Circu": "CDSM_108", "Amenagemen": "Pas de Plateforme", "Statut": "actif", "Time": "08/07/2026", "Num_Coffre": 1.0 }, "geometry": { "type": "Point", "coordinates": [ -4.095884149223131, 5.327485993980506 ] } },
{ "type": "Feature", "properties": { "fid": 2250, "Cod": "Yop-240", "Commune": "Yopougon", "Quartier": "Niangon Sud Ouest", "Type_Capac": "5m3", "Nom": "Pharmacie Maty", "x": 377740.16239617113, "y": 589555.29835425445, "Affectatio": "Collecte", "Num_Circu": "CDSM_106", "Amenagemen": "Pas de Plateforme", "Statut": "actif", "Time": "08/07/2026", "Num_Coffre": 1.0 }, "geometry": { "type": "Point", "coordinates": [ -4.1033951180799, 5.332747384476683 ] } },
{ "type": "Feature", "properties": { "fid": 2251, "Cod": "Yop-226", "Commune": "Yopougon", "Quartier": "Niangon Nord 2ème Tranche", "Type_Capac": "4m3", "Nom": "Pont Kimi", "x": 378740.38984335295, "y": 590319.9022298397, "Affectatio": "Collecte", "Num_Circu": "CDSM_108", "Amenagemen": "Pas de Plateforme", "Statut": "actif", "Time": "10/07/2026", "Num_Coffre": 2.0 }, "geometry": { "type": "Point", "coordinates": [ -4.094361299497947, 5.33959996798329 ] } },
{ "type": "Feature", "properties": { "fid": 2252, "Cod": "Yop-111", "Commune": "Yopougon", "Quartier": "Niangon Lokoa", "Type_Capac": "20m3", "Nom": "Lokoa Amigo", "x": 377199.28675463574, "y": 587145.47515309486, "Affectatio": "Précollecte", "Num_Circu": "CDSM_500 - AMPLIROLL/Tt - NOUVEAU", "Amenagemen": "Pas de Plateforme", "Statut": "actif", "Time": "13/07/2026", "Num_Coffre": 1.0 }, "geometry": { "type": "Point", "coordinates": [ -4.107950171554369, 5.310414237236596 ] } },
{ "type": "Feature", "properties": { "fid": 2253, "Cod": "Yop-145", "Commune": "Yopougon", "Quartier": "Yopougon Hopital", "Type_Capac": "20m3", "Nom": "BAE", "x": 379377.27878550114, "y": 592946.87737850007, "Affectatio": "EcoEburnie", "Num_Circu": "CDSM_507 - AMPLIROLL-YOPOUGON–EEB", "Amenagemen": "Pas de Plateforme", "Statut": "actif", "Time": "08/07/2026", "Num_Coffre": 1.0 }, "geometry": { "type": "Point", "coordinates": [ -4.08868906328532, 5.363367775736229 ] } },
{ "type": "Feature", "properties": { "fid": 2254, "Cod": "Yop-243", "Commune": "Yopougon", "Quartier": "Village Andokoi", "Type_Capac": "5m3", "Nom": "Mur du lycée Andokoi", "x": 381777.42335086904, "y": 592967.30734313768, "Affectatio": "Collecte", "Num_Circu": "CDSM_PC", "Amenagemen": "Pas de Plateforme", "Statut": "supprimé", "Time": "07/12/2023", "Num_Coffre": 0.0 }, "geometry": { "type": "Point", "coordinates": [ -4.067031286154462, 5.363473200951758 ] } },
{ "type": "Feature", "properties": { "fid": 2255, "Cod": "Yop-242", "Commune": "Yopougon", "Quartier": "Niangon Sud Ouest", "Type_Capac": "4m3", "Nom": "Pont Lubafrique", "x": 377983.70515868353, "y": 589099.74891975778, "Affectatio": "Collecte", "Num_Circu": "CDSM_108", "Amenagemen": "Pas de plateforme", "Statut": "actif", "Time": "08/07/2026", "Num_Coffre": 1.0 }, "geometry": { "type": "Point", "coordinates": [ -4.101172891268607, 5.328547467602998 ] } },
{ "type": "Feature", "properties": { "fid": 2256, "Cod": "Yop-245", "Commune": "Yopougon", "Quartier": "Niangon Sud Ouest", "Type_Capac": "5m3", "Nom": "Pont Jatak", "x": 377803.522063968, "y": 588302.92133974039, "Affectatio": "Collecte", "Num_Circu": "CDSM_108", "Amenagemen": "Pas de plateforme", "Statut": "actif", "Time": "13/07/2026", "Num_Coffre": 1.0 }, "geometry": { "type": "Point", "coordinates": [ -4.10280317117986, 5.32142085553861 ] } },
{ "type": "Feature", "properties": { "fid": 2257, "Cod": "Yop-244", "Commune": "Yopougon", "Quartier": "Béago", "Type_Capac": "20m3", "Nom": "Béago cimetière", "x": 381342.93297673878, "y": 586850.36066204973, "Affectatio": "Précollecte", "Num_Circu": "CDSM_500 - AMPLIROLL/Tt - NOUVEAU", "Amenagemen": "Pas de plateforme", "Statut": "actif", "Time": "13/07/2026", "Num_Coffre": 1.0 }, "geometry": { "type": "Point", "coordinates": [ -4.070756432901105, 5.308567081875298 ] } },
{ "type": "Feature", "properties": { "fid": 2258, "Cod": "Yop-225", "Commune": "Yopougon", "Quartier": "Béago", "Type_Capac": "20m3", "Nom": "Béago École", "x": 381204.27325141703, "y": 586673.79893393524, "Affectatio": "Précollecte", "Num_Circu": "CDSM_500 - AMPLIROLL/Tt - NOUVEAU", "Amenagemen": "Pas de plateforme", "Statut": "actif", "Time": "13/07/2026", "Num_Coffre": 1.0 }, "geometry": { "type": "Point", "coordinates": [ -4.072292861957025, 5.306360773631435 ] } },
{ "type": "Feature", "properties": { "fid": 2259, "Cod": "Yop-200", "Commune": "Yopougon", "Quartier": "Jérusalem 1", "Type_Capac": "5m3", "Nom": "EPP BAD", "x": 384326.0, "y": 587564.9, "Affectatio": "Collecte", "Num_Circu": "CDSM_105", "Amenagemen": "Pas de Plateforme", "Statut": "supprimé", "Time": "21/12/2023", "Num_Coffre": 0.0 }, "geometry": { "type": "Point", "coordinates": [ -4.043934429016414, 5.314847950469379 ] } },
{ "type": "Feature", "properties": { "fid": 2260, "Cod": "Yop-210", "Commune": "Yopougon", "Quartier": "Ananeraie", "Type_Capac": "5m3", "Nom": "Carrefour Mamie Adjoua", "x": 378630.3, "y": 592205.0, "Affectatio": "Collecte", "Num_Circu": "CSDM_106", "Amenagemen": "Pas de Plateforme", "Statut": "supprimé", "Time": "07/11/2023", "Num_Coffre": 0.0 }, "geometry": { "type": "Point", "coordinates": [ -4.095339138257166, 5.357887437811424 ] } },
{ "type": "Feature", "properties": { "fid": 2261, "Cod": "Yop-180", "Commune": "Yopougon", "Quartier": "Niangon Nord 1ère Tranche", "Type_Capac": "5m3", "Nom": "Carrefour Obama", "x": 378952.7, "y": 590306.9, "Affectatio": "Collecte", "Num_Circu": "CDSM_103", "Amenagemen": "Pas de Plateforme", "Statut": "supprimé", "Time": "01/12/2023", "Num_Coffre": 0.0 }, "geometry": { "type": "Point", "coordinates": [ -4.092465346642276, 5.339565060198939 ] } },
{ "type": "Feature", "properties": { "fid": 2262, "Cod": "Yop-174", "Commune": "Yopougon", "Quartier": "Yopougon Banco Sud", "Type_Capac": "5m3", "Nom": "Jeunes Filles Singa", "x": 383759.7, "y": 589130.7, "Affectatio": "Collecte", "Num_Circu": "CDSM_105", "Amenagemen": "Pas de Plateforme", "Statut": "supprimé", "Time": "06/12/2023", "Num_Coffre": 0.0 }, "geometry": { "type": "Point", "coordinates": [ -4.04906859154996, 5.329001953641059 ] } },
{ "type": "Feature", "properties": { "fid": 2263, "Cod": "Yop-213", "Commune": "Yopougon", "Quartier": "Yopougon Banco Sud", "Type_Capac": "5m3", "Nom": "Covid_Pharmacie Toit Rouge", "x": 383007.3, "y": 589395.3, "Affectatio": "Collecte", "Num_Circu": "CSDM_110,CSDM_105,CSDM_122", "Amenagemen": "Pas de Plateforme", "Statut": "supprimé", "Time": "14/07/2026", "Num_Coffre": 0.0 }, "geometry": { "type": "Point", "coordinates": [ -4.055862310950982, 5.331383644789301 ] } },
{ "type": "Feature", "properties": { "fid": 2264, "Cod": "Yop-85", "Commune": "Yopougon", "Quartier": "Yopougon Agbayaté", "Type_Capac": "5m3", "Nom": "Pharmacie chenain", "x": 384270.4, "y": 588104.5, "Affectatio": "Collecte", "Num_Circu": "CDSM_105", "Amenagemen": "Pas de Plateforme", "Statut": "supprimé", "Time": "24/04/2024", "Num_Coffre": 0.0 }, "geometry": { "type": "Point", "coordinates": [ -4.04405750418512, 5.319853753393772 ] } },
{ "type": "Feature", "properties": { "fid": 2265, "Cod": "Yop-100", "Commune": "Yopougon", "Quartier": "Béago", "Type_Capac": "5m3", "Nom": "Béago Village", "x": 381109.1, "y": 586616.1, "Affectatio": "Collecte", "Num_Circu": "CDSM_PC", "Amenagemen": "Pas de Plateforme", "Statut": "supprimé", "Time": "21/12/2023", "Num_Coffre": 0.0 }, "geometry": { "type": "Point", "coordinates": [ -4.07294806060492, 5.306216317536347 ] } },
{ "type": "Feature", "properties": { "fid": 2266, "Cod": "Yop-118", "Commune": "Yopougon", "Quartier": "Niangon Adjamé 2ème Extension", "Type_Capac": "20m3", "Nom": "Bouguinisso avant dalot", "x": 375707.1, "y": 590651.5, "Affectatio": "Précollecte", "Num_Circu": "CDSM_500 - AMPLIROLL/Tt - NOUVEAU", "Amenagemen": "Pas de Plateforme", "Statut": "actif", "Time": "08/07/2026", "Num_Coffre": 1.0 }, "geometry": { "type": "Point", "coordinates": [ -4.122014075647782, 5.342609440476189 ] } },
{ "type": "Feature", "properties": { "fid": 2267, "Cod": "Yop-76", "Commune": "Yopougon", "Quartier": "Garage Machine", "Type_Capac": "5m3", "Nom": "Banco panneau orange", "x": 382844.1, "y": 592398.7, "Affectatio": "Collecte", "Num_Circu": "CDSM_102_CDSM_110", "Amenagemen": "Pas de Plateforme", "Statut": "actif", "Time": "10/07/2026", "Num_Coffre": 1.0 }, "geometry": { "type": "Point", "coordinates": [ -4.057381623321652, 5.358546792359241 ] } },
{ "type": "Feature", "properties": { "fid": 2268, "Cod": "Yop-3", "Commune": "Yopougon", "Quartier": "Yopougon Attié", "Type_Capac": "20m3", "Nom": "Gare KS", "x": 381379.2, "y": 591015.5, "Affectatio": "Précollecte", "Num_Circu": "CDSM_500 - AMPLIROLL/Tt - NOUVEAU", "Amenagemen": "Pas de Plateforme", "Statut": "actif", "Time": "14/07/2026", "Num_Coffre": 1.0 }, "geometry": { "type": "Point", "coordinates": [ -4.070560641353752, 5.346162529969529 ] } },
{ "type": "Feature", "properties": { "fid": 2269, "Cod": "Yop-2", "Commune": "Yopougon", "Quartier": "Yopougon Attié", "Type_Capac": "20m3", "Nom": "Ficgayo", "x": 381112.1, "y": 591419.1, "Affectatio": "Précollecte", "Num_Circu": "CDSM_500 - AMPLIROLL/Tt - NOUVEAU", "Amenagemen": "Pas de Plateforme", "Statut": "supprimé", "Time": "10/07/2026", "Num_Coffre": 0.0 }, "geometry": { "type": "Point", "coordinates": [ -4.072996365167387, 5.349659180914385 ] } },
{ "type": "Feature", "properties": { "fid": 2270, "Cod": "Yop-1", "Commune": "Yopougon", "Quartier": "Banco Nord", "Type_Capac": "20m3", "Nom": "Wally", "x": 382283.00000000006, "y": 592338.3, "Affectatio": "Précollecte", "Num_Circu": "CDSM_500 - AMPLIROLL/Tt - NOUVEAU", "Amenagemen": "Plateforme pour 1 coffre", "Statut": "actif", "Time": "10/07/2026", "Num_Coffre": 1.0 }, "geometry": { "type": "Point", "coordinates": [ -4.062444256592158, 5.357991708305305 ] } },
{ "type": "Feature", "properties": { "fid": 2271, "Cod": "Yop-7", "Commune": "Yopougon", "Quartier": "Yopougon Banco Sud", "Type_Capac": "20m3", "Nom": "Marché Toit Rouge", "x": 383838.4, "y": 588854.0, "Affectatio": "Précollecte", "Num_Circu": "CDSM_500 - AMPLIROLL/Tt - NOUVEAU", "Amenagemen": "Plateforme pour 2 coffres", "Statut": "actif", "Time": "14/07/2026", "Num_Coffre": 2.0 }, "geometry": { "type": "Point", "coordinates": [ -4.048354161977565, 5.326500410671875 ] } },
{ "type": "Feature", "properties": { "fid": 2272, "Cod": "Yop-6", "Commune": "Yopougon", "Quartier": "Banco Nord", "Type_Capac": "20m3", "Nom": "Lycée jeune fille", "x": 383572.99999999994, "y": 590979.5, "Affectatio": "Précollecte", "Num_Circu": "CDSM_500 - AMPLIROLL/Tt - NOUVEAU", "Amenagemen": "Plateforme pour 1", "Statut": "actif", "Time": "15/07/2026", "Num_Coffre": 1.0 }, "geometry": { "type": "Point", "coordinates": [ -4.050781831686145, 5.345721468453825 ] } },
{ "type": "Feature", "properties": { "fid": 2273, "Cod": "Yop-5", "Commune": "Yopougon", "Quartier": "Yopougon Attié", "Type_Capac": "20m3", "Nom": "Rue des Princes", "x": 382070.9, "y": 590581.0, "Affectatio": "Précollecte", "Num_Circu": "CDSM_500 - AMPLIROLL/Tt - NOUVEAU", "Amenagemen": "Pas de Plateforme", "Statut": "actif", "Time": "14/07/2026", "Num_Coffre": 2.0 }, "geometry": { "type": "Point", "coordinates": [ -4.064321147345785, 5.341693626265569 ] } },
{ "type": "Feature", "properties": { "fid": 2274, "Cod": "Yop-4", "Commune": "Yopougon", "Quartier": "Yopougon Attié", "Type_Capac": "20m3", "Nom": "Marché Selmer", "x": 381540.3, "y": 590431.0, "Affectatio": "Précollecte", "Num_Circu": "CDSM_500 - AMPLIROLL/Tt - NOUVEAU", "Amenagemen": "Plateforme pour 1", "Statut": "actif", "Time": "14/07/2026", "Num_Coffre": 1.0 }, "geometry": { "type": "Point", "coordinates": [ -4.069139002202346, 5.340661707351257 ] } },
{ "type": "Feature", "properties": { "fid": 2275, "Cod": "Yop-13", "Commune": "Yopougon", "Quartier": "Yopougon Kouté", "Type_Capac": "20m3", "Nom": "Chapouli", "x": 382458.6, "y": 587561.2, "Affectatio": "Précollecte", "Num_Circu": "CDSM_500 - AMPLIROLL/Tt - NOUVEAU", "Amenagemen": "Pas de Plateforme", "Statut": "actif", "Time": "14/07/2026", "Num_Coffre": 7.0 }, "geometry": { "type": "Point", "coordinates": [ -4.060785339310678, 5.314785744425294 ] } },
{ "type": "Feature", "properties": { "fid": 2276, "Cod": "Yop-10", "Commune": "Yopougon", "Quartier": "Koweit", "Type_Capac": "20m3", "Nom": "Koweit Lagune", "x": 383457.7, "y": 587023.6, "Affectatio": "Précollecte", "Num_Circu": "CDSM_500 - AMPLIROLL/Tt - NOUVEAU", "Amenagemen": "Pas de Plateforme", "Statut": "actif", "Time": "14/07/2026", "Num_Coffre": 1.0 }, "geometry": { "type": "Point", "coordinates": [ -4.05173995535481, 5.309855828595525 ] } },
{ "type": "Feature", "properties": { "fid": 2277, "Cod": "Yop-9", "Commune": "Yopougon", "Quartier": "Yopougon Agbayaté", "Type_Capac": "20m3", "Nom": "Santé village", "x": 384134.6, "y": 586559.3, "Affectatio": "Précollecte", "Num_Circu": "CDSM_500 - AMPLIROLL/Tt - NOUVEAU", "Amenagemen": "Plateforme pour 1", "Statut": "actif", "Time": "14/07/2026", "Num_Coffre": 1.0 }, "geometry": { "type": "Point", "coordinates": [ -4.045646252244228, 5.305749354778981 ] } },
{ "type": "Feature", "properties": { "fid": 2278, "Cod": "Yop-8", "Commune": "Yopougon", "Quartier": "Yopougon Agbayaté", "Type_Capac": "20m3", "Nom": "Grand Maxime", "x": 383796.0, "y": 588186.2, "Affectatio": "Précollecte", "Num_Circu": "CDSM_500 - AMPLIROLL/Tt - NOUVEAU", "Amenagemen": "Pas de Plateforme", "Statut": "supprimé", "Time": "22/05/2024", "Num_Coffre": 0.0 }, "geometry": { "type": "Point", "coordinates": [ -4.048726542231976, 5.320459503887475 ] } },
{ "type": "Feature", "properties": { "fid": 2279, "Cod": "Yop-52", "Commune": "Yopougon", "Quartier": "Zone Industrielle", "Type_Capac": "20m3", "Nom": "AJPS", "x": 380134.4, "y": 593266.6, "Affectatio": "Précollecte", "Num_Circu": "CDSM_500 - AMPLIROLL/Tt - NOUVEAU", "Amenagemen": "Pas de Plateforme", "Statut": "supprimé", "Time": "18/09/2023", "Num_Coffre": 0.0 }, "geometry": { "type": "Point", "coordinates": [ -4.0818487184926, 5.366354124835691 ] } },
{ "type": "Feature", "properties": { "fid": 2280, "Cod": "Yop-44", "Commune": "Yopougon", "Quartier": "Yaosséhi", "Type_Capac": "20m3", "Nom": "Schekina canal", "x": 380390.5, "y": 589523.6, "Affectatio": "Précollecte", "Num_Circu": "CDSM_500 - AMPLIROLL/Tt - NOUVEAU", "Amenagemen": "Pas de plateforme ", "Statut": "actif", "Time": "10/07/2026", "Num_Coffre": 3.0 }, "geometry": { "type": "Point", "coordinates": [ -4.079478223650532, 5.332503121583675 ] } },
{ "type": "Feature", "properties": { "fid": 2281, "Cod": "Yop-69", "Commune": "Yopougon", "Quartier": "Gesco Attié", "Type_Capac": "20m3", "Nom": "Yopougon Batim", "x": 378768.6, "y": 593181.5, "Affectatio": "Précollecte", "Num_Circu": "CDSM_500 - AMPLIROLL/Tt - NOUVEAU", "Amenagemen": "Plateforme pour 1 coffre", "Statut": "actif", "Time": "08/07/2026", "Num_Coffre": 1.0 }, "geometry": { "type": "Point", "coordinates": [ -4.094172881609189, 5.365562465442292 ] } },
{ "type": "Feature", "properties": { "fid": 2282, "Cod": "Yop-63", "Commune": "Yopougon", "Quartier": "Zone Industrielle", "Type_Capac": "20m3", "Nom": "Micao Extension", "x": 377898.5, "y": 595662.9, "Affectatio": "Précollecte", "Num_Circu": "CDSM_500 - AMPLIROLL/Tt - NOUVEAU", "Amenagemen": "Pas de Plateforme", "Statut": "supprimé", "Time": "18/09/2023", "Num_Coffre": 0.0 }, "geometry": { "type": "Point", "coordinates": [ -4.102065347130197, 5.38799220455671 ] } },
{ "type": "Feature", "properties": { "fid": 2283, "Cod": "Yop-72", "Commune": "Yopougon", "Quartier": "Gesco Attié", "Type_Capac": "20m3", "Nom": "Manutention", "x": 377796.5, "y": 592497.7, "Affectatio": "Précollecte", "Num_Circu": "CDSM_500 - AMPLIROLL/Tt - NOUVEAU", "Amenagemen": "Plateforme pour 1 coffre", "Statut": "supprimé", "Time": "03/02/2023", "Num_Coffre": 0.0 }, "geometry": { "type": "Point", "coordinates": [ -4.102934362345916, 5.359361842509729 ] } },
{ "type": "Feature", "properties": { "fid": 2284, "Cod": "Yop-71", "Commune": "Yopougon", "Quartier": "Gesco Attié", "Type_Capac": "20m3", "Nom": "Marche Bédié", "x": 378035.7, "y": 592750.3, "Affectatio": "Précollecte", "Num_Circu": "CDSM_500 - AMPLIROLL/Tt - NOUVEAU", "Amenagemen": "Pas de Plateforme", "Statut": "supprimé", "Time": "18/09/2023", "Num_Coffre": 0.0 }, "geometry": { "type": "Point", "coordinates": [ -4.100779850711465, 5.361650455800921 ] } },
{ "type": "Feature", "properties": { "fid": 2285, "Cod": "Yop-238", "Commune": "Yopougon", "Quartier": "Yopougon Kouté", "Type_Capac": "5m3", "Nom": "Nouveau marché Camp Millitaire", "x": 382257.95183878054, "y": 588801.50923228625, "Affectatio": "Collecte", "Num_Circu": "CDSM_102", "Amenagemen": "Pas de Plateforme", "Statut": "actif", "Time": "14/07/2026", "Num_Coffre": 1.0 }, "geometry": { "type": "Point", "coordinates": [ -4.062615183731618, 5.326001184569972 ] } },
{ "type": "Feature", "properties": { "fid": 2286, "Cod": "Yop-221", "Commune": "Yopougon", "Quartier": "Cimetière", "Type_Capac": "20m3", "Nom": "Bonikro cimetière ", "x": 377500.41141220293, "y": 591258.93738115742, "Affectatio": "Précollecte", "Num_Circu": "CDSM_500 - AMPLIROLL/Tt - NOUVEAU", "Amenagemen": "Pas de Plateforme", "Statut": "actif", "Time": "08/07/2026", "Num_Coffre": 2.0 }, "geometry": { "type": "Point", "coordinates": [ -4.105586211975258, 5.34815262679949 ] } },
{ "type": "Feature", "properties": { "fid": 2287, "Cod": "Yop-237", "Commune": "Yopougon", "Quartier": "Yopougon Kouté", "Type_Capac": "5m3", "Nom": "Antenne CitelCom (Saguidiba)", "x": 381072.76109064202, "y": 589664.7030507772, "Affectatio": "Collecte", "Num_Circu": "CDSM_103", "Amenagemen": "Pas de Plateforme", "Statut": "actif", "Time": "10/07/2026", "Num_Coffre": 1.0 }, "geometry": { "type": "Point", "coordinates": [ -4.073323753795242, 5.333790164521365 ] } },
{ "type": "Feature", "properties": { "fid": 2288, "Cod": "Yop-267", "Commune": "Yopougon", "Quartier": "Zone Industrielle", "Type_Capac": "4m3", "Nom": "Vakabadougou", "x": 379257.78480055591, "y": 597126.38810736616, "Affectatio": "Collecte", "Num_Circu": "CDSM_PC", "Amenagemen": "Pas de Aménagement", "Statut": "actif", "Time": "09/07/2026", "Num_Coffre": 1.0 }, "geometry": { "type": "Point", "coordinates": [ -4.088921589061369, 5.407908065785985 ] } },
{ "type": "Feature", "properties": { "fid": 2289, "Cod": "Yop-222", "Commune": "Yopougon", "Quartier": "Zone Industrielle", "Type_Capac": "20m3", "Nom": "Gesco Terre Rouge", "x": 376143.08118046762, "y": 593982.20955490018, "Affectatio": "Précollecte", "Num_Circu": "CDSM_500 - AMPLIROLL/Tt - NOUVEAU", "Amenagemen": "Plateforme", "Statut": "actif", "Time": "09/07/2026", "Num_Coffre": 1.0 }, "geometry": { "type": "Point", "coordinates": [ -4.117879650473186, 5.372761840000445 ] } },
{ "type": "Feature", "properties": { "fid": 2290, "Cod": "Yop-230", "Commune": "Yopougon", "Quartier": "Niangon Sud Ouest", "Type_Capac": "4m3", "Nom": "Pont Académie", "x": 377239.59969577787, "y": 588586.47461673361, "Affectatio": "Collecte", "Num_Circu": "CDSM_108", "Amenagemen": "Pas de Plateforme", "Statut": "actif", "Time": "13/07/2026", "Num_Coffre": 1.0 }, "geometry": { "type": "Point", "coordinates": [ -4.107896425823562, 5.323976419524554 ] } },
{ "type": "Feature", "properties": { "fid": 2291, "Cod": "Yop-96", "Commune": "Yopougon", "Quartier": "Yopougon Kouté", "Type_Capac": "4m3", "Nom": "Carrefour Mandjo", "x": 380006.04801677051, "y": 588591.82320265321, "Affectatio": "Collecte", "Num_Circu": "CDSM_105", "Amenagemen": "Pas de Plateforme", "Statut": "actif", "Time": "10/07/2026", "Num_Coffre": 1.0 }, "geometry": { "type": "Point", "coordinates": [ -4.082932732277037, 5.324069191024528 ] } },
{ "type": "Feature", "properties": { "fid": 2292, "Cod": "Yop-232", "Commune": "Yopougon", "Quartier": "Yopougon Kouté", "Type_Capac": "4m3", "Nom": "Rond-point Petit Toit Rouge", "x": 381945.43266159343, "y": 588562.02070206252, "Affectatio": "Collecte", "Num_Circu": "CDSM_105", "Amenagemen": "Pas de Plateforme", "Statut": "actif", "Time": "13/07/2026", "Num_Coffre": 1.0 }, "geometry": { "type": "Point", "coordinates": [ -4.065431591746325, 5.323830147918902 ] } },
{ "type": "Feature", "properties": { "fid": 2294, "Cod": "Yop-229", "Commune": "Yopougon", "Quartier": "Yopougon Attié", "Type_Capac": "5m3", "Nom": "Terminus 47", "x": 379945.37668681302, "y": 590312.00379770983, "Affectatio": "Collecte", "Num_Circu": "CDSM_103", "Amenagemen": "Pas de Plateforme", "Statut": "actif", "Time": "10/07/2026", "Num_Coffre": 1.0 }, "geometry": { "type": "Point", "coordinates": [ -4.083507498961523, 5.339627091453218 ] } },
{ "type": "Feature", "properties": { "fid": 2295, "Cod": "Yop-227", "Commune": "Yopougon", "Quartier": "Yopougon Hopital", "Type_Capac": "4m3", "Nom": "Morgue CHU", "x": 379036.41767789086, "y": 592187.85501008667, "Affectatio": "Collecte", "Num_Circu": "CDSM_106", "Amenagemen": "Pas de Plateforme", "Statut": "actif", "Time": "08/07/2026", "Num_Coffre": 1.0 }, "geometry": { "type": "Point", "coordinates": [ -4.091740027070046, 5.356579399667675 ] } },
{ "type": "Feature", "properties": { "fid": 2296, "Cod": "Yop-234", "Commune": "Yopougon", "Quartier": "Niangon Sud Ouest", "Type_Capac": "5m3", "Nom": "Cash Ivoire Supermarché (Carrefour Caféier)", "x": 377528.52666981675, "y": 588911.98373550246, "Affectatio": "Collecte", "Num_Circu": "CDSM_108", "Amenagemen": "Pas de Plateforme", "Statut": "actif", "Time": "13/07/2026", "Num_Coffre": 1.0 }, "geometry": { "type": "Point", "coordinates": [ -4.105294486538424, 5.326925280143708 ] } },
{ "type": "Feature", "properties": { "fid": 2297, "Cod": "Yop-212", "Commune": "Yopougon", "Quartier": "Azito", "Type_Capac": "4m3", "Nom": "Azito Palmeraie", "x": 379928.554, "y": 586507.109, "Affectatio": "Collecte", "Num_Circu": "CDSM_108", "Amenagemen": "Pas de Plateforme", "Statut": "actif", "Time": "13/07/2026", "Num_Coffre": 1.0 }, "geometry": { "type": "Point", "coordinates": [ -4.083599064783605, 5.305211917868986 ] } },
{ "type": "Feature", "properties": { "fid": 2298, "Cod": "Yop-211", "Commune": "Yopougon", "Quartier": "Niangon Nord 1ère Tranche", "Type_Capac": "5m3", "Nom": "Base CIE", "x": 379131.6, "y": 589534.3, "Affectatio": "Collecte", "Num_Circu": "CSDM_108", "Amenagemen": "Pas de Plateforme", "Statut": "actif", "Time": "08/07/2026", "Num_Coffre": 1.0 }, "geometry": { "type": "Point", "coordinates": [ -4.090896177353417, 5.332471912205302 ] } },
{ "type": "Feature", "properties": { "fid": 2299, "Cod": "Yop-201", "Commune": "Yopougon", "Quartier": "Yopougon Attié", "Type_Capac": "20m3", "Nom": "Pont Piéton", "x": 381220.8, "y": 592533.8, "Affectatio": "Précollecte", "Num_Circu": "CDSM_500 - AMPLIROLL/Tt - NOUVEAU", "Amenagemen": "Pas de Plateforme", "Statut": "actif", "Time": "13/07/2026", "Num_Coffre": 1.0 }, "geometry": { "type": "Point", "coordinates": [ -4.072033000196814, 5.359743278879283 ] } },
{ "type": "Feature", "properties": { "fid": 2300, "Cod": "Yop-199", "Commune": "Yopougon", "Quartier": "Yopougon Attié", "Type_Capac": "5m3", "Nom": "Clôture Saint André", "x": 381119.6, "y": 590768.9, "Affectatio": "Collecte", "Num_Circu": "CDSM_103", "Amenagemen": "Pas de Plateforme", "Statut": "supprimé", "Time": "14/07/2026", "Num_Coffre": 0.0 }, "geometry": { "type": "Point", "coordinates": [ -4.073400012122698, 5.34446454246269 ] } },
{ "type": "Feature", "properties": { "fid": 2301, "Cod": "Yop-219", "Commune": "Yopougon", "Quartier": "Niangon Sud Est", "Type_Capac": "20m3", "Nom": "Azito Sicogi", "x": 378987.441, "y": 587197.402, "Affectatio": "Précollecte", "Num_Circu": "CDSM_500 - AMPLIROLL/Tt - NOUVEAU", "Amenagemen": "Pas de Plateforme", "Statut": "actif", "Time": "08/07/2026", "Num_Coffre": 1.0 }, "geometry": { "type": "Point", "coordinates": [ -4.092102196442948, 5.311440591356635 ] } },
{ "type": "Feature", "properties": { "fid": 2302, "Cod": "Yop-216", "Commune": "Yopougon", "Quartier": "Yopougon Kouté", "Type_Capac": "5m3", "Nom": "Chapouli", "x": 382076.5, "y": 587978.6, "Affectatio": "Collecte", "Num_Circu": "CSDM_102", "Amenagemen": "Pas de Plateforme", "Statut": "actif", "Time": "13/07/2026", "Num_Coffre": 2.0 }, "geometry": { "type": "Point", "coordinates": [ -4.064406114116909, 5.318289049619992 ] } },
{ "type": "Feature", "properties": { "fid": 2303, "Cod": "Yop-215", "Commune": "Yopougon", "Quartier": "Yopougon Kouté", "Type_Capac": "5m3", "Nom": "Sideci Sicogi 11 (Marché Porc)", "x": 380284.0, "y": 589272.0, "Affectatio": "Collecte", "Num_Circu": "CSDM_102", "Amenagemen": "Pas de Plateforme", "Statut": "actif", "Time": "10/07/2026", "Num_Coffre": 1.0 }, "geometry": { "type": "Point", "coordinates": [ -4.080435294206362, 5.330225734535053 ] } },
{ "type": "Feature", "properties": { "fid": 2304, "Cod": "Yop-167", "Commune": "Yopougon", "Quartier": "Zone Industrielle", "Type_Capac": "20m3", "Nom": "SIMPO", "x": 380287.8, "y": 593537.1, "Affectatio": "Précollecte", "Num_Circu": "CDSM_500 - AMPLIROLL/Tt - NOUVEAU", "Amenagemen": "Plateforme pour 1 coffre", "Statut": "actif", "Time": "09/07/2026", "Num_Coffre": 1.0 }, "geometry": { "type": "Point", "coordinates": [ -4.080468678052917, 5.368803219062508 ] } },
{ "type": "Feature", "properties": { "fid": 2305, "Cod": "Yop-166", "Commune": "Yopougon", "Quartier": "Gesco Attié", "Type_Capac": "20m3", "Nom": "Gesco 3 feux", "x": 378107.9, "y": 593131.4, "Affectatio": "Précollecte", "Num_Circu": "CDSM_500 - AMPLIROLL/Tt - NOUVEAU", "Amenagemen": "Pas de Plateforme", "Statut": "actif", "Time": "08/07/2026", "Num_Coffre": 1.0 }, "geometry": { "type": "Point", "coordinates": [ -4.100134469449309, 5.365098616991663 ] } },
{ "type": "Feature", "properties": { "fid": 2306, "Cod": "Yop-181", "Commune": "Yopougon", "Quartier": "Yopougon Kouté", "Type_Capac": "5m3", "Nom": "Sideci mairie technique", "x": 380691.8, "y": 589413.9, "Affectatio": "Collecte", "Num_Circu": "CDSM_102", "Amenagemen": "Pas de Plateforme", "Statut": "actif", "Time": "10/07/2026", "Num_Coffre": 1.0 }, "geometry": { "type": "Point", "coordinates": [ -4.07674921064382, 5.331479150983708 ] } },
{ "type": "Feature", "properties": { "fid": 2307, "Cod": "Yop-176", "Commune": "Yopougon", "Quartier": "Yopougon Kouté", "Type_Capac": "4m3", "Nom": "SIDECI Marché", "x": 380443.1, "y": 588665.8, "Affectatio": "Collecte", "Num_Circu": "CDSM_105", "Amenagemen": "Pas de Plateforme", "Statut": "actif", "Time": "10/07/2026", "Num_Coffre": 1.0 }, "geometry": { "type": "Point", "coordinates": [ -4.078990025265831, 5.324745226067259 ] } },
{ "type": "Feature", "properties": { "fid": 2308, "Cod": "Yop-175", "Commune": "Yopougon", "Quartier": "Yopougon Kouté", "Type_Capac": "5m3", "Nom": "Terminus 40 (T40)", "x": 380839.8, "y": 589179.0, "Affectatio": "Collecte", "Num_Circu": "CDSM_103", "Amenagemen": "Pas de Plateforme", "Statut": "supprimé", "Time": "10/07/2026", "Num_Coffre": 0.0 }, "geometry": { "type": "Point", "coordinates": [ -4.075418342747109, 5.329393343406029 ] } },
{ "type": "Feature", "properties": { "fid": 2309, "Cod": "Yop-172", "Commune": "Yopougon", "Quartier": "Yopougon Attié", "Type_Capac": "5m3", "Nom": "Selmer COOPEC", "x": 381815.8, "y": 590416.1, "Affectatio": "Collecte", "Num_Circu": "CDSM_103", "Amenagemen": "Pas de Plateforme", "Statut": "supprimé", "Time": "08/12/2023", "Num_Coffre": 0.0 }, "geometry": { "type": "Point", "coordinates": [ -4.066630325562969, 5.340598180384385 ] } },
{ "type": "Feature", "properties": { "fid": 2310, "Cod": "Yop-190", "Commune": "Yopougon", "Quartier": "Ananeraie", "Type_Capac": "20m3", "Nom": "Guicharoulain", "x": 378638.1, "y": 591566.6, "Affectatio": "Précollecte", "Num_Circu": "CDSM_500 - AMPLIROLL/Tt - NOUVEAU", "Amenagemen": "Pas de Plateforme", "Statut": "supprimé", "Time": "27/01/2025", "Num_Coffre": 0.0 }, "geometry": { "type": "Point", "coordinates": [ -4.095324542704099, 5.350953815920479 ] } },
{ "type": "Feature", "properties": { "fid": 2311, "Cod": "Yop-189", "Commune": "Yopougon", "Quartier": "Yopougon Hopital", "Type_Capac": "5m3", "Nom": "Batim 3", "x": 378539.4, "y": 592409.0, "Affectatio": "Collecte", "Num_Circu": "CDSM_106, CDSM_107", "Amenagemen": "Pas de Plateforme", "Statut": "actif", "Time": "08/07/2026", "Num_Coffre": 2.0 }, "geometry": { "type": "Point", "coordinates": [ -4.096228802139681, 5.358571610065726 ] } },
{ "type": "Feature", "properties": { "fid": 2312, "Cod": "Yop-101", "Commune": "Yopougon", "Quartier": "Sideci Annexe", "Type_Capac": "5m3", "Nom": "Sideci SGBCI LEM", "x": 380083.9, "y": 589138.9, "Affectatio": "Collecte", "Num_Circu": "CDSM_102", "Amenagemen": "Pas de Plateforme", "Statut": "actif", "Time": "10/07/2026", "Num_Coffre": 1.0 }, "geometry": { "type": "Point", "coordinates": [ -4.082136955664962, 5.328811148450659 ] } },
{ "type": "Feature", "properties": { "fid": 2313, "Cod": "Yop-198", "Commune": "Yopougon", "Quartier": "Yopougon Attié", "Type_Capac": "5m3", "Nom": "Wassakara Marché", "x": 381598.9, "y": 591578.6, "Affectatio": "Collecte", "Num_Circu": "CDSM_103", "Amenagemen": "Pas de Plateforme", "Statut": "supprimé", "Time": "08/02/2025", "Num_Coffre": 0.0 }, "geometry": { "type": "Point", "coordinates": [ -4.068605881558021, 5.351109521856025 ] } },
{ "type": "Feature", "properties": { "fid": 2314, "Cod": "Yop-195", "Commune": "Yopougon", "Quartier": "Yopougon Agbayaté", "Type_Capac": "5m3", "Nom": "Agbayaté Station", "x": 384293.4, "y": 587474.3, "Affectatio": "Collecte", "Num_Circu": "CDSM_105", "Amenagemen": "Pas de Plateforme", "Statut": "supprimé", "Time": "28/05/2026", "Num_Coffre": 0.0 }, "geometry": { "type": "Point", "coordinates": [ -4.044227224124977, 5.314027973702638 ] } },
{ "type": "Feature", "properties": { "fid": 2315, "Cod": "Yop-194", "Commune": "Yopougon", "Quartier": "Koweit", "Type_Capac": "20m3", "Nom": "Eglise Baptiste", "x": 382035.9, "y": 589442.9, "Affectatio": "Précollecte", "Num_Circu": "CDSM_500 - AMPLIROLL/Tt - NOUVEAU", "Amenagemen": "Pas de Plateforme", "Statut": "actif", "Time": "13/07/2026", "Num_Coffre": 1.0 }, "geometry": { "type": "Point", "coordinates": [ -4.064628944039436, 5.331799075979483 ] } },
{ "type": "Feature", "properties": { "fid": 2316, "Cod": "Yop-130", "Commune": "Yopougon", "Quartier": "Port Bouet 2", "Type_Capac": "5m3", "Nom": "Port-bouet 2 Centre Social 1", "x": 379068.3, "y": 591551.6, "Affectatio": "Collecte", "Num_Circu": "CDSM_PC", "Amenagemen": "Pas de Plateforme", "Statut": "supprimé", "Time": "25/04/2024", "Num_Coffre": 0.0 }, "geometry": { "type": "Point", "coordinates": [ -4.091442106517209, 5.350825068386668 ] } },
{ "type": "Feature", "properties": { "fid": 2317, "Cod": "Yop-129", "Commune": "Yopougon", "Quartier": "Port Bouet 2", "Type_Capac": "5m3", "Nom": "Port-bouet 2 Kroussimougou", "x": 378918.6, "y": 591889.8, "Affectatio": "Collecte", "Num_Circu": "CDSM_PC", "Amenagemen": "Pas de Plateforme", "Statut": "supprimé", "Time": "06/12/2023", "Num_Coffre": 0.0 }, "geometry": { "type": "Point", "coordinates": [ -4.092798454794393, 5.353881635292885 ] } },
{ "type": "Feature", "properties": { "fid": 2318, "Cod": "Yop-128", "Commune": "Yopougon", "Quartier": "Ananeraie", "Type_Capac": "5m3", "Nom": "Sorbone", "x": 378178.0, "y": 591564.8, "Affectatio": "Collecte", "Num_Circu": "CDSM_106, CDSM_107", "Amenagemen": "Pas de Plateforme", "Statut": "supprimé", "Time": "14/12/2023", "Num_Coffre": 0.0 }, "geometry": { "type": "Point", "coordinates": [ -4.099476526202055, 5.350930101115704 ] } },
{ "type": "Feature", "properties": { "fid": 2319, "Cod": "Yop-123", "Commune": "Yopougon", "Quartier": "Adiopo Doumé", "Type_Capac": "5m3", "Nom": "CNRA_Poulet (km 17)", "x": 375103.4, "y": 590070.2, "Affectatio": "Collecte", "Num_Circu": "CDSM_101, CDSM_107", "Amenagemen": "Pas de Plateforme", "Statut": "supprimé", "Time": "25/04/2024", "Num_Coffre": 0.0 }, "geometry": { "type": "Point", "coordinates": [ -4.127197316809812, 5.337361398365328 ] } },
{ "type": "Feature", "properties": { "fid": 2320, "Cod": "Yop-135", "Commune": "Yopougon", "Quartier": "Niangon Nord 1ère Tranche", "Type_Capac": "5m3", "Nom": "France ville 2", "x": 379028.0, "y": 590658.2, "Affectatio": "Collecte", "Num_Circu": "CDSM_PC", "Amenagemen": "Pas de Plateforme", "Statut": "supprimé", "Time": "22/05/2024", "Num_Coffre": 0.0 }, "geometry": { "type": "Point", "coordinates": [ -4.09179146312361, 5.342743732419813 ] } },
{ "type": "Feature", "properties": { "fid": 2321, "Cod": "Yop-134", "Commune": "Yopougon", "Quartier": "Niangon Nord 1ère Tranche", "Type_Capac": "20m3", "Nom": "Franceville", "x": 379055.4, "y": 590683.2, "Affectatio": "Précollecte", "Num_Circu": "CDSM_500 - AMPLIROLL/Tt - NOUVEAU", "Amenagemen": "Pas de Plateforme", "Statut": "actif", "Time": "10/07/2026", "Num_Coffre": 2.0 }, "geometry": { "type": "Point", "coordinates": [ -4.091544604415095, 5.342970293987777 ] } },
{ "type": "Feature", "properties": { "fid": 2322, "Cod": "Yop-133", "Commune": "Yopougon", "Quartier": "Port Bouet 2", "Type_Capac": "20m3", "Nom": "Port-bouet 2 École Palméraie", "x": 379123.5, "y": 591774.2, "Affectatio": "Précollecte", "Num_Circu": "CDSM_500 - AMPLIROLL/Tt - NOUVEAU", "Amenagemen": "Pas de Plateforme", "Statut": "actif", "Time": "13/07/2026", "Num_Coffre": 1.0 }, "geometry": { "type": "Point", "coordinates": [ -4.090947540283956, 5.352839343872928 ] } },
{ "type": "Feature", "properties": { "fid": 2323, "Cod": "Yop-131", "Commune": "Yopougon", "Quartier": "Port Bouet 2", "Type_Capac": "5m3", "Nom": "Port-bouet 2 Centre Social 2", "x": 379027.4, "y": 591626.5, "Affectatio": "Collecte", "Num_Circu": "CDSM_PC", "Amenagemen": "Pas de Plateforme", "Statut": "supprimé", "Time": "25/04/2024", "Num_Coffre": 0.0 }, "geometry": { "type": "Point", "coordinates": [ -4.091812396324182, 5.351501871816676 ] } },
{ "type": "Feature", "properties": { "fid": 2324, "Cod": "Yop-142", "Commune": "Yopougon", "Quartier": "Yopougon Hopital", "Type_Capac": "5m3", "Nom": "Marché Manioc", "x": 380109.6, "y": 592129.4, "Affectatio": "Collecte", "Num_Circu": "CDSM_PC", "Amenagemen": "Pas de Plateforme", "Statut": "supprimé", "Time": "09/07/2026", "Num_Coffre": 0.0 }, "geometry": { "type": "Point", "coordinates": [ -4.082054413260604, 5.356067872136303 ] } },
{ "type": "Feature", "properties": { "fid": 2325, "Cod": "Yop-139", "Commune": "Yopougon", "Quartier": "Yopougon Attié", "Type_Capac": "5m3", "Nom": "SICOGI 2", "x": 380568.99999999994, "y": 590052.3, "Affectatio": "Collecte", "Num_Circu": "CDSM_103", "Amenagemen": "Pas de Plateforme", "Statut": "actif", "Time": "10/07/2026", "Num_Coffre": 1.0 }, "geometry": { "type": "Point", "coordinates": [ -4.077875796551071, 5.337287994349602 ] } },
{ "type": "Feature", "properties": { "fid": 2326, "Cod": "Yop-138", "Commune": "Yopougon", "Quartier": "Yopougon Attié", "Type_Capac": "5m3", "Nom": "SICOGI 3", "x": 380739.7, "y": 590607.4, "Affectatio": "Collecte", "Num_Circu": "CDSM_103", "Amenagemen": "Pas de Plateforme", "Statut": "actif", "Time": "10/07/2026", "Num_Coffre": 2.0 }, "geometry": { "type": "Point", "coordinates": [ -4.076344155832161, 5.342311529700656 ] } },
{ "type": "Feature", "properties": { "fid": 2327, "Cod": "Yop-137", "Commune": "Yopougon", "Quartier": "Yopougon Attié", "Type_Capac": "5m3", "Nom": "Pont Phénix", "x": 380387.3, "y": 590925.9, "Affectatio": "Collecte", "Num_Circu": "CDSM_103", "Amenagemen": "Pas de Plateforme", "Statut": "actif", "Time": "10/07/2026", "Num_Coffre": 1.0 }, "geometry": { "type": "Point", "coordinates": [ -4.079529287177207, 5.345186749431234 ] } },
{ "type": "Feature", "properties": { "fid": 2328, "Cod": "Yop-164", "Commune": "Yopougon", "Quartier": "Yopougon Kouté", "Type_Capac": "20m3", "Nom": "Petit toit rouge virage", "x": 381882.0, "y": 587967.3, "Affectatio": "Précollecte", "Num_Circu": "CDSM_500 - AMPLIROLL/Tt - NOUVEAU", "Amenagemen": "Pas de Plateforme", "Statut": "supprimé", "Time": "25/04/2024", "Num_Coffre": 0.0 }, "geometry": { "type": "Point", "coordinates": [ -4.06599473788188, 5.318449934857059 ] } },
{ "type": "Feature", "properties": { "fid": 2329, "Cod": "Yop-163", "Commune": "Yopougon", "Quartier": "Yopougon Kouté", "Type_Capac": "20m3", "Nom": "Kouté extension", "x": 381566.9, "y": 587986.2, "Affectatio": "Précollecte", "Num_Circu": "CDSM_500 - AMPLIROLL/Tt - NOUVEAU", "Amenagemen": "Pas de Plateforme", "Statut": "supprimé", "Time": "12/12/2023", "Num_Coffre": 0.0 }, "geometry": { "type": "Point", "coordinates": [ -4.068838421958027, 5.318615962228127 ] } },
{ "type": "Feature", "properties": { "fid": 2330, "Cod": "Yop-162", "Commune": "Yopougon", "Quartier": "Yopougon Kouté", "Type_Capac": "20m3", "Nom": "Koute manioc", "x": 381090.1, "y": 587992.1, "Affectatio": "Précollecte", "Num_Circu": "CDSM_500 - AMPLIROLL/Tt - NOUVEAU", "Amenagemen": "Plateforme pour 1 coffre", "Statut": "actif", "Time": "13/07/2026", "Num_Coffre": 1.0 }, "geometry": { "type": "Point", "coordinates": [ -4.073141042841999, 5.318661854123907 ] } },
{ "type": "Feature", "properties": { "fid": 2331, "Cod": "Yop-149", "Commune": "Yopougon", "Quartier": "Zone Industrielle", "Type_Capac": "5m3", "Nom": "SODEFOR an 2000", "x": 380891.6, "y": 595156.8, "Affectatio": "Collecte", "Num_Circu": "CDSM_PC", "Amenagemen": "Pas de Plateforme", "Statut": "actif", "Time": "09/07/2026", "Num_Coffre": 1.0 }, "geometry": { "type": "Point", "coordinates": [ -4.075045400184911, 5.383462878201619 ] } },
{ "type": "Feature", "properties": { "fid": 2332, "Cod": "Yop-92", "Commune": "Yopougon", "Quartier": "Yopougon Kouté", "Type_Capac": "5m3", "Nom": "Arrière clôture CNPS", "x": 381991.6, "y": 589046.7, "Affectatio": "Collecte", "Num_Circu": "CDSM_PC", "Amenagemen": "Pas de Plateforme", "Statut": "actif", "Time": "13/07/2026", "Num_Coffre": 1.0 }, "geometry": { "type": "Point", "coordinates": [ -4.067255664555682, 5.329985145861391 ] } },
{ "type": "Feature", "properties": { "fid": 2334, "Cod": "Yop-88", "Commune": "Yopougon", "Quartier": "Koweit", "Type_Capac": "20m3", "Nom": "Koweit Antenne", "x": 382983.2, "y": 587085.3, "Affectatio": "Précollecte", "Num_Circu": "CDSM_500 - AMPLIROLL/Tt - NOUVEAU", "Amenagemen": "Pas de Plateforme", "Statut": "supprimé", "Time": "25/04/2024", "Num_Coffre": 0.0 }, "geometry": { "type": "Point", "coordinates": [ -4.056044155384082, 5.310489354702521 ] } },
{ "type": "Feature", "properties": { "fid": 2335, "Cod": "Yop-86", "Commune": "Yopougon", "Quartier": "Yopougon Agbayaté", "Type_Capac": "20m3", "Nom": "Santé Terrain", "x": 383780.4, "y": 587021.1, "Affectatio": "Précollecte", "Num_Circu": "CDSM_500 - AMPLIROLL/Tt - NOUVEAU", "Amenagemen": "Pas de Plateforme", "Statut": "actif", "Time": "14/07/2026", "Num_Coffre": 2.0 }, "geometry": { "type": "Point", "coordinates": [ -4.048736567241276, 5.309596401603168 ] } },
{ "type": "Feature", "properties": { "fid": 2336, "Cod": "Yop-98", "Commune": "Yopougon", "Quartier": "Niangon Sud Ouest", "Type_Capac": "5m3", "Nom": "Super Sonia", "x": 378318.2, "y": 588024.4, "Affectatio": "Collecte", "Num_Circu": "CDSM_108", "Amenagemen": "Pas de Plateforme", "Statut": "actif", "Time": "13/07/2026", "Num_Coffre": 1.0 }, "geometry": { "type": "Point", "coordinates": [ -4.098154398859691, 5.318909962387257 ] } },
{ "type": "Feature", "properties": { "fid": 2337, "Cod": "Yop-97", "Commune": "Yopougon", "Quartier": "Niangon Sud Est", "Type_Capac": "5m3", "Nom": "Niangon Centre Social", "x": 378664.4, "y": 587648.1, "Affectatio": "Collecte", "Num_Circu": "CDSM_108", "Amenagemen": "Pas de Plateforme", "Statut": "actif", "Time": "08/07/2026", "Num_Coffre": 1.0 }, "geometry": { "type": "Point", "coordinates": [ -4.095024383788609, 5.315511933891334 ] } },
{ "type": "Feature", "properties": { "fid": 2338, "Cod": "Yop-95", "Commune": "Yopougon", "Quartier": "Yopougon Kouté", "Type_Capac": "5m3", "Nom": "Groupe Scolaire Sogefia 6", "x": 381226.5, "y": 589136.1, "Affectatio": "Collecte", "Num_Circu": "CDSM_102", "Amenagemen": "Pas de Plateforme", "Statut": "actif", "Time": "13/07/2026", "Num_Coffre": 1.0 }, "geometry": { "type": "Point", "coordinates": [ -4.07193876631734, 5.328943854638952 ] } },
{ "type": "Feature", "properties": { "fid": 2339, "Cod": "Yop-93", "Commune": "Yopougon", "Quartier": "Yopougon Kouté", "Type_Capac": "5m3", "Nom": "CSP (garage)", "x": 381720.2, "y": 588996.1, "Affectatio": "Collecte", "Num_Circu": "CDSM_PC", "Amenagemen": "Pas de Plateforme", "Statut": "actif", "Time": "13/07/2026", "Num_Coffre": 1.0 }, "geometry": { "type": "Point", "coordinates": [ -4.067470831780789, 5.327752855024515 ] } },
{ "type": "Feature", "properties": { "fid": 2340, "Cod": "Yop-113", "Commune": "Yopougon", "Quartier": "Niangon Sud Ouest", "Type_Capac": "20m3", "Nom": "Merveille 2", "x": 377155.2, "y": 589031.1, "Affectatio": "Précollecte", "Num_Circu": "CDSM_500 - AMPLIROLL/Tt - NOUVEAU", "Amenagemen": "Pas de Plateforme", "Statut": "actif", "Time": "13/07/2026", "Num_Coffre": 1.0 }, "geometry": { "type": "Point", "coordinates": [ -4.108664969137528, 5.327938867913489 ] } },
{ "type": "Feature", "properties": { "fid": 2341, "Cod": "Yop-107", "Commune": "Yopougon", "Quartier": "Niangon Lokoa", "Type_Capac": "5m3", "Nom": "Lokoa Pont", "x": 377938.6, "y": 587614.5, "Affectatio": "Collecte", "Num_Circu": "CDSM_PC", "Amenagemen": "Pas de Plateforme", "Statut": "supprimé", "Time": "25/04/2024", "Num_Coffre": 0.0 }, "geometry": { "type": "Point", "coordinates": [ -4.101573195904122, 5.315196367664429 ] } },
{ "type": "Feature", "properties": { "fid": 2342, "Cod": "Yop-106", "Commune": "Yopougon", "Quartier": "Niangon Sud Ouest", "Type_Capac": "5m3", "Nom": "Lycée Simone Ehivet Gbagbo", "x": 378112.8, "y": 587915.2, "Affectatio": "Collecte", "Num_Circu": "CDSM_PC", "Amenagemen": "Pas de Plateforme", "Statut": "actif", "Time": "13/07/2026", "Num_Coffre": 1.0 }, "geometry": { "type": "Point", "coordinates": [ -4.099943935597302, 5.318091143928553 ] } },
{ "type": "Feature", "properties": { "fid": 2343, "Cod": "Yop-99", "Commune": "Yopougon", "Quartier": "Yopougon Kouté", "Type_Capac": "20m3", "Nom": "Kouté fin goudron", "x": 381208.2, "y": 587840.8, "Affectatio": "Précollecte", "Num_Circu": "CDSM_500 - AMPLIROLL/Tt - NOUVEAU", "Amenagemen": "Plateforme pour 1 coffre", "Statut": "actif", "Time": "13/07/2026", "Num_Coffre": 1.0 }, "geometry": { "type": "Point", "coordinates": [ -4.072072969356232, 5.317295208700825 ] } },
{ "type": "Feature", "properties": { "fid": 2344, "Cod": "Yop-119", "Commune": "Yopougon", "Quartier": "Bougounisso", "Type_Capac": "20m3", "Nom": "Bougounisso 2", "x": 375724.2, "y": 591131.7, "Affectatio": "Précollecte", "Num_Circu": "CDSM_500 - AMPLIROLL/Tt - NOUVEAU", "Amenagemen": "Pas de Plateforme", "Statut": "actif", "Time": "08/07/2026", "Num_Coffre": 1.0 }, "geometry": { "type": "Point", "coordinates": [ -4.121727339230508, 5.346920602937249 ] } },
{ "type": "Feature", "properties": { "fid": 2345, "Cod": "Yop-116", "Commune": "Yopougon", "Quartier": "Niangon Adjamé", "Type_Capac": "5m3", "Nom": "Niangon Adjamé village", "x": 376130.3, "y": 589927.2, "Affectatio": "Collecte", "Num_Circu": "CDSM_PC", "Amenagemen": "Pas de Plateforme", "Statut": "actif", "Time": "08/07/2026", "Num_Coffre": 1.0 }, "geometry": { "type": "Point", "coordinates": [ -4.117955188728486, 5.335940530551454 ] } },
{ "type": "Feature", "properties": { "fid": 2346, "Cod": "Yop-114", "Commune": "Yopougon", "Quartier": "Niangon Sud Ouest", "Type_Capac": "5m3", "Nom": "Merveilles 1", "x": 377205.7, "y": 589048.0, "Affectatio": "Collecte", "Num_Circu": "CDSM_PC", "Amenagemen": "Pas de Plateforme", "Statut": "supprimé", "Time": "17/05/2024", "Num_Coffre": 0.0 }, "geometry": { "type": "Point", "coordinates": [ -4.108209805529448, 5.328150286774067 ] } },
{ "type": "Feature", "properties": { "fid": 2347, "Cod": "Yop-56", "Commune": "Yopougon", "Quartier": "Andokoi Extension", "Type_Capac": "20m3", "Nom": "Antenne TP", "x": 380645.4, "y": 593915.7, "Affectatio": "Précollecte", "Num_Circu": "CDSM_500 - AMPLIROLL/Tt - NOUVEAU", "Amenagemen": "Plateforme pour 1 coffre", "Statut": "actif", "Time": "10/07/2026", "Num_Coffre": 1.0 }, "geometry": { "type": "Point", "coordinates": [ -4.07724754060804, 5.372233320563358 ] } },
{ "type": "Feature", "properties": { "fid": 2348, "Cod": "Yop-55", "Commune": "Yopougon", "Quartier": "Andokoi Extension", "Type_Capac": "20m3", "Nom": "Andokoi Chateau", "x": 381504.9, "y": 593646.2, "Affectatio": "Précollecte", "Num_Circu": "CDSM_500 - AMPLIROLL/Tt - NOUVEAU", "Amenagemen": "Plateforme pour 2 coffres", "Statut": "actif", "Time": "10/07/2026", "Num_Coffre": 2.0 }, "geometry": { "type": "Point", "coordinates": [ -4.069486700805245, 5.369809348777211 ] } },
{ "type": "Feature", "properties": { "fid": 2349, "Cod": "Yop-54", "Commune": "Yopougon", "Quartier": "Village Andokoi", "Type_Capac": "20m3", "Nom": "Village Andokoi marché", "x": 381298.9, "y": 592774.2, "Affectatio": "Précollecte", "Num_Circu": "CDSM_500 - AMPLIROLL/Tt - NOUVEAU", "Amenagemen": "Plateforme pour 1 coffre", "Statut": "actif", "Time": "13/07/2026", "Num_Coffre": 1.0 }, "geometry": { "type": "Point", "coordinates": [ -4.071331988136324, 5.361918914122657 ] } },
{ "type": "Feature", "properties": { "fid": 2350, "Cod": "Yop-53", "Commune": "Yopougon", "Quartier": "Andokoi Extension", "Type_Capac": "20m3", "Nom": "Andokoi cimétière", "x": 380995.9, "y": 592847.1, "Affectatio": "Précollecte", "Num_Circu": "CDSM_500 - AMPLIROLL/Tt - NOUVEAU", "Amenagemen": "Plateforme pour 1 coffre", "Statut": "actif", "Time": "10/07/2026", "Num_Coffre": 1.0 }, "geometry": { "type": "Point", "coordinates": [ -4.074067530212165, 5.362573493486959 ] } },
{ "type": "Feature", "properties": { "fid": 2351, "Cod": "Yop-61", "Commune": "Yopougon", "Quartier": "Zone Industrielle", "Type_Capac": "20m3", "Nom": "Micao Déguerpi", "x": 379002.5, "y": 595398.00000000012, "Affectatio": "Précollecte", "Num_Circu": "CDSM_500 - AMPLIROLL/Tt - NOUVEAU", "Amenagemen": "Pas de Plateforme", "Statut": "actif", "Time": "09/07/2026", "Num_Coffre": 2.0 }, "geometry": { "type": "Point", "coordinates": [ -4.092097801814631, 5.385614177307628 ] } },
{ "type": "Feature", "properties": { "fid": 2352, "Cod": "Yop-60", "Commune": "Yopougon", "Quartier": "Zone Industrielle", "Type_Capac": "20m3", "Nom": "Zone industrielle SOCIAM", "x": 379076.6, "y": 594946.8, "Affectatio": "Précollecte", "Num_Circu": "CDSM_500 - AMPLIROLL/Tt - NOUVEAU", "Amenagemen": "Plateforme pour 1 coffre", "Statut": "actif", "Time": "09/07/2026", "Num_Coffre": 1.0 }, "geometry": { "type": "Point", "coordinates": [ -4.091421794724891, 5.38153433445982 ] } },
{ "type": "Feature", "properties": { "fid": 2353, "Cod": "Yop-59", "Commune": "Yopougon", "Quartier": "Zone Industrielle", "Type_Capac": "20m3", "Nom": "Prison Civile", "x": 380683.3, "y": 595827.0, "Affectatio": "EcoEburnie", "Num_Circu": "CDSM_507 - AMPLIROLL - YOPOUGON – EEB\n", "Amenagemen": "Pas de Plateforme", "Statut": "actif", "Time": "09/07/2026", "Num_Coffre": 2.0 }, "geometry": { "type": "Point", "coordinates": [ -4.076935917435977, 5.389521453314296 ] } },
{ "type": "Feature", "properties": { "fid": 2354, "Cod": "Yop-58", "Commune": "Yopougon", "Quartier": "Zone Industrielle", "Type_Capac": "20m3", "Nom": "Cité MACA", "x": 380944.99999999994, "y": 595686.5, "Affectatio": "Précollecte", "Num_Circu": "CDSM_500 - AMPLIROLL/Tt - NOUVEAU", "Amenagemen": "Plateforme pour 1 coffre", "Statut": "actif", "Time": "09/07/2026", "Num_Coffre": 2.0 }, "geometry": { "type": "Point", "coordinates": [ -4.074571897570541, 5.388254818153501 ] } },
{ "type": "Feature", "properties": { "fid": 2355, "Cod": "Yop-68", "Commune": "Yopougon", "Quartier": "Gesco Attié", "Type_Capac": "20m3", "Nom": "Marché Gesco", "x": 378383.3, "y": 593219.9, "Affectatio": "Précollecte", "Num_Circu": "CDSM_500 - AMPLIROLL/Tt - NOUVEAU", "Amenagemen": "Pas de Plateforme", "Statut": "actif", "Time": "08/07/2026", "Num_Coffre": 1.0 }, "geometry": { "type": "Point", "coordinates": [ -4.098133511383435, 5.366022427812162 ] } },
{ "type": "Feature", "properties": { "fid": 2356, "Cod": "Yop-67", "Commune": "Yopougon", "Quartier": "Gesco Attié", "Type_Capac": "20m3", "Nom": "Gesco Fourrière", "x": 378430.8, "y": 593289.4, "Affectatio": "Précollecte", "Num_Circu": "CDSM_500 - AMPLIROLL/Tt - NOUVEAU", "Amenagemen": "Plateforme pour 1 coffre", "Statut": "actif", "Time": "08/07/2026", "Num_Coffre": 2.0 }, "geometry": { "type": "Point", "coordinates": [ -4.097223058554473, 5.366532940320193 ] } },
{ "type": "Feature", "properties": { "fid": 2357, "Cod": "Yop-65", "Commune": "Yopougon", "Quartier": "Zone Industrielle", "Type_Capac": "20m3", "Nom": "Micao arrêt Sotra", "x": 378604.0, "y": 594163.6, "Affectatio": "Précollecte", "Num_Circu": "CDSM_500 - AMPLIROLL/Tt - NOUVEAU", "Amenagemen": "Plateforme pour 1 coffre", "Statut": "actif", "Time": "09/07/2026", "Num_Coffre": 2.0 }, "geometry": { "type": "Point", "coordinates": [ -4.095674157227072, 5.374442754836348 ] } },
{ "type": "Feature", "properties": { "fid": 2358, "Cod": "Yop-82", "Commune": "Yopougon", "Quartier": "Yopougon Banco Sud", "Type_Capac": "20m3", "Nom": "Gendarmerie Toit rouge", "x": 382999.3, "y": 589110.7, "Affectatio": "Précollecte", "Num_Circu": "CDSM_500 - AMPLIROLL/Tt - NOUVEAU", "Amenagemen": "Pas de Plateforme", "Statut": "supprimé", "Time": "28/05/2026", "Num_Coffre": 0.0 }, "geometry": { "type": "Point", "coordinates": [ -4.056518781466764, 5.330456147087025 ] } },
{ "type": "Feature", "properties": { "fid": 2359, "Cod": "Yop-81", "Commune": "Yopougon", "Quartier": "Banco Nord", "Type_Capac": "5m3", "Nom": "LAMA (carrefour)", "x": 383075.4, "y": 590192.2, "Affectatio": "Collecte", "Num_Circu": "CDSM_110, CDSM_122", "Amenagemen": "Pas de Plateforme", "Statut": "actif", "Time": "14/07/2026", "Num_Coffre": 1.0 }, "geometry": { "type": "Point", "coordinates": [ -4.055260093248944, 5.33859264694224 ] } },
{ "type": "Feature", "properties": { "fid": 2360, "Cod": "Yop-80", "Commune": "Yopougon", "Quartier": "Banco Nord", "Type_Capac": "5m3", "Nom": "Marché Nouveau quartier", "x": 382847.6, "y": 590327.8, "Affectatio": "Collecte", "Num_Circu": "CDSM_110, CDSM_122", "Amenagemen": "Pas de Plateforme", "Statut": "actif", "Time": "14/07/2026", "Num_Coffre": 1.0 }, "geometry": { "type": "Point", "coordinates": [ -4.057379896275672, 5.339685947728634 ] } },
{ "type": "Feature", "properties": { "fid": 2361, "Cod": "Yop-77", "Commune": "Yopougon", "Quartier": "Yopougon Attié", "Type_Capac": "20m3", "Nom": "Gabriel Gare", "x": 381279.2, "y": 591931.9, "Affectatio": "Précollecte", "Num_Circu": "CDSM_500 - AMPLIROLL/Tt - NOUVEAU", "Amenagemen": "Pas de Plateforme", "Statut": "actif", "Time": "10/07/2026", "Num_Coffre": 2.0 }, "geometry": { "type": "Point", "coordinates": [ -4.071421093452648, 5.354278206547935 ] } },
{ "type": "Feature", "properties": { "fid": 2362, "Cod": "Yop-35", "Commune": "Yopougon", "Quartier": "Adiopo Doumé", "Type_Capac": "20m3", "Nom": "Km 17 marche manioc", "x": 375268.3, "y": 590294.0, "Affectatio": "Précollecte", "Num_Circu": "CDSM_500 - AMPLIROLL/Tt - NOUVEAU", "Amenagemen": "Pas de Plateforme", "Statut": "actif", "Time": "08/07/2026", "Num_Coffre": 2.0 }, "geometry": { "type": "Point", "coordinates": [ -4.125051508045972, 5.339412254212688 ] } },
{ "type": "Feature", "properties": { "fid": 2363, "Cod": "Yop-33", "Commune": "Yopougon", "Quartier": "Niangon Sud Ouest", "Type_Capac": "20m3", "Nom": "FRCI cité verte", "x": 376109.9, "y": 589213.7, "Affectatio": "Précollecte", "Num_Circu": "CDSM_500 - AMPLIROLL/Tt - NOUVEAU", "Amenagemen": "Pas de Plateforme", "Statut": "actif", "Time": "13/07/2026", "Num_Coffre": 2.0 }, "geometry": { "type": "Point", "coordinates": [ -4.118100763824961, 5.329631126270102 ] } },
{ "type": "Feature", "properties": { "fid": 2364, "Cod": "Yop-32", "Commune": "Yopougon", "Quartier": "Niangon Sud Ouest", "Type_Capac": "20m3", "Nom": "Sodefor Cité Verte", "x": 376808.3, "y": 588901.8, "Affectatio": "Précollecte", "Num_Circu": "CDSM_500 - AMPLIROLL/Tt - NOUVEAU", "Amenagemen": "Pas de Plateforme", "Statut": "supprimé", "Time": "25/04/2024", "Num_Coffre": 0.0 }, "geometry": { "type": "Point", "coordinates": [ -4.111793478728124, 5.326821467517905 ] } },
{ "type": "Feature", "properties": { "fid": 2365, "Cod": "Yop-31", "Commune": "Yopougon", "Quartier": "Niangon Sud Ouest", "Type_Capac": "20m3", "Nom": "Bracodi Yopougon", "x": 377452.2, "y": 589289.0, "Affectatio": "Précollecte", "Num_Circu": "CDSM_500 - AMPLIROLL/Tt - NOUVEAU", "Amenagemen": "Pas de Plateforme", "Statut": "actif", "Time": "08/07/2026", "Num_Coffre": 1.0 }, "geometry": { "type": "Point", "coordinates": [ -4.105617171078614, 5.330134903126221 ] } },
{ "type": "Feature", "properties": { "fid": 2366, "Cod": "Yop-42", "Commune": "Yopougon", "Quartier": "Yaosséhi", "Type_Capac": "20m3", "Nom": "Yao Sei", "x": 380726.7, "y": 589864.1, "Affectatio": "Précollecte", "Num_Circu": "CDSM_500 - AMPLIROLL/Tt - NOUVEAU", "Amenagemen": "Plateforme pour 1 coffre", "Statut": "actif", "Time": "10/07/2026", "Num_Coffre": 1.0 }, "geometry": { "type": "Point", "coordinates": [ -4.076449741765852, 5.335588234958431 ] } },
{ "type": "Feature", "properties": { "fid": 2367, "Cod": "Yop-41", "Commune": "Yopougon", "Quartier": "V28", "Type_Capac": "20m3", "Nom": "Amondji", "x": 379679.6, "y": 590415.5, "Affectatio": "Précollecte", "Num_Circu": "CDSM_500 - AMPLIROLL/Tt - NOUVEAU", "Amenagemen": "Plateforme pour 1 coffre", "Statut": "actif", "Time": "10/07/2026", "Num_Coffre": 2.0 }, "geometry": { "type": "Point", "coordinates": [ -4.085438899119793, 5.342038058700269 ] } },
{ "type": "Feature", "properties": { "fid": 2368, "Cod": "Yop-40", "Commune": "Yopougon", "Quartier": "Port Bouet 2 Ancien Marché", "Type_Capac": "20m3", "Nom": "Marché Port Bouet 2", "x": 379632.4, "y": 591458.6, "Affectatio": "Précollecte", "Num_Circu": "CDSM_500 - AMPLIROLL/Tt - NOUVEAU", "Amenagemen": "Plateforme pour 1 coffre", "Statut": "actif", "Time": "10/07/2026", "Num_Coffre": 1.0 }, "geometry": { "type": "Point", "coordinates": [ -4.086350084603328, 5.349992937540546 ] } },
{ "type": "Feature", "properties": { "fid": 2369, "Cod": "Yop-37", "Commune": "Yopougon", "Quartier": "Adiopo Doumé", "Type_Capac": "20m3", "Nom": "Km 17 Cité Dominique Ouattara", "x": 374049.4, "y": 590019.5, "Affectatio": "Précollecte", "Num_Circu": "CDSM_500 - AMPLIROLL/Tt - NOUVEAU", "Amenagemen": "Pas de Plateforme", "Statut": "actif", "Time": "08/07/2026", "Num_Coffre": 2.0 }, "geometry": { "type": "Point", "coordinates": [ -4.136860019973246, 5.336701829266905 ] } },
{ "type": "Feature", "properties": { "fid": 2370, "Cod": "Yop-47", "Commune": "Yopougon", "Quartier": "Yopougon Attié", "Type_Capac": "20m3", "Nom": "Marché Keita", "x": 380611.5, "y": 592136.9, "Affectatio": "Précollecte", "Num_Circu": "CDSM_500 - AMPLIROLL/Tt - NOUVEAU", "Amenagemen": "Plateforme pour 1 coffre", "Statut": "supprimé", "Time": "09/07/2026", "Num_Coffre": 0.0 }, "geometry": { "type": "Point", "coordinates": [ -4.077525245628245, 5.356143695930314 ] } },
{ "type": "Feature", "properties": { "fid": 2371, "Cod": "Yop-46", "Commune": "Yopougon", "Quartier": "Yopougon Attié", "Type_Capac": "20m3", "Nom": "Marché Bamba", "x": 380747.3, "y": 592138.4, "Affectatio": "Précollecte", "Num_Circu": "CDSM_500 - AMPLIROLL/Tt - NOUVEAU", "Amenagemen": "Plateforme pour 1 coffre", "Statut": "supprimé", "Time": "09/07/2026", "Num_Coffre": 0.0 }, "geometry": { "type": "Point", "coordinates": [ -4.076299770742435, 5.356159418620106 ] } },
{ "type": "Feature", "properties": { "fid": 2372, "Cod": "Yop-45", "Commune": "Yopougon", "Quartier": "V28", "Type_Capac": "20m3", "Nom": "Quai Magasin", "x": 379672.5, "y": 589841.1, "Affectatio": "Précollecte", "Num_Circu": "CDSM_500 - AMPLIROLL/Tt - NOUVEAU", "Amenagemen": "Quai pour 8 coffres + clôture", "Statut": "actif", "Time": "10/07/2026", "Num_Coffre": 5.0 }, "geometry": { "type": "Point", "coordinates": [ -4.085962451852854, 5.335363468547292 ] } },
{ "type": "Feature", "properties": { "fid": 2373, "Cod": "Yop-51", "Commune": "Yopougon", "Quartier": "Yopougon Attié", "Type_Capac": "20m3", "Nom": "Lycée professionnel", "x": 380221.1, "y": 592397.8, "Affectatio": "Précollecte", "Num_Circu": "CDSM_500 - AMPLIROLL/Tt - NOUVEAU", "Amenagemen": "Pas de Plateforme", "Statut": "actif", "Time": "10/07/2026", "Num_Coffre": 1.0 }, "geometry": { "type": "Point", "coordinates": [ -4.081052473932735, 5.358497300771616 ] } },
{ "type": "Feature", "properties": { "fid": 2374, "Cod": "Yop-50", "Commune": "Yopougon", "Quartier": "Yopougon Hopital", "Type_Capac": "20m3", "Nom": "Marché manioc", "x": 380148.7, "y": 592113.3, "Affectatio": "Précollecte", "Num_Circu": "CDSM_500 - AMPLIROLL/Tt - NOUVEAU", "Amenagemen": "Plateforme pour 1 coffre", "Statut": "supprimé", "Time": "10/07/2026", "Num_Coffre": 0.0 }, "geometry": { "type": "Point", "coordinates": [ -4.081701308062111, 5.355922872675897 ] } },
{ "type": "Feature", "properties": { "fid": 2375, "Cod": "Yop-49", "Commune": "Yopougon", "Quartier": "Yopougon Attié", "Type_Capac": "20m3", "Nom": "Marche Coviyop", "x": 380309.5, "y": 592144.2, "Affectatio": "Précollecte", "Num_Circu": "CDSM_500 - AMPLIROLL/Tt - NOUVEAU", "Amenagemen": "Plateforme pour 2 coffres", "Statut": "supprimé", "Time": "09/07/2026", "Num_Coffre": 0.0 }, "geometry": { "type": "Point", "coordinates": [ -4.080250695463349, 5.35620492181896 ] } },
{ "type": "Feature", "properties": { "fid": 2376, "Cod": "Yop-320", "Commune": "Yopougon", "Quartier": "Yopougon Attié", "Type_Capac": "20m3", "Nom": "Marché Zamblé", "x": 380487.6, "y": 592109.3, "Affectatio": "Précollecte", "Num_Circu": "CDSM_500 - AMPLIROLL/Tt - NOUVEAU", "Amenagemen": "Plateforme pour 1 coffre", "Statut": "supprimé", "Time": "09/07/2026", "Num_Coffre": 0.0 }, "geometry": { "type": "Point", "coordinates": [ -4.078640030260727, 5.355808371790487 ] } },
{ "type": "Feature", "properties": { "fid": 2377, "Cod": "Yop-17", "Commune": "Yopougon", "Quartier": "Saint Pierre", "Type_Capac": "20m3", "Nom": "Gbinta", "x": 379668.2, "y": 588881.7, "Affectatio": "Précollecte", "Num_Circu": "CDSM_500 - AMPLIROLL/Tt - NOUVEAU", "Amenagemen": "Pas de Plateforme", "Statut": "actif", "Time": "10/07/2026", "Num_Coffre": 2.0 }, "geometry": { "type": "Point", "coordinates": [ -4.085986006882222, 5.326685728946579 ] } },
{ "type": "Feature", "properties": { "fid": 2378, "Cod": "Yop-16", "Commune": "Yopougon", "Quartier": "Saint Pierre", "Type_Capac": "20m3", "Nom": "Saint-Pierre", "x": 379658.9, "y": 588666.7, "Affectatio": "Précollecte", "Num_Circu": "CDSM_500 - AMPLIROLL/Tt - NOUVEAU", "Amenagemen": "Plateforme pour 1", "Statut": "actif", "Time": "10/07/2026", "Num_Coffre": 1.0 }, "geometry": { "type": "Point", "coordinates": [ -4.086066514659322, 5.324740928472204 ] } },
{ "type": "Feature", "properties": { "fid": 2379, "Cod": "Yop-15", "Commune": "Yopougon", "Quartier": "Yopougon Kouté", "Type_Capac": "20m3", "Nom": "Pierre Gadié 1", "x": 381109.9, "y": 588786.4, "Affectatio": "Précollecte", "Num_Circu": "CDSM_500 - AMPLIROLL/Tt - NOUVEAU", "Amenagemen": "Pas de Plateforme", "Statut": "actif", "Time": "13/07/2026", "Num_Coffre": 2.0 }, "geometry": { "type": "Point", "coordinates": [ -4.072974824503983, 5.325846557173905 ] } },
{ "type": "Feature", "properties": { "fid": 2380, "Cod": "Yop-14", "Commune": "Yopougon", "Quartier": "Yopougon Kouté", "Type_Capac": "20m3", "Nom": "Pierre Gadié 2", "x": 381072.8, "y": 588950.4, "Affectatio": "Précollecte", "Num_Circu": "CDSM_500 - AMPLIROLL/Tt - NOUVEAU", "Amenagemen": "Pas de Plateforme", "Statut": "actif", "Time": "13/07/2026", "Num_Coffre": 1.0 }, "geometry": { "type": "Point", "coordinates": [ -4.07331218355129, 5.327329342734798 ] } },
{ "type": "Feature", "properties": { "fid": 2381, "Cod": "Yop-22", "Commune": "Yopougon", "Quartier": "Béago", "Type_Capac": "20m3", "Nom": "Village Beago marche", "x": 380748.8, "y": 587752.0, "Affectatio": "Précollecte", "Num_Circu": "CDSM_500 - AMPLIROLL/Tt - NOUVEAU", "Amenagemen": "Pas de Plateforme", "Statut": "actif", "Time": "13/07/2026", "Num_Coffre": 2.0 }, "geometry": { "type": "Point", "coordinates": [ -4.07621707635735, 5.316484799234846 ] } },
{ "type": "Feature", "properties": { "fid": 2382, "Cod": "Yop-20", "Commune": "Yopougon", "Quartier": "Yopougon Kouté", "Type_Capac": "20m3", "Nom": "Village Koute Cimetiere", "x": 381540.8, "y": 588363.2, "Affectatio": "Précollecte", "Num_Circu": "CDSM_500 - AMPLIROLL/Tt - NOUVEAU", "Amenagemen": "Pas de Plateforme", "Statut": "actif", "Time": "13/07/2026", "Num_Coffre": 1.0 }, "geometry": { "type": "Point", "coordinates": [ -4.069314770276848, 5.321655251675189 ] } },
{ "type": "Feature", "properties": { "fid": 2383, "Cod": "Yop-19", "Commune": "Yopougon", "Quartier": "Niangon Sud Est", "Type_Capac": "20m3", "Nom": "Marché Niangon Sud", "x": 378978.1, "y": 588287.6, "Affectatio": "Précollecte", "Num_Circu": "CDSM_500 - AMPLIROLL/Tt - NOUVEAU", "Amenagemen": "Pas de Plateforme", "Statut": "actif", "Time": "08/07/2026", "Num_Coffre": 1.0 }, "geometry": { "type": "Point", "coordinates": [ -4.092203863372556, 5.321301151567441 ] } },
{ "type": "Feature", "properties": { "fid": 2384, "Cod": "Yop-18", "Commune": "Yopougon", "Quartier": "Niangon Sud Est", "Type_Capac": "20m3", "Nom": "Sodeci Niangon", "x": 378887.2, "y": 588574.8, "Affectatio": "Précollecte", "Num_Circu": "CDSM_500 - AMPLIROLL/Tt - NOUVEAU", "Amenagemen": "Pas de Plateforme", "Statut": "actif", "Time": "13/07/2026", "Num_Coffre": 2.0 }, "geometry": { "type": "Point", "coordinates": [ -4.093028707567075, 5.323897385415793 ] } },
{ "type": "Feature", "properties": { "fid": 2385, "Cod": "Yop-26", "Commune": "Yopougon", "Quartier": "Niangon Continu", "Type_Capac": "20m3", "Nom": "Kpimbli", "x": 379907.9, "y": 587469.1, "Affectatio": "Précollecte", "Num_Circu": "CDSM_500 - AMPLIROLL/Tt - NOUVEAU", "Amenagemen": "Plateforme pour 2 coffres", "Statut": "actif", "Time": "08/07/2026", "Num_Coffre": 2.0 }, "geometry": { "type": "Point", "coordinates": [ -4.083800633117388, 5.313912709906102 ] } },
{ "type": "Feature", "properties": { "fid": 2386, "Cod": "Yop-25", "Commune": "Yopougon", "Quartier": "Azito", "Type_Capac": "20m3", "Nom": "Azito Village", "x": 380310.6, "y": 586083.8, "Affectatio": "Précollecte", "Num_Circu": "CDSM_500 - AMPLIROLL/Tt - NOUVEAU", "Amenagemen": "Pas de Plateforme", "Statut": "actif", "Time": "08/07/2026", "Num_Coffre": 2.0 }, "geometry": { "type": "Point", "coordinates": [ -4.080145003914857, 5.301389155827382 ] } },
{ "type": "Feature", "properties": { "fid": 2387, "Cod": "Yop-24", "Commune": "Yopougon", "Quartier": "Azito", "Type_Capac": "20m3", "Nom": "Azito Carriere", "x": 379801.6, "y": 586344.0, "Affectatio": "Précollecte", "Num_Circu": "CDSM_500 - AMPLIROLL/Tt - NOUVEAU", "Amenagemen": "Pas de Plateforme", "Statut": "supprimé", "Time": "08/07/2026", "Num_Coffre": 0.0 }, "geometry": { "type": "Point", "coordinates": [ -4.084728430348322, 5.303628147748361 ] } },
{ "type": "Feature", "properties": { "fid": 2388, "Cod": "Yop-23", "Commune": "Yopougon", "Quartier": "Béago", "Type_Capac": "20m3", "Nom": "Alpici", "x": 380801.5, "y": 587347.6, "Affectatio": "Précollecte", "Num_Circu": "CDSM_500 - AMPLIROLL/Tt - NOUVEAU", "Amenagemen": "Pas de Plateforme", "Statut": "actif", "Time": "13/07/2026", "Num_Coffre": 1.0 }, "geometry": { "type": "Point", "coordinates": [ -4.076038303909581, 5.31282340238874 ] } },
{ "type": "Feature", "properties": { "fid": 2389, "Cod": "Yop-30", "Commune": "Yopougon", "Quartier": "Niangon Sud Ouest", "Type_Capac": "20m3", "Nom": "Sainte Rita", "x": 378297.2, "y": 588902.2, "Affectatio": "Précollecte", "Num_Circu": "CDSM_500 - AMPLIROLL/Tt - NOUVEAU", "Amenagemen": "Plateforme pour 2 coffres", "Statut": "actif", "Time": "08/07/2026", "Num_Coffre": 2.0 }, "geometry": { "type": "Point", "coordinates": [ -4.098357984328539, 5.326849201794541 ] } },
{ "type": "Feature", "properties": { "fid": 2390, "Cod": "Yop-29", "Commune": "Yopougon", "Quartier": "Niangon Lokoa", "Type_Capac": "20m3", "Nom": "Village Lokoua Cimetiere", "x": 377016.99999999994, "y": 587201.2, "Affectatio": "Précollecte", "Num_Circu": "CDSM_500 - AMPLIROLL/Tt - NOUVEAU", "Amenagemen": "Plateforme pour 2 coffres", "Statut": "actif", "Time": "13/07/2026", "Num_Coffre": 2.0 }, "geometry": { "type": "Point", "coordinates": [ -4.109882659363536, 5.311443237174144 ] } },
{ "type": "Feature", "properties": { "fid": 2391, "Cod": "Yop-28", "Commune": "Yopougon", "Quartier": "Niangon Lokoa", "Type_Capac": "20m3", "Nom": "Village Lokoua Carriere", "x": 377609.1, "y": 586757.7, "Affectatio": "Précollecte", "Num_Circu": "CDSM_500 - AMPLIROLL/Tt - NOUVEAU", "Amenagemen": "Pas de Plateforme", "Statut": "actif", "Time": "13/07/2026", "Num_Coffre": 1.0 }, "geometry": { "type": "Point", "coordinates": [ -4.104532678037629, 5.307441430339778 ] } },
{ "type": "Feature", "properties": { "fid": 2392, "Cod": "Yop-27", "Commune": "Yopougon", "Quartier": "Niangon Lokoa", "Type_Capac": "20m3", "Nom": "Village Lokoua Marche", "x": 377986.9, "y": 587317.0, "Affectatio": "Précollecte", "Num_Circu": "CDSM_500 - AMPLIROLL/Tt - NOUVEAU", "Amenagemen": "Plateforme pour 1 coffre", "Statut": "actif", "Time": "13/07/2026", "Num_Coffre": 1.0 }, "geometry": { "type": "Point", "coordinates": [ -4.101132576511169, 5.31250630195102 ] } },
{ "type": "Feature", "properties": { "fid": 2393, "Cod": "Yop-43", "Commune": "Yopougon", "Quartier": "Doukouré", "Type_Capac": "20m3", "Nom": "Doukouré", "x": 381552.4, "y": 589725.4, "Affectatio": "Précollecte", "Num_Circu": "CDSM_500 - AMPLIROLL/Tt - NOUVEAU", "Amenagemen": "Pas de Plateforme", "Statut": "actif", "Time": "14/07/2026", "Num_Coffre": 2.0 }, "geometry": { "type": "Point", "coordinates": [ -4.06808333333333, 5.334444444444446 ] } },
{ "type": "Feature", "properties": { "fid": 2394, "Cod": "Yop-292", "Commune": "Yopougon", "Quartier": "Yopougon Attié", "Type_Capac": "20m3", "Nom": "Derrière Cosmos", "x": 381112.1, "y": 591419.1, "Affectatio": "Précollecte", "Num_Circu": "CDSM_500 - AMPLIROLL/Tt - NOUVEAU", "Amenagemen": "Pas de Plateforme", "Statut": "actif", "Time": "14/07/2026", "Num_Coffre": 2.0 }, "geometry": { "type": "Point", "coordinates": [ -4.07489443871683, 5.350165683558042 ] } },
{ "type": "Feature", "properties": { "fid": 2395, "Cod": "Yop-265", "Commune": "Yopougon", "Quartier": "Niangon Nord 1ère Tranche", "Type_Capac": "5m3", "Nom": "Clinique des enseignants", "x": 379028.0, "y": 590658.2, "Affectatio": "Collecte", "Num_Circu": "CDSM_104", "Amenagemen": "Pas de Plateforme", "Statut": "supprimé", "Time": "24/04/2026", "Num_Coffre": 0.0 }, "geometry": { "type": "Point", "coordinates": [ -4.093410631249712, 5.339618201703656 ] } },
{ "type": "Feature", "properties": { "fid": 2396, "Cod": "Yop-192", "Commune": "Yopougon", "Quartier": "Niangon Sud Est", "Type_Capac": "20m3", "Nom": "Terminus 27", "x": 379155.7, "y": 587701.0, "Affectatio": "Précollecte", "Num_Circu": "CDSM_500 - AMPLIROLL/Tt - NOUVEAU", "Amenagemen": "Pas de Plateforme", "Statut": "actif", "Time": "13/07/2026", "Num_Coffre": 1.0 }, "geometry": { "type": "Point", "coordinates": [ -4.089961705187497, 5.316461073081998 ] } },
{ "type": "Feature", "properties": { "fid": 2397, "Cod": "Yop-136", "Commune": "Yopougon", "Quartier": "V28", "Type_Capac": "20m3", "Nom": "Amondji marché ", "x": 379700.8, "y": 590208.4, "Affectatio": "Précollecte", "Num_Circu": "CDSM_", "Amenagemen": "Pas de Plateforme", "Statut": "actif", "Time": "10/07/2026", "Num_Coffre": 1.0 }, "geometry": { "type": "Point", "coordinates": [ -4.085720945044505, 5.339178858450598 ] } },
{ "type": "Feature", "properties": { "fid": 2398, "Cod": "Yop-252", "Commune": "Yopougon", "Quartier": "Zone Industrielle", "Type_Capac": "4m3", "Nom": "Cité Maca", "x": 380891.6, "y": 595156.8, "Affectatio": "Collecte", "Num_Circu": "CDSM_PC", "Amenagemen": "Pas de Plateforme", "Statut": "supprimé", "Time": "22/11/2025", "Num_Coffre": 0.0 }, "geometry": { "type": "Point", "coordinates": [ -4.07605, 5.387263888888886 ] } },
{ "type": "Feature", "properties": { "fid": 2399, "Cod": "Yop-293", "Commune": "Yopougon", "Quartier": "Mamie Faitai", "Type_Capac": "20m3", "Nom": "Quai extension", "x": 379672.5, "y": 589841.1, "Affectatio": "Précollecte", "Num_Circu": "CDSM_500 - AMPLIROLL/Tt - NOUVEAU", "Amenagemen": "Pas de Plateforme", "Statut": "actif", "Time": "10/07/2026", "Num_Coffre": 2.0 }, "geometry": { "type": "Point", "coordinates": [ -4.085656229301334, 5.332471268341703 ] } },
{ "type": "Feature", "properties": { "fid": 2400, "Cod": "Yop-294", "Commune": "Yopougon", "Quartier": "Andokoi Extension", "Type_Capac": "20m3", "Nom": "Institut SOTRA", "x": 380645.4, "y": 593915.7, "Affectatio": "EcoEburnie", "Num_Circu": "CDSM_507 - AMPLIROLL - YOPOUGON – EEB\n", "Amenagemen": "Pas de plateforme", "Statut": "actif", "Time": "10/07/2026", "Num_Coffre": 1.0 }, "geometry": { "type": "Point", "coordinates": [ -4.074166666666668, 5.371444444444445 ] } },
{ "type": "Feature", "properties": { "fid": 2401, "Cod": "Yop-295", "Commune": "Yopougon", "Quartier": "Niangon Nord 1ère Tranche", "Type_Capac": "5m3", "Nom": "Bon prix base CIE", "x": 379131.6, "y": 589534.3, "Affectatio": "Collecte", "Num_Circu": "CSDM_108", "Amenagemen": "Pas de Plateforme", "Statut": "actif", "Time": "10/07/2026", "Num_Coffre": 1.0 }, "geometry": { "type": "Point", "coordinates": [ -4.089559193958792, 5.335400398153853 ] } },
{ "type": "Feature", "properties": { "fid": 2402, "Cod": "Yop-297", "Commune": "Yopougon", "Quartier": "Ananeraie", "Type_Capac": "5m3", "Nom": "SGBCI", "x": 378178.0, "y": 591564.8, "Affectatio": "Collecte", "Num_Circu": "CDSM_106, CDSM_107", "Amenagemen": "Pas de Plateforme", "Statut": "actif", "Time": "08/07/2026", "Num_Coffre": 2.0 }, "geometry": { "type": "Point", "coordinates": [ -4.099416666666665, 5.3495 ] } },
{ "type": "Feature", "properties": { "fid": 2403, "Cod": "Yop-299", "Commune": "Yopougon", "Quartier": "Niangon Nord 2ème Tranche", "Type_Capac": "5m3", "Nom": "Antenne Maroc (NSIA Banque)", "x": 378178.0, "y": 591564.8, "Affectatio": "Collecte", "Num_Circu": "CDSM_106, CDSM_107", "Amenagemen": "Pas de Plateforme", "Statut": "supprimé", "Time": "10/01/2025", "Num_Coffre": 0.0 }, "geometry": { "type": "Point", "coordinates": [ -4.100379166666665, 5.340913888888889 ] } },
{ "type": "Feature", "properties": { "fid": 2404, "Cod": "Yop-296", "Commune": "Yopougon", "Quartier": "Niangon Nord 2ème Tranche", "Type_Capac": "5m3", "Nom": "Restaurant Amoré", "x": 377740.16239617113, "y": 589555.29835425445, "Affectatio": "Collecte", "Num_Circu": "CDSM_106", "Amenagemen": "Pas de Plateforme", "Statut": "supprimé", "Time": "08/07/2026", "Num_Coffre": 0.0 }, "geometry": { "type": "Point", "coordinates": [ -4.100277777777776, 5.33736111111111 ] } },
{ "type": "Feature", "properties": { "fid": 2405, "Cod": "Yop-300", "Commune": "Yopougon", "Quartier": "Niangon Nord 2ème Tranche", "Type_Capac": "5m3", "Nom": "Pharmacie cité Maroc", "x": 378178.0, "y": 591564.8, "Affectatio": "Collecte", "Num_Circu": "CDSM_106, CDSM_107", "Amenagemen": "Pas de Plateforme", "Statut": "supprimé", "Time": "29/05/2026", "Num_Coffre": 0.0 }, "geometry": { "type": "Point", "coordinates": [ -4.1005, 5.340138888888888 ] } },
{ "type": "Feature", "properties": { "fid": 2406, "Cod": "Yop-202", "Commune": "Yopougon", "Quartier": "Andokoi Extension", "Type_Capac": "20m3", "Nom": "Virage 1er pont Andokoi", "x": 382283.00000000006, "y": 592338.3, "Affectatio": "Précollecte", "Num_Circu": "CDSM_500 - AMPLIROLL/Tt - NOUVEAU", "Amenagemen": "Plateforme pour 1 coffre", "Statut": "actif", "Time": "10/07/2026", "Num_Coffre": 1.0 }, "geometry": { "type": "Point", "coordinates": [ -4.066745655261744, 5.361049851520793 ] } },
{ "type": "Feature", "properties": { "fid": 2407, "Cod": "Yop-298", "Commune": "Yopougon", "Quartier": "Niangon Nord 2ème Tranche", "Type_Capac": "5m3", "Nom": "Carrefour Canari", "x": 378178.0, "y": 591564.8, "Affectatio": "Collecte", "Num_Circu": "CDSM_106, CDSM_107", "Amenagemen": "Pas de Plateforme", "Statut": "supprimé", "Time": "08/07/2026", "Num_Coffre": 0.0 }, "geometry": { "type": "Point", "coordinates": [ -4.100506370000023, 5.344182289230651 ] } },
{ "type": "Feature", "properties": { "fid": 2408, "Cod": "Yop-301", "Commune": "Yopougon", "Quartier": "Niangon Nord 2ème Tranche", "Type_Capac": "5m3", "Nom": "Groupe scolaire Eyewa", "x": 378178.0, "y": 591564.8, "Affectatio": "Collecte", "Num_Circu": "CDSM_106", "Amenagemen": "Pas de Plateforme", "Statut": "supprimé", "Time": "29/05/2026", "Num_Coffre": 0.0 }, "geometry": { "type": "Point", "coordinates": [ -4.095339962551645, 5.343589227669744 ] } },
{ "type": "Feature", "properties": { "fid": 2409, "Cod": "Yop-302", "Commune": "Yopougon", "Quartier": "Niangon Sud Est", "Type_Capac": "5m3", "Nom": "Arrêt Sotra ( pharmacie Théodora)", "x": 378664.4, "y": 587648.1, "Affectatio": "Collecte", "Num_Circu": "CDSM_108", "Amenagemen": "Pas de Plateforme", "Statut": "actif", "Time": "08/07/2026", "Num_Coffre": 1.0 }, "geometry": { "type": "Point", "coordinates": [ -4.094794068216535, 5.317234225810415 ] } },
{ "type": "Feature", "properties": { "fid": 2410, "Cod": "Yop-304", "Commune": "Yopougon", "Quartier": "Niangon Sud Ouest", "Type_Capac": "5m3", "Nom": "Carrefour Lokoa", "x": 378318.2, "y": 588024.4, "Affectatio": "Collecte", "Num_Circu": "CDSM_108", "Amenagemen": "Pas de Plateforme", "Statut": "actif", "Time": "13/07/2026", "Num_Coffre": 1.0 }, "geometry": { "type": "Point", "coordinates": [ -4.099481983308825, 5.319289982545383 ] } },
{ "type": "Feature", "properties": { "fid": 2411, "Cod": "Yop-303", "Commune": "Yopougon", "Quartier": "Niangon Nord 2ème Tranche", "Type_Capac": "5m3", "Nom": "Maqui Baoulé", "x": 377740.16239617113, "y": 589555.29835425445, "Affectatio": "Collecte", "Num_Circu": "CDSM_106", "Amenagemen": "Pas de Plateforme", "Statut": "supprimé", "Time": "10/01/2025", "Num_Coffre": 0.0 }, "geometry": { "type": "Point", "coordinates": [ -4.101101754351016, 5.336235794597441 ] } },
{ "type": "Feature", "properties": { "fid": 2412, "Cod": "Yop-306", "Commune": "Yopougon", "Quartier": "Niangon Sud Ouest", "Type_Capac": "20m3", "Nom": "Ecole academie des mers", "x": 377016.99999999994, "y": 587201.2, "Affectatio": "EcoEburnie", "Num_Circu": "CDSM_507 - AMPLIROLL - YOPOUGON – EEB\n", "Amenagemen": "Pas de plateforme", "Statut": "actif", "Time": "13/07/2026", "Num_Coffre": 1.0 }, "geometry": { "type": "Point", "coordinates": [ -4.116472222222222, 5.315777777777779 ] } },
{ "type": "Feature", "properties": { "fid": 2413, "Cod": "Yop-305", "Commune": "Yopougon", "Quartier": "Yopougon Kouté", "Type_Capac": "20m3", "Nom": "Pharmacie Nakoko", "x": 382035.9, "y": 589442.9, "Affectatio": "Précollecte", "Num_Circu": "CDSM_500 - AMPLIROLL/Tt - NOUVEAU", "Amenagemen": "Pas de Plateforme", "Statut": "actif", "Time": "13/07/2026", "Num_Coffre": 2.0 }, "geometry": { "type": "Point", "coordinates": [ -4.06336111111111, 5.329111111111112 ] } },
{ "type": "Feature", "properties": { "fid": 2414, "Cod": "Yop-307", "Commune": "Yopougon", "Quartier": "Banco Nord", "Type_Capac": "5m3", "Nom": "Place CP1", "x": 382301.87815321761, "y": 590364.53448314231, "Affectatio": "Collecte", "Num_Circu": "CDSM_103", "Amenagemen": "Pas d'aménagement", "Statut": "supprimé", "Time": "14/07/2026", "Num_Coffre": 0.0 }, "geometry": { "type": "Point", "coordinates": [ -4.07170014541878, 5.340891944828098 ] } },
{ "type": "Feature", "properties": { "fid": 2415, "Cod": "Yop-308", "Commune": "Yopougon", "Quartier": "Banco 2", "Type_Capac": "20m3", "Nom": "Ancien Marché Port Bouet 2", "x": 379632.4, "y": 591458.6, "Affectatio": "Précollecte", "Num_Circu": "CDSM_500 - AMPLIROLL/Tt - NOUVEAU", "Amenagemen": "Plateforme pour 1 coffre", "Statut": "actif", "Time": "13/07/2026", "Num_Coffre": 1.0 }, "geometry": { "type": "Point", "coordinates": [ -4.085630028064271, 5.352778620160795 ] } },
{ "type": "Feature", "properties": { "fid": 2416, "Cod": "Yop-309", "Commune": "Yopougon", "Quartier": "Yopougon Attié", "Type_Capac": "20m3", "Nom": "Sicomex", "x": 380747.3, "y": 592138.4, "Affectatio": "Précollecte", "Num_Circu": "CDSM_500 - AMPLIROLL/Tt - NOUVEAU", "Amenagemen": "Pas de plateforme ", "Statut": "supprimé", "Time": "09/07/2026", "Num_Coffre": 0.0 }, "geometry": { "type": "Point", "coordinates": [ -4.074585775171258, 5.356375378011696 ] } },
{ "type": "Feature", "properties": { "fid": 2417, "Cod": "Yop-318", "Commune": "Yopougon", "Quartier": "Fromager", "Type_Capac": "20m3", "Nom": "4e pont", "x": 384450.9, "y": 590272.4, "Affectatio": "Précollecte", "Num_Circu": "CDSM_500 - AMPLIROLL/Tt - NOUVEAU", "Amenagemen": "Pas de Plateforme", "Statut": "actif", "Time": "14/07/2026", "Num_Coffre": 2.0 }, "geometry": { "type": "Point", "coordinates": [ -4.049611111111111, 5.3345 ] } },
{ "type": "Feature", "properties": { "fid": 2418, "Cod": "Yop-310", "Commune": "Yopougon", "Quartier": "Adiopo Doumé", "Type_Capac": "5m3", "Nom": "CNRA Km17", "x": 375103.4, "y": 590070.2, "Affectatio": "Collecte", "Num_Circu": "CDSM_101, CDSM_107", "Amenagemen": "Pas de Plateforme", "Statut": "actif", "Time": "08/07/2026", "Num_Coffre": 1.0 }, "geometry": { "type": "Point", "coordinates": [ -4.127888888888888, 5.334638888888887 ] } },
{ "type": "Feature", "properties": { "fid": 2419, "Cod": "Yop-311", "Commune": "Yopougon", "Quartier": "Yopougon Kouté", "Type_Capac": "5m3", "Nom": "Hôtel Kokette", "x": 380691.8, "y": 589413.9, "Affectatio": "Collecte", "Num_Circu": "CDSM_102", "Amenagemen": "Pas de Plateforme", "Statut": "actif", "Time": "2026-07-10T00:00:00.000", "Num_Coffre": 1.0 }, "geometry": { "type": "Point", "coordinates": [ -4.075413478881947, 5.331802286800496 ] } },
{ "type": "Feature", "properties": { "fid": 2420, "Cod": "Yop-312", "Commune": "Yopougon", "Quartier": "Yopougon Hopital", "Type_Capac": "4m3", "Nom": "Jardin église CMA", "x": 379036.41767789086, "y": 592187.85501008667, "Affectatio": "Collecte", "Num_Circu": "CDSM_107", "Amenagemen": "Pas de Plateforme", "Statut": "actif", "Time": "08/07/2026", "Num_Coffre": 1.0 }, "geometry": { "type": "Point", "coordinates": [ -4.090042185929232, 5.355249352891022 ] } },
{ "type": "Feature", "properties": { "fid": 2421, "Cod": "Yop-326", "Commune": "Yopougon", "Quartier": "Yaosséhi", "Type_Capac": "20m3", "Nom": "Schekina 2", "x": 380875.41484550282, "y": 589754.27809838648, "Affectatio": "Précollecte", "Num_Circu": "CDSM_500 - AMPLIROLL/Tt - NOUVEAU", "Amenagemen": "Pas de Plateforme", "Statut": "actif", "Time": "15/07/2026", "Num_Coffre": 1.0 }, "geometry": { "type": "Point", "coordinates": [ -4.075106010818141, 5.33459725286262 ] } },
{ "type": "Feature", "properties": { "fid": 2422, "Cod": "Yop-325", "Commune": "Yopougon", "Quartier": "Yaosséhi", "Type_Capac": "20m3", "Nom": "Schekina 1", "x": 380506.36851116671, "y": 589652.21056391485, "Affectatio": "Précollecte", "Num_Circu": "CDSM_500 - AMPLIROLL/Tt - NOUVEAU", "Amenagemen": "Pas de Plateforme", "Statut": "actif", "Time": "15/07/2026", "Num_Coffre": 1.0 }, "geometry": { "type": "Point", "coordinates": [ -4.078434663967935, 5.333668227667776 ] } },
{ "type": "Feature", "properties": { "fid": 2423, "Cod": "Yop-327", "Commune": "Yopougon", "Quartier": "Saint Pierre", "Type_Capac": "20m3", "Nom": "Gbinta canal", "x": 379812.16983417643, "y": 588728.80186269025, "Affectatio": "Précollecte", "Num_Circu": "CDSM_500 - AMPLIROLL/Tt - NOUVEAU", "Amenagemen": "Pas de Plateforme", "Statut": "supprimé", "Time": "10/07/2026", "Num_Coffre": 0.0 }, "geometry": { "type": "Point", "coordinates": [ -4.08468442214722, 5.325305070942889 ] } },
{ "type": "Feature", "properties": { "fid": 2424, "Cod": "Yop-328", "Commune": "Yopougon", "Quartier": "Saint Pierre", "Type_Capac": "20m3", "Nom": "Gbinta Canal", "x": 379812.16983417643, "y": 588728.80186269025, "Affectatio": "Précollecte", "Num_Circu": "CDSM_500 - AMPLIROLL/Tt - NOUVEAU", "Amenagemen": "Pas de Plateforme", "Statut": "actif", "Time": "10/07/2026", "Num_Coffre": 1.0 }, "geometry": { "type": "Point", "coordinates": [ -4.084649464236008, 5.324277813453188 ] } },
{ "type": "Feature", "properties": { "fid": 2425, "Cod": "Yop-329", "Commune": "Yopougon", "Quartier": "Gesco Pays Bas", "Type_Capac": "20m3", "Nom": "Gesco Pays Bas", "x": 377427.29190386221, "y": 593578.95267424581, "Affectatio": "Précollecte", "Num_Circu": "CDSM_500 - AMPLIROLL/Tt - NOUVEAU", "Amenagemen": "NULLPas de plateforme ", "Statut": "actif", "Time": "08/07/2026", "Num_Coffre": 2.0 }, "geometry": { "type": "Point", "coordinates": [ -4.106283805187583, 5.369135566772878 ] } },
{ "type": "Feature", "properties": { "fid": 2426, "Cod": "Yop-330", "Commune": "Yopougon", "Quartier": "Yopougon Attié", "Type_Capac": "20m3", "Nom": "Lycée professionnel 2", "x": 380221.1, "y": 592397.8, "Affectatio": "Précollecte", "Num_Circu": "CDSM_500 - AMPLIROLL/Tt - NOUVEAU", "Amenagemen": "Pas de Plateforme", "Statut": "actif", "Time": "10/07/2026", "Num_Coffre": 1.0 }, "geometry": { "type": "Point", "coordinates": [ -4.08111048133684, 5.359945501115469 ] } },
{ "type": "Feature", "properties": { "fid": 2427, "Cod": "Yop-48", "Commune": "Yopougon", "Quartier": "Yopougon Attié", "Type_Capac": "20m3", "Nom": "Marche Bété", "x": 380487.6, "y": 592109.3, "Affectatio": "Précollecte", "Num_Circu": "CDSM_500 - AMPLIROLL/Tt - NOUVEAU", "Amenagemen": "Plateforme pour 1 coffre", "Statut": "supprimé", "Time": "09/07/2026", "Num_Coffre": 0.0 }, "geometry": { "type": "Point", "coordinates": [ -4.079064029166256, 5.355956284484713 ] } },
{ "type": "Feature", "properties": { "fid": 2428, "Cod": "Yop-316", "Commune": "Yopougon", "Quartier": "Yopougon Kouté", "Type_Capac": "20m3", "Nom": "IGES canal", "x": 380293.9, "y": 588187.0, "Affectatio": "Précollecte", "Num_Circu": "CDSM_500 - AMPLIROLL/Tt - NOUVEAU", "Amenagemen": "Pas de Plateforme", "Statut": "actif", "Time": "13/07/2026", "Num_Coffre": 2.0 }, "geometry": { "type": "Point", "coordinates": [ -4.083138888888889, 5.319111111111112 ] } },
{ "type": "Feature", "properties": { "fid": 2429, "Cod": "Yop-315", "Commune": "Yopougon", "Quartier": "Yopougon Kouté", "Type_Capac": "5m3", "Nom": "Feu carrefour  camp militaire", "x": 382501.9, "y": 588520.8, "Affectatio": "Collecte", "Num_Circu": "CDSM_105", "Amenagemen": "Pas de Plateforme", "Statut": "actif", "Time": "14/07/2026", "Num_Coffre": 1.0 }, "geometry": { "type": "Point", "coordinates": [ -4.062101744494699, 5.323546280167052 ] } },
{ "type": "Feature", "properties": { "fid": 2432, "Cod": "Yop-324", "Commune": "Yopougon", "Quartier": "Yopougon Kouté", "Type_Capac": "5m3", "Nom": "CNPS", "x": 382257.95183878054, "y": 588801.50923228625, "Affectatio": "Collecte", "Num_Circu": "CDSM_102", "Amenagemen": "Pas de Plateforme", "Statut": "actif", "Time": "13/07/2026", "Num_Coffre": 1.0 }, "geometry": { "type": "Point", "coordinates": [ -4.06638968867795, 5.328214751905184 ] } },
{ "type": "Feature", "properties": { "fid": 2433, "Cod": "Yop-321", "Commune": "Yopougon", "Quartier": "Niangon Sud Ouest", "Type_Capac": "5m3", "Nom": "CIE Lokoa", "x": 378318.2, "y": 588024.4, "Affectatio": "Collecte", "Num_Circu": "CDSM_108", "Amenagemen": "Pas de Plateforme", "Statut": "actif", "Time": "13/07/2026", "Num_Coffre": 1.0 }, "geometry": { "type": "Point", "coordinates": [ -4.10049832342378, 5.319517626620838 ] } },
{ "type": "Feature", "properties": { "fid": 2434, "Cod": "Yop-331", "Commune": "Yopougon", "Quartier": "Azito", "Type_Capac": "20m3", "Nom": "Centrale thermique Azito", "x": 380310.6, "y": 586083.8, "Affectatio": "Précollecte", "Num_Circu": "CDSM_500 - AMPLIROLL/Tt - NOUVEAU", "Amenagemen": "Pas de Plateforme", "Statut": "actif", "Time": "08/07/2026", "Num_Coffre": 1.0 }, "geometry": { "type": "Point", "coordinates": [ -4.072806, 5.299722 ] } },
{ "type": "Feature", "properties": { "fid": 2435, "Cod": "Yop-332", "Commune": "Yopougon", "Quartier": "Banco 2", "Type_Capac": "4m3", "Nom": "Banco Allocodjro", "x": 379962.5, "y": 591871.7, "Affectatio": "Collecte", "Num_Circu": "CDSM_PC", "Amenagemen": "Pas de Plateforme", "Statut": "actif", "Time": "10/07/2026", "Num_Coffre": 2.0 }, "geometry": { "type": "Point", "coordinates": [ -4.079437, 5.351841 ] } },
{ "type": "Feature", "properties": { "fid": 2436, "Cod": "Yop-340", "Commune": "Yopougon", "Quartier": "Niangon Nord 2ème Tranche", "Type_Capac": "5m3", "Nom": "Collège l'Éclosion", "x": 378178.0, "y": 591564.8, "Affectatio": "Collecte", "Num_Circu": "CDSM_106, CDSM_107", "Amenagemen": "Pas de Plateforme", "Statut": "actif", "Time": "28/05/2026", "Num_Coffre": 1.0 }, "geometry": { "type": "Point", "coordinates": [ -4.095199864192847, 5.341619391889954 ] } },
{ "type": "Feature", "properties": { "fid": 2437, "Cod": "Yop-341", "Commune": "Yopougon", "Quartier": "Yopougon Hopital", "Type_Capac": "4m3", "Nom": "Gare TSR", "x": 378140.33335784823, "y": 592781.3872246989, "Affectatio": "Collecte", "Num_Circu": "CDSM_107", "Amenagemen": "Pas de plateforme", "Statut": "actif", "Time": "08/07/2026", "Num_Coffre": 1.0 }, "geometry": { "type": "Point", "coordinates": [ -4.090764531512315, 5.365886187304161 ] } },
{ "type": "Feature", "properties": { "fid": 2438, "Cod": "Yop-342", "Commune": "Yopougon", "Quartier": "Yopougon Agbayaté", "Type_Capac": "5m3", "Nom": "Hôtel blanc", "x": 384270.4, "y": 588104.5, "Affectatio": "Collecte", "Num_Circu": "CDSM_105", "Amenagemen": "Pas de Plateforme", "Statut": "actif", "Time": "13/07/2026", "Num_Coffre": 2.0 }, "geometry": { "type": "Point", "coordinates": [ -4.043924387863644, 5.321326905845527 ] } },
{ "type": "Feature", "properties": { "fid": 2439, "Cod": "Yop-343", "Commune": "Yopougon", "Quartier": "Yopougon Agbayaté", "Type_Capac": "5m3", "Nom": "Carrefour Agbayaté (Grand Maxime)", "x": 384270.4, "y": 588104.5, "Affectatio": "Collecte", "Num_Circu": "CDSM_105", "Amenagemen": "Pas de Plateforme", "Statut": "actif", "Time": "13/07/2026", "Num_Coffre": 1.0 }, "geometry": { "type": "Point", "coordinates": [ -4.047571858169452, 5.322045225479164 ] } },
{ "type": "Feature", "properties": { "fid": 2440, "Cod": "Yop-334", "Commune": "Yopougon", "Quartier": "Yopougon Attié", "Type_Capac": "5m3", "Nom": "Cité policière BAE", "x": 382460.5, "y": 589291.7, "Affectatio": "Collecte", "Num_Circu": "CDSM_102", "Amenagemen": "Pas de Plateforme", "Statut": "actif", "Time": "14/07/2026", "Num_Coffre": 1.0 }, "geometry": { "type": "Point", "coordinates": [ -4.058448910551165, 5.329991680404958 ] } },
{ "type": "Feature", "properties": { "fid": 2441, "Cod": "Yop-335", "Commune": "Yopougon", "Quartier": "Yopougon Attié", "Type_Capac": "5m3", "Nom": "Cité policière 2", "x": 382460.5, "y": 589291.7, "Affectatio": "Collecte", "Num_Circu": "CDSM_102", "Amenagemen": "Pas de Plateforme", "Statut": "actif", "Time": "14/07/2026", "Num_Coffre": 2.0 }, "geometry": { "type": "Point", "coordinates": [ -4.057529233347391, 5.328982692496425 ] } },
{ "type": "Feature", "properties": { "fid": 2442, "Cod": "Yop-345", "Commune": "Yopougon", "Quartier": "Adiopo Doumé", "Type_Capac": "5m3", "Nom": "Montée zongo km 17", "x": 375103.4, "y": 590070.2, "Affectatio": "Collecte", "Num_Circu": "CDSM_101, CDSM_107", "Amenagemen": "Pas de Plateforme", "Statut": "actif", "Time": "08/07/2026", "Num_Coffre": 1.0 }, "geometry": { "type": "Point", "coordinates": [ -4.128851865325921, 5.337217707029646 ] } },
{ "type": "Feature", "properties": { "fid": 2443, "Cod": "Yop-346", "Commune": "Yopougon", "Quartier": "Adiopo Doumé", "Type_Capac": "5m3", "Nom": "Chez Zongo", "x": 375103.4, "y": 590070.2, "Affectatio": "Collecte", "Num_Circu": "CDSM_101, CDSM_107", "Amenagemen": "Pas de Plateforme", "Statut": "actif", "Time": "08/07/2026", "Num_Coffre": 1.0 }, "geometry": { "type": "Point", "coordinates": [ -4.131969297095592, 5.336287373743698 ] } },
{ "type": "Feature", "properties": { "fid": 2445, "Cod": "Yop-336", "Commune": "Yopougon", "Quartier": "Yopougon Kouté", "Type_Capac": "4m3", "Nom": " Église céleste rond-point Petit Toit Rouge", "x": 381945.43266159343, "y": 588562.02070206252, "Affectatio": "Collecte", "Num_Circu": "CDSM_105", "Amenagemen": "Pas de Plateforme", "Statut": "actif", "Time": "14/07/2026", "Num_Coffre": 1.0 }, "geometry": { "type": "Point", "coordinates": [ -4.064654689905594, 5.323756157228317 ] } },
{ "type": "Feature", "properties": { "fid": 2446, "Cod": "Yop-338", "Commune": "Yopougon", "Quartier": "Niangon Sud Est", "Type_Capac": "4m3", "Nom": "Rond-point sodeci", "x": 379070.28480010171, "y": 588985.85790899885, "Affectatio": "Collecte", "Num_Circu": "CDSM_108", "Amenagemen": "Pas de Plateforme", "Statut": "actif", "Time": "08/07/2026", "Num_Coffre": 1.0 }, "geometry": { "type": "Point", "coordinates": [ -4.091815596198346, 5.323889240333381 ] } },
{ "type": "Feature", "properties": { "fid": 2447, "Cod": "Yop-347", "Commune": "Yopougon", "Quartier": "Niangon Nord 2ème Tranche", "Type_Capac": "5m3", "Nom": "Bon prix chez IB", "x": 378178.0, "y": 591564.8, "Affectatio": "Collecte", "Num_Circu": "CDSM_106, CDSM_107", "Amenagemen": "Pas de Plateforme", "Statut": "actif", "Time": "08/07/2026", "Num_Coffre": 1.0 }, "geometry": { "type": "Point", "coordinates": [ -4.095220528729436, 5.342167742209938 ] } },
{ "type": "Feature", "properties": { "fid": 2448, "Cod": "Yop-348", "Commune": "Yopougon", "Quartier": "Niangon Nord 2ème Tranche", "Type_Capac": "5m3", "Nom": "Église Anap", "x": 378178.0, "y": 591564.8, "Affectatio": "Collecte", "Num_Circu": "CDSM_106, CDSM_107", "Amenagemen": "Pas de Plateforme", "Statut": "actif", "Time": "08/07/2026", "Num_Coffre": 1.0 }, "geometry": { "type": "Point", "coordinates": [ -4.095192795364979, 5.342623990744078 ] } },
{ "type": "Feature", "properties": { "fid": 2449, "Cod": "Yop-344", "Commune": "Yopougon", "Quartier": "Gesco Attié", "Type_Capac": "20m3", "Nom": "Gesco Judé en bas", "x": 377427.29190386221, "y": 593578.95267424581, "Affectatio": "Précollecte", "Num_Circu": "CDSM_500 - AMPLIROLL/Tt - NOUVEAU", "Amenagemen": "Pas de plateforme ", "Statut": "actif", "Time": "08/07/2026", "Num_Coffre": 1.0 }, "geometry": { "type": "Point", "coordinates": [ -4.105468999998597, 5.369618999946947 ] } },
{ "type": "Feature", "properties": { "fid": 2450, "Cod": "Yop-339", "Commune": "Yopougon", "Quartier": "Yopougon Attié", "Type_Capac": "5m3", "Nom": "Wasssakara mosquée", "x": 382065.89546323504, "y": 591870.44556705444, "Affectatio": "Collecte", "Num_Circu": "CDSM_103", "Amenagemen": "Pas de Plateforme", "Statut": "supprimé", "Time": "28/05/2026", "Num_Coffre": 0.0 }, "geometry": { "type": "Point", "coordinates": [ -4.066514490592237, 5.351863251365246 ] } },
{ "type": "Feature", "properties": { "fid": 2451, "Cod": "Yop-349", "Commune": "Yopougon", "Quartier": "Niangon Sud Ouest", "Type_Capac": "4m3", "Nom": "Pont lièvre rouge", "x": 377240.55630408338, "y": 589744.48421725049, "Affectatio": "Collecte", "Num_Circu": "CDSM_106", "Amenagemen": "Pas de Plateforme", "Statut": "actif", "Time": "08/07/2026", "Num_Coffre": 1.0 }, "geometry": { "type": "Point", "coordinates": [ -4.107906562943796, 5.334450432264358 ] } },
{ "type": "Feature", "properties": { "fid": 2452, "Cod": "Yop-350", "Commune": "Yopougon", "Quartier": "Yopougon Hopital", "Type_Capac": "4m3", "Nom": "BAE réfectoire ", "x": 379691.18048679444, "y": 592622.21064563224, "Affectatio": "Collecte", "Num_Circu": "CDSM-PC", "Amenagemen": "Pas de Plateforme", "Statut": "actif", "Time": "08/07/2026", "Num_Coffre": 1.0 }, "geometry": { "type": "Point", "coordinates": [ -4.085960221205595, 5.360543846770165 ] } },
{ "type": "Feature", "properties": { "fid": 2454, "Cod": "Yop-11", "Commune": "Yopougon", "Quartier": "Koweit", "Type_Capac": "20m3", "Nom": "Koweit lagune 2", "x": 383084.0, "y": 586942.8, "Affectatio": "Précollecte", "Num_Circu": "CDSM_500 - AMPLIROLL/Tt - NOUVEAU", "Amenagemen": "Pas de Plateforme", "Statut": "supprimé", "Time": null, "Num_Coffre": 0.0 }, "geometry": { "type": "Point", "coordinates": [ -4.055132376144433, 5.309201998227258 ] } },
{ "type": "Feature", "properties": { "fid": 2455, "Cod": "Yop-39", "Commune": "Yopougon", "Quartier": "Port Bouet 2", "Type_Capac": "20m3", "Nom": "Port bouet 2 Centre Social", "x": 379119.3, "y": 591629.0, "Affectatio": "Précollecte", "Num_Circu": "CDSM_500 - AMPLIROLL/Tt - NOUVEAU", "Amenagemen": "Pas de Plateforme", "Statut": "supprimé", "Time": null, "Num_Coffre": 0.0 }, "geometry": { "type": "Point", "coordinates": [ -4.090983114363397, 5.351525960906074 ] } },
{ "type": "Feature", "properties": { "fid": 2456, "Cod": "Yop-38", "Commune": "Yopougon", "Quartier": "Niangon Attié Extension", "Type_Capac": "20m3", "Nom": "Belle vue", "x": 376183.8, "y": 591702.6, "Affectatio": "Précollecte", "Num_Circu": "CDSM_500 - AMPLIROLL/Tt - NOUVEAU", "Amenagemen": "Pas de Plateforme", "Statut": "supprimé", "Time": null, "Num_Coffre": 0.0 }, "geometry": { "type": "Point", "coordinates": [ -4.117474684883576, 5.352143927148546 ] } },
{ "type": "Feature", "properties": { "fid": 2457, "Cod": "Yop-36", "Commune": "Yopougon", "Quartier": "Adiopo Doumé", "Type_Capac": "20m3", "Nom": "Km17 Cimetière", "x": 375154.1, "y": 590671.7, "Affectatio": "Précollecte", "Num_Circu": "CDSM_500 - AMPLIROLL/Tt - NOUVEAU", "Amenagemen": "Pas de Plateforme", "Statut": "supprimé", "Time": null, "Num_Coffre": 0.0 }, "geometry": { "type": "Point", "coordinates": [ -4.1267497423998, 5.342802664248728 ] } },
{ "type": "Feature", "properties": { "fid": 2458, "Cod": "Yop-34", "Commune": "Yopougon", "Quartier": null, "Type_Capac": "20m3", "Nom": "Niangon attié", "x": 375880.0, "y": 591920.7, "Affectatio": "Précollecte", "Num_Circu": "CDSM_500 - AMPLIROLL/Tt - NOUVEAU", "Amenagemen": "Pas de Plateforme", "Statut": "supprimé", "Time": null, "Num_Coffre": 0.0 }, "geometry": { "type": "Point", "coordinates": [ -4.120219798195463, 5.354111588535949 ] } },
{ "type": "Feature", "properties": { "fid": 2460, "Cod": "Yop-193", "Commune": "Yopougon", "Quartier": "Niangon Sud Est", "Type_Capac": "5m3", "Nom": "Azito carrefour policier", "x": 379472.2, "y": 586989.7, "Affectatio": "Collecte", "Num_Circu": "CDSM_", "Amenagemen": "Pas de Plateforme", "Statut": "supprimé", "Time": null, "Num_Coffre": 0.0 }, "geometry": { "type": "Point", "coordinates": [ -4.087724632373862, 5.309569670508011 ] } },
{ "type": "Feature", "properties": { "fid": 2461, "Cod": "Yop-191", "Commune": "Yopougon", "Quartier": "Yopougon Attié", "Type_Capac": "5m3", "Nom": "Pharmacie Wakouboué", "x": 381054.3, "y": 590309.3, "Affectatio": "Collecte", "Num_Circu": "CDSM_", "Amenagemen": "Pas de Plateforme", "Statut": "supprimé", "Time": null, "Num_Coffre": 0.0 }, "geometry": { "type": "Point", "coordinates": [ -4.073500483899597, 5.339620207649295 ] } },
{ "type": "Feature", "properties": { "fid": 2462, "Cod": "Yop-156", "Commune": "Yopougon", "Quartier": "Zone Industrielle", "Type_Capac": "5m3", "Nom": "Forage 4", "x": 377004.9, "y": 594194.5, "Affectatio": "Collecte", "Num_Circu": "CDSM_PC", "Amenagemen": "Pas de Plateforme", "Statut": "supprimé", "Time": null, "Num_Coffre": 0.0 }, "geometry": { "type": "Point", "coordinates": [ -4.110105710314644, 5.374696159070236 ] } },
{ "type": "Feature", "properties": { "fid": 2463, "Cod": "Yop-155", "Commune": "Yopougon", "Quartier": "Zone Industrielle", "Type_Capac": "5m3", "Nom": "Forage 2", "x": 377262.1, "y": 593973.9, "Affectatio": "Collecte", "Num_Circu": "CDSM_", "Amenagemen": "Pas de Plateforme", "Statut": "supprimé", "Time": null, "Num_Coffre": 0.0 }, "geometry": { "type": "Point", "coordinates": [ -4.107781012456281, 5.372705090918825 ] } },
{ "type": "Feature", "properties": { "fid": 2464, "Cod": "Yop-154", "Commune": "Yopougon", "Quartier": "Gesco Attié", "Type_Capac": "5m3", "Nom": "Forage 1", "x": 377488.8, "y": 594326.8, "Affectatio": "Collecte", "Num_Circu": "CDSM_", "Amenagemen": "Pas de Plateforme", "Statut": "supprimé", "Time": null, "Num_Coffre": 0.0 }, "geometry": { "type": "Point", "coordinates": [ -4.105740928446935, 5.37590071735573 ] } },
{ "type": "Feature", "properties": { "fid": 2465, "Cod": "Yop-161", "Commune": "Yopougon", "Quartier": "Yopougon Kouté", "Type_Capac": "5m3", "Nom": "Nouveau marché ", "x": 382159.7, "y": 588748.6, "Affectatio": "Collecte", "Num_Circu": "CDSM_", "Amenagemen": "Pas de Plateforme", "Statut": "supprimé", "Time": null, "Num_Coffre": 0.0 }, "geometry": { "type": "Point", "coordinates": [ -4.063500974889633, 5.325521091872238 ] } },
{ "type": "Feature", "properties": { "fid": 2466, "Cod": "Yop-160", "Commune": "Yopougon", "Quartier": "Gesco Attié", "Type_Capac": "5m3", "Nom": "Gesco Attié", "x": 376492.0, "y": 592405.8, "Affectatio": "Collecte", "Num_Circu": "CDSM_", "Amenagemen": "Pas de Plateforme", "Statut": "supprimé", "Time": null, "Num_Coffre": 0.0 }, "geometry": { "type": "Point", "coordinates": [ -4.114704977432893, 5.35850929543856 ] } },
{ "type": "Feature", "properties": { "fid": 2467, "Cod": "Yop-184", "Commune": "Yopougon", "Quartier": "Niangon Adjamé 2ème Extension", "Type_Capac": "5m3", "Nom": "Corridor Km17", "x": 376513.9, "y": 590110.2, "Affectatio": "Collecte", "Num_Circu": "CDSM_", "Amenagemen": "Pas de Plateforme", "Statut": "supprimé", "Time": null, "Num_Coffre": 0.0 }, "geometry": { "type": "Point", "coordinates": [ -4.114469784646393, 5.337746408456747 ] } },
{ "type": "Feature", "properties": { "fid": 2468, "Cod": "Yop-178", "Commune": "Yopougon", "Quartier": "Niangon Sud Ouest", "Type_Capac": "5m3", "Nom": "Internat Yopougon", "x": 377704.5, "y": 588606.5, "Affectatio": "Collecte", "Num_Circu": "CDSM_", "Amenagemen": "Pas de Plateforme", "Statut": "supprimé", "Time": null, "Num_Coffre": 0.0 }, "geometry": { "type": "Point", "coordinates": [ -4.103701612783995, 5.324165077038963 ] } },
{ "type": "Feature", "properties": { "fid": 2469, "Cod": "Yop-177", "Commune": "Yopougon", "Quartier": "Niangon Sud Ouest", "Type_Capac": "5m3", "Nom": "Academie des mers", "x": 377016.9, "y": 588287.9, "Affectatio": "Collecte", "Num_Circu": "CDSM_", "Amenagemen": "Pas de Plateforme", "Statut": "supprimé", "Time": null, "Num_Coffre": 0.0 }, "geometry": { "type": "Point", "coordinates": [ -4.109901164113247, 5.321272247143307 ] } },
{ "type": "Feature", "properties": { "fid": 2470, "Cod": "Yop-173", "Commune": "Yopougon", "Quartier": "Yopougon Banco Sud", "Type_Capac": "5m3", "Nom": "Offoumou Yapo", "x": 383521.5, "y": 589376.7, "Affectatio": "Collecte", "Num_Circu": "CDSM_", "Amenagemen": "Pas de Plateforme", "Statut": "supprimé", "Time": null, "Num_Coffre": 0.0 }, "geometry": { "type": "Point", "coordinates": [ -4.051221885580151, 5.331223354977157 ] } },
{ "type": "Feature", "properties": { "fid": 2471, "Cod": "Yop-188", "Commune": "Yopougon", "Quartier": "Ananeraie", "Type_Capac": "5m3", "Nom": "Rond point Gesco", "x": 378167.4, "y": 592411.0, "Affectatio": "Collecte", "Num_Circu": "CDSM_107", "Amenagemen": "Pas de Plateforme", "Statut": "supprimé", "Time": null, "Num_Coffre": 0.0 }, "geometry": { "type": "Point", "coordinates": [ -4.099585860214244, 5.358583677842471 ] } },
{ "type": "Feature", "properties": { "fid": 2472, "Cod": "Yop-187", "Commune": "Yopougon", "Quartier": "Ananeraie", "Type_Capac": "5m3", "Nom": "Oasis", "x": 378180.3, "y": 592101.9, "Affectatio": "Collecte", "Num_Circu": "CDSM_", "Amenagemen": "Pas de Plateforme", "Statut": "supprimé", "Time": null, "Num_Coffre": 0.0 }, "geometry": { "type": "Point", "coordinates": [ -4.099464449190431, 5.355788125323202 ] } },
{ "type": "Feature", "properties": { "fid": 2473, "Cod": "Yop-127", "Commune": "Yopougon", "Quartier": "Niangon Attié Extension", "Type_Capac": "5m3", "Nom": "SACO", "x": 376480.9, "y": 591466.1, "Affectatio": "Collecte", "Num_Circu": "CDSM_", "Amenagemen": "Pas de Plateforme", "Statut": "supprimé", "Time": null, "Num_Coffre": 0.0 }, "geometry": { "type": "Point", "coordinates": [ -4.114789747995066, 5.350009715390481 ] } },
{ "type": "Feature", "properties": { "fid": 2474, "Cod": "Yop-125", "Commune": "Yopougon", "Quartier": "Cimetière", "Type_Capac": "5m3", "Nom": "Rama 1", "x": 376615.7, "y": 591045.6, "Affectatio": "Collecte", "Num_Circu": "CDSM_", "Amenagemen": "Pas de Plateforme", "Statut": "supprimé", "Time": null, "Num_Coffre": 0.0 }, "geometry": { "type": "Point", "coordinates": [ -4.113566426127552, 5.346208586010257 ] } },
{ "type": "Feature", "properties": { "fid": 2475, "Cod": "Yop-124", "Commune": "Yopougon", "Quartier": "Niangon Attié", "Type_Capac": "5m3", "Nom": "Rama 2", "x": 376461.3, "y": 590840.6, "Affectatio": "Collecte", "Num_Circu": "CDSM_", "Amenagemen": "Pas de Plateforme", "Statut": "supprimé", "Time": null, "Num_Coffre": 0.0 }, "geometry": { "type": "Point", "coordinates": [ -4.114956382580883, 5.344351870964725 ] } },
{ "type": "Feature", "properties": { "fid": 2476, "Cod": "Yop-143", "Commune": "Yopougon", "Quartier": "Banco 2", "Type_Capac": "5m3", "Nom": "Banco 2", "x": 379962.5, "y": 591871.7, "Affectatio": "Collecte", "Num_Circu": "CDSM_PC", "Amenagemen": "Pas de Plateforme", "Statut": "supprimé", "Time": null, "Num_Coffre": 0.0 }, "geometry": { "type": "Point", "coordinates": [ -4.083377779404278, 5.353734655590778 ] } },
{ "type": "Feature", "properties": { "fid": 2477, "Cod": "Yop-140", "Commune": "Yopougon", "Quartier": "Yaosséhi", "Type_Capac": "5m3", "Nom": "Yao Sei", "x": 380409.5, "y": 589707.4, "Affectatio": "Collecte", "Num_Circu": "CDSM_PC", "Amenagemen": "Pas de Plateforme", "Statut": "supprimé", "Time": null, "Num_Coffre": 0.0 }, "geometry": { "type": "Point", "coordinates": [ -4.079309673315199, 5.334165877535349 ] } },
{ "type": "Feature", "properties": { "fid": 2478, "Cod": "Yop-132", "Commune": "Yopougon", "Quartier": "Port Bouet 2", "Type_Capac": "5m3", "Nom": "Port bouet 2 derriere école", "x": 379033.9, "y": 591833.9, "Affectatio": "Collecte", "Num_Circu": "CDSM_", "Amenagemen": "Pas de Plateforme", "Statut": "supprimé", "Time": null, "Num_Coffre": 0.0 }, "geometry": { "type": "Point", "coordinates": [ -4.091757066306796, 5.353377882359468 ] } },
{ "type": "Feature", "properties": { "fid": 2479, "Cod": "Yop-148", "Commune": "Yopougon", "Quartier": "Zone Industrielle", "Type_Capac": "5m3", "Nom": "Garage Zone", "x": 380695.4, "y": 594314.6, "Affectatio": "Collecte", "Num_Circu": "CDSM_", "Amenagemen": "Pas de Plateforme", "Statut": "supprimé", "Time": null, "Num_Coffre": 0.0 }, "geometry": { "type": "Point", "coordinates": [ -4.076802651458898, 5.375842130642637 ] } },
{ "type": "Feature", "properties": { "fid": 2480, "Cod": "Yop-147", "Commune": "Yopougon", "Quartier": "Andokoi Extension", "Type_Capac": "5m3", "Nom": "Andokoi Cimetière", "x": 380940.2, "y": 592723.7, "Affectatio": "Collecte", "Num_Circu": "CDSM_PC", "Amenagemen": "Pas de Plateforme", "Statut": "supprimé", "Time": null, "Num_Coffre": 0.0 }, "geometry": { "type": "Point", "coordinates": [ -4.074568236923032, 5.361456467545394 ] } },
{ "type": "Feature", "properties": { "fid": 2481, "Cod": "Yop-146", "Commune": "Yopougon", "Quartier": "Andokoi Extension", "Type_Capac": "5m3", "Nom": "Andokoi Forêt", "x": 381448.5, "y": 593794.3, "Affectatio": "Collecte", "Num_Circu": "CDSM_", "Amenagemen": "Pas de Plateforme", "Statut": "supprimé", "Time": null, "Num_Coffre": 0.0 }, "geometry": { "type": "Point", "coordinates": [ -4.069998019687024, 5.371148011463175 ] } },
{ "type": "Feature", "properties": { "fid": 2482, "Cod": "Yop-144", "Commune": "Yopougon", "Quartier": "Yopougon Hopital", "Type_Capac": "5m3", "Nom": "Carrefour Zone", "x": 379848.4, "y": 592076.5, "Affectatio": "Collecte", "Num_Circu": "CDSM_107", "Amenagemen": "Pas de Plateforme", "Statut": "supprimé", "Time": null, "Num_Coffre": 0.0 }, "geometry": { "type": "Point", "coordinates": [ -4.084410709197178, 5.355585227552667 ] } },
{ "type": "Feature", "properties": { "fid": 2483, "Cod": "Yop-153", "Commune": "Yopougon", "Quartier": "Zone Industrielle", "Type_Capac": "5m3", "Nom": "MICAO", "x": 377156.2, "y": 594484.3, "Affectatio": "Collecte", "Num_Circu": "CDSM_", "Amenagemen": "Pas de Plateforme", "Statut": "supprimé", "Time": null, "Num_Coffre": 0.0 }, "geometry": { "type": "Point", "coordinates": [ -4.108745051070769, 5.377319827714728 ] } },
{ "type": "Feature", "properties": { "fid": 2484, "Cod": "Yop-152", "Commune": "Yopougon", "Quartier": "Zone Industrielle", "Type_Capac": "5m3", "Nom": "MICAO forêt", "x": 377649.9, "y": 595342.8, "Affectatio": "Collecte", "Num_Circu": "CDSM_", "Amenagemen": "Pas de Plateforme", "Statut": "supprimé", "Time": null, "Num_Coffre": 0.0 }, "geometry": { "type": "Point", "coordinates": [ -4.10430365508177, 5.385092891313678 ] } },
{ "type": "Feature", "properties": { "fid": 2485, "Cod": "Yop-151", "Commune": "Yopougon", "Quartier": "Zone Industrielle", "Type_Capac": "5m3", "Nom": "KING IVOIRE ZONE", "x": 379350.6, "y": 596365.6, "Affectatio": "Collecte", "Num_Circu": "CDSM_", "Amenagemen": "Pas de Plateforme", "Statut": "supprimé", "Time": null, "Num_Coffre": 0.0 }, "geometry": { "type": "Point", "coordinates": [ -4.088971901608613, 5.394371616298932 ] } },
{ "type": "Feature", "properties": { "fid": 2486, "Cod": "Yop-150", "Commune": "Yopougon", "Quartier": "Zone Industrielle", "Type_Capac": "5m3", "Nom": "MACA", "x": 380896.99999999994, "y": 595808.8, "Affectatio": "Collecte", "Num_Circu": "CDSM_", "Amenagemen": "Pas de Plateforme", "Statut": "supprimé", "Time": null, "Num_Coffre": 0.0 }, "geometry": { "type": "Point", "coordinates": [ -4.075007031545443, 5.3893602457392 ] } },
{ "type": "Feature", "properties": { "fid": 2487, "Cod": "Yop-94", "Commune": "Yopougon", "Quartier": "Yopougon Kouté", "Type_Capac": "5m3", "Nom": "St Laurent", "x": 381694.7, "y": 588851.6, "Affectatio": "Collecte", "Num_Circu": "CDSM_PC", "Amenagemen": "Pas de Plateforme", "Statut": "supprimé", "Time": null, "Num_Coffre": 0.0 }, "geometry": { "type": "Point", "coordinates": [ -4.067698685075831, 5.326445460725934 ] } },
{ "type": "Feature", "properties": { "fid": 2488, "Cod": "Yop-87", "Commune": "Yopougon", "Quartier": "Yopougon Agbayaté", "Type_Capac": "5m3", "Nom": "Santé Village", "x": 383819.7, "y": 587082.0, "Affectatio": "Collecte", "Num_Circu": "CDSM_", "Amenagemen": "Pas de Plateforme", "Statut": "supprimé", "Time": null, "Num_Coffre": 0.0 }, "geometry": { "type": "Point", "coordinates": [ -4.04849578308743, 5.310472368487157 ] } },
{ "type": "Feature", "properties": { "fid": 2489, "Cod": "Yop-102", "Commune": "Yopougon", "Quartier": "Niangon Sud Est", "Type_Capac": "5m3", "Nom": "Phamarcie azito", "x": 379473.1, "y": 586993.2, "Affectatio": "Collecte", "Num_Circu": "CDSM_", "Amenagemen": "Pas de Plateforme", "Statut": "supprimé", "Time": null, "Num_Coffre": 0.0 }, "geometry": { "type": "Point", "coordinates": [ -4.087716566643199, 5.309601341942251 ] } },
{ "type": "Feature", "properties": { "fid": 2490, "Cod": "Yop-109", "Commune": "Yopougon", "Quartier": "Niangon Lokoa", "Type_Capac": "5m3", "Nom": "Lokoa Manioc", "x": 377838.0, "y": 586919.4, "Affectatio": "Collecte", "Num_Circu": "CDSM_", "Amenagemen": "Pas de Plateforme", "Statut": "supprimé", "Time": null, "Num_Coffre": 0.0 }, "geometry": { "type": "Point", "coordinates": [ -4.102469796793351, 5.3089076715181 ] } },
{ "type": "Feature", "properties": { "fid": 2491, "Cod": "Yop-105", "Commune": "Yopougon", "Quartier": "Niangon Continu", "Type_Capac": "5m3", "Nom": "Azito haute tension", "x": 380232.7, "y": 586489.7, "Affectatio": "Collecte", "Num_Circu": "CDSM_", "Amenagemen": "Pas de Plateforme", "Statut": "supprimé", "Time": null, "Num_Coffre": 0.0 }, "geometry": { "type": "Point", "coordinates": [ -4.080854319908074, 5.305059259924256 ] } },
{ "type": "Feature", "properties": { "fid": 2492, "Cod": "Yop-104", "Commune": "Yopougon", "Quartier": "Azito", "Type_Capac": "5m3", "Nom": "Azito Palmeraie", "x": 379949.5, "y": 586159.4, "Affectatio": "Collecte", "Num_Circu": "CDSM_", "Amenagemen": "Pas de Plateforme", "Statut": "supprimé", "Time": null, "Num_Coffre": 0.0 }, "geometry": { "type": "Point", "coordinates": [ -4.083404573396017, 5.302067252726872 ] } },
{ "type": "Feature", "properties": { "fid": 2493, "Cod": "Yop-115", "Commune": "Yopougon", "Quartier": "Niangon Adjamé 2ème Extension", "Type_Capac": "5m3", "Nom": "Route de Dabou Niangon Adjamé", "x": 376183.7, "y": 590067.7, "Affectatio": "Collecte", "Num_Circu": "CDSM_", "Amenagemen": "Pas de Plateforme", "Statut": "supprimé", "Time": null, "Num_Coffre": 0.0 }, "geometry": { "type": "Point", "coordinates": [ -4.117448781331623, 5.337356592554837 ] } },
{ "type": "Feature", "properties": { "fid": 2494, "Cod": "Yop-112", "Commune": "Yopougon", "Quartier": "Niangon Sud Ouest", "Type_Capac": "5m3", "Nom": "Ecole Saint Charmel", "x": 377913.1, "y": 588491.8, "Affectatio": "Collecte", "Num_Circu": "CDSM_", "Amenagemen": "Pas de Plateforme", "Statut": "supprimé", "Time": null, "Num_Coffre": 0.0 }, "geometry": { "type": "Point", "coordinates": [ -4.101817412696079, 5.323131003007737 ] } },
{ "type": "Feature", "properties": { "fid": 2495, "Cod": "Yop-84", "Commune": "Yopougon", "Quartier": "Yopougon Agbayaté", "Type_Capac": "5m3", "Nom": "Agbayate Pont", "x": 383915.9, "y": 587912.5, "Affectatio": "Collecte", "Num_Circu": "CDSM_PC", "Amenagemen": "Pas de Plateforme", "Statut": "supprimé", "Time": null, "Num_Coffre": 0.0 }, "geometry": { "type": "Point", "coordinates": [ -4.04764039520161, 5.317985724370515 ] } },
{ "type": "Feature", "properties": { "fid": 2496, "Cod": "Yop-83", "Commune": "Yopougon", "Quartier": "Yopougon Banco Sud", "Type_Capac": "5m3", "Nom": "Mairie annexe Toit Rouge", "x": 383291.1, "y": 588907.4, "Affectatio": "Collecte", "Num_Circu": "CDSM_", "Amenagemen": "Pas de Plateforme", "Statut": "supprimé", "Time": null, "Num_Coffre": 0.0 }, "geometry": { "type": "Point", "coordinates": [ -4.053293783225887, 5.326974984089675 ] } },
{ "type": "Feature", "properties": { "fid": 2497, "Cod": "Yop-79", "Commune": "Yopougon", "Quartier": "Banco Nord", "Type_Capac": "5m3", "Nom": "Millionnaire CGRAE", "x": 382943.6, "y": 591199.3, "Affectatio": "Collecte", "Num_Circu": "CDSM_107", "Amenagemen": "Pas de Plateforme", "Statut": "supprimé", "Time": null, "Num_Coffre": 0.0 }, "geometry": { "type": "Point", "coordinates": [ -4.056465075453632, 5.347699799990409 ] } },
{ "type": "Feature", "properties": { "fid": 2498, "Cod": "Yop-78", "Commune": "Yopougon", "Quartier": "Gesco Attié", "Type_Capac": "5m3", "Nom": "Niangon Attié résidentiel", "x": 376117.7, "y": 592323.2, "Affectatio": "Collecte", "Num_Circu": "CDSM_", "Amenagemen": "Pas de Plateforme", "Statut": "supprimé", "Time": null, "Num_Coffre": 0.0 }, "geometry": { "type": "Point", "coordinates": [ -4.118081378936074, 5.357756034892601 ] } },
{ "type": "Feature", "properties": { "fid": 2499, "Cod": "Yop-62", "Commune": "Yopougon", "Quartier": "Zone Industrielle", "Type_Capac": "20m3", "Nom": "MICAO Terrain", "x": 378099.1, "y": 594993.7, "Affectatio": "Précollecte", "Num_Circu": "CDSM_500 - AMPLIROLL/Tt - NOUVEAU", "Amenagemen": "Pas de Plateforme", "Statut": "supprimé", "Time": null, "Num_Coffre": 0.0 }, "geometry": { "type": "Point", "coordinates": [ -4.100244110111501, 5.381942675985287 ] } },
{ "type": "Feature", "properties": { "fid": 2500, "Cod": "Yop-57", "Commune": "Yopougon", "Quartier": "Zone Industrielle", "Type_Capac": "20m3", "Nom": "An 2000", "x": 380835.9, "y": 594813.3, "Affectatio": "Précollecte", "Num_Circu": "CDSM_500 - AMPLIROLL/Tt - NOUVEAU", "Amenagemen": "Pas de Plateforme", "Statut": "supprimé", "Time": null, "Num_Coffre": 0.0 }, "geometry": { "type": "Point", "coordinates": [ -4.075542617076645, 5.38035506440432 ] } },
{ "type": "Feature", "properties": { "fid": 2501, "Cod": "Yop-66", "Commune": "Yopougon", "Quartier": "Monneykoi", "Type_Capac": "20m3", "Nom": "Zone industrielle SIVAC", "x": 378944.0, "y": 593601.8, "Affectatio": "Précollecte", "Num_Circu": "CDSM_500 - AMPLIROLL/Tt - NOUVEAU", "Amenagemen": "Pas de Plateforme", "Statut": "supprimé", "Time": null, "Num_Coffre": 0.0 }, "geometry": { "type": "Point", "coordinates": [ -4.09259677224026, 5.36936685273054 ] } },
{ "type": "Feature", "properties": { "fid": 2502, "Cod": "Yop-64", "Commune": "Yopougon", "Quartier": "Zone Industrielle", "Type_Capac": "20m3", "Nom": "MICAO Sodefor", "x": 377238.9, "y": 594613.4, "Affectatio": "Précollecte", "Num_Circu": "CDSM_500 - AMPLIROLL/Tt - NOUVEAU", "Amenagemen": "Pas de Plateforme", "Statut": "supprimé", "Time": null, "Num_Coffre": 0.0 }, "geometry": { "type": "Point", "coordinates": [ -4.108000836297097, 5.378488869283863 ] } },
{ "type": "Feature", "properties": { "fid": 2503, "Cod": "Yop-73", "Commune": "Yopougon", "Quartier": "Gesco Attié", "Type_Capac": "20m3", "Nom": "Gesco Attié", "x": 376666.2, "y": 592549.0, "Affectatio": "Précollecte", "Num_Circu": "CDSM_500 - AMPLIROLL/Tt - NOUVEAU", "Amenagemen": "Pas de Plateforme", "Statut": "supprimé", "Time": null, "Num_Coffre": 0.0 }, "geometry": { "type": "Point", "coordinates": [ -4.113135304724795, 5.359807372210558 ] } },
{ "type": "Feature", "properties": { "fid": 2504, "Cod": "Yop-70", "Commune": "Yopougon", "Quartier": "Gesco Attié", "Type_Capac": "20m3", "Nom": "Gesco Tôle", "x": 378058.4, "y": 592652.6, "Affectatio": "Précollecte", "Num_Circu": "CDSM_500 - AMPLIROLL/Tt - NOUVEAU", "Amenagemen": "Pas de Plateforme", "Statut": "supprimé", "Time": null, "Num_Coffre": 0.0 }, "geometry": { "type": "Point", "coordinates": [ -4.100573416534492, 5.360767143474885 ] } },
{ "type": "Feature", "properties": { "fid": 2505, "Cod": "Yop-121", "Commune": "Yopougon", "Quartier": "Bougounisso", "Type_Capac": "20m3", "Nom": "Bougounisso après dalot 1", "x": 375831.5, "y": 591298.7, "Affectatio": "Précollecte", "Num_Circu": "CDSM_500 - AMPLIROLL/Tt - NOUVEAU", "Amenagemen": "Pas de Plateforme", "Statut": "supprimé", "Time": null, "Num_Coffre": 0.0 }, "geometry": { "type": "Point", "coordinates": [ -4.120647228331947, 5.348484933754433 ] } },
{ "type": "Feature", "properties": { "fid": 2506, "Cod": "Yop-120", "Commune": "Yopougon", "Quartier": "Bougounisso", "Type_Capac": "20m3", "Nom": "Bougounisso après dalot 2", "x": 375773.9, "y": 591378.6, "Affectatio": "Précollecte", "Num_Circu": "CDSM_500 - AMPLIROLL/Tt - NOUVEAU", "Amenagemen": "Pas de Plateforme", "Statut": "supprimé", "Time": null, "Num_Coffre": 0.0 }, "geometry": { "type": "Point", "coordinates": [ -4.121168328683592, 5.349206661572451 ] } },
{ "type": "Feature", "properties": { "fid": 2507, "Cod": "Yop-182", "Commune": "Yopougon", "Quartier": "Banco Nord", "Type_Capac": "5m3", "Nom": "BICICI Nouveau Quartier", "x": 382303.54064303898, "y": 590150.14152530022, "Affectatio": "Collecte", "Num_Circu": "CDSM_102", "Amenagemen": "Pas de plateforme ", "Statut": "actif", "Time": "13/07/2026", "Num_Coffre": 1.0 }, "geometry": { "type": "Point", "coordinates": [ -4.062230753402289, 5.338175812057719 ] } },
{ "type": "Feature", "properties": { "fid": 2508, "Cod": "Yop-264", "Commune": "Yopougon", "Quartier": "Yopougon Attié", "Type_Capac": "4m3", "Nom": "4ième Pont Nouveau quartier", "x": 382285.01314355404, "y": 589952.98542226595, "Affectatio": "Collecte", "Num_Circu": "CDSM_102", "Amenagemen": "Pas de Plateforme", "Statut": "actif", "Time": "13/07/2026", "Num_Coffre": 1.0 }, "geometry": { "type": "Point", "coordinates": [ -4.062388888888889, 5.336416666666666 ] } },
{ "type": "Feature", "properties": { "fid": 2509, "Cod": "Yop-231", "Commune": "Yopougon", "Quartier": "Yopougon Attié", "Type_Capac": "5m3", "Nom": "MTN Sable", "x": 382065.89546323504, "y": 591870.44556705444, "Affectatio": "Collecte", "Num_Circu": "CDSM_102", "Amenagemen": "Pas de Plateforme", "Statut": "actif", "Time": "13/07/2026", "Num_Coffre": 1.0 }, "geometry": { "type": "Point", "coordinates": [ -4.064396163448691, 5.353756584227084 ] } },
{ "type": "Feature", "properties": { "fid": 2510, "Cod": "Yop-89", "Commune": "Yopougon", "Quartier": "Yopougon Kouté", "Type_Capac": "5m3", "Nom": "Gandhi", "x": 382501.9, "y": 588520.8, "Affectatio": "Collecte", "Num_Circu": "CDSM_105", "Amenagemen": "Pas de Plateforme", "Statut": "supprimé", "Time": "06/12/2023", "Num_Coffre": 0.0 }, "geometry": { "type": "Point", "coordinates": [ -4.060409470006481, 5.323465972499422 ] } },
{ "type": "Feature", "properties": { "fid": 2511, "Cod": "Yop-322", "Commune": "Yopougon", "Quartier": "Yopougon Attié", "Type_Capac": "4m3", "Nom": "Temple le Jourdain", "x": 382285.01314355404, "y": 589952.98542226595, "Affectatio": "Collecte", "Num_Circu": "CDSM_102", "Amenagemen": "Pas de Plateforme", "Statut": "actif", "Time": "13/07/2026", "Num_Coffre": 1.0 }, "geometry": { "type": "Point", "coordinates": [ -4.06043972748033, 5.32759743414775 ] } },
{ "type": "Feature", "properties": { "fid": 2512, "Cod": "Yop-323", "Commune": "Yopougon", "Quartier": "Yopougon Attié", "Type_Capac": "4m3", "Nom": "Gandi IPS CGRAE", "x": 382285.01314355404, "y": 589952.98542226595, "Affectatio": "Collecte", "Num_Circu": "CDSM_102", "Amenagemen": "Pas de Plateforme", "Statut": "supprimé", "Time": "13/07/2026", "Num_Coffre": 0.0 }, "geometry": { "type": "Point", "coordinates": [ -4.059943545923415, 5.324844831636204 ] } },
{ "type": "Feature", "properties": { "fid": 2513, "Cod": "Yop-337", "Commune": "Yopougon", "Quartier": "Yopougon Attié", "Type_Capac": "4m3", "Nom": "Nouveau bureau ( sodeci foi de chine)", "x": 382285.01314355404, "y": 589952.98542226595, "Affectatio": "Collecte", "Num_Circu": "CDSM_102", "Amenagemen": "Pas de Plateforme", "Statut": "actif", "Time": "13/07/2026", "Num_Coffre": 3.0 }, "geometry": { "type": "Point", "coordinates": [ -4.062361142437099, 5.334085961098118 ] } },
{ "type": "Feature", "properties": { "fid": 2514, "Cod": "Yop-12", "Commune": "Yopougon", "Quartier": "Yopougon Banco Sud", "Type_Capac": "20m3", "Nom": "Ghandi", "x": 382657.2, "y": 588539.1, "Affectatio": "Précollecte", "Num_Circu": "CDSM_500 - AMPLIROLL/Tt - NOUVEAU", "Amenagemen": "Pas de Plateforme", "Statut": "supprimé", "Time": null, "Num_Coffre": 0.0 }, "geometry": { "type": "Point", "coordinates": [ -4.059008347254023, 5.323633906246942 ] } },
{ "type": "Feature", "properties": { "fid": 2515, "Cod": "Yop-197", "Commune": "Yopougon", "Quartier": "Yopougon Attié", "Type_Capac": "5m3", "Nom": "Feu Institut des aveugles", "x": 382147.1, "y": 591671.9, "Affectatio": "Collecte", "Num_Circu": "CDSM_102", "Amenagemen": "Pas de Plateforme", "Statut": "supprimé", "Time": null, "Num_Coffre": 0.0 }, "geometry": { "type": "Point", "coordinates": [ -4.063660246491094, 5.351962021563187 ] } },
{ "type": "Feature", "properties": { "fid": 2516, "Cod": "Yop-351", "Commune": "Yopougon", "Quartier": "Yopougon Attié", "Type_Capac": "4m3", "Nom": "Pharmacie chigata", "x": 382285.01314355404, "y": 589952.98542226595, "Affectatio": "Collecte", "Num_Circu": "CDSM_102", "Amenagemen": "Pas de Plateforme", "Statut": "actif", "Time": "13/07/2026", "Num_Coffre": 1.0 }, "geometry": { "type": "Point", "coordinates": [ -4.060310132902221, 5.327013409013616 ] } },
{ "type": "Feature", "properties": { "fid": 2517, "Cod": "Son-112", "Commune": "Songon", "Quartier": "Kassemblé Village", "Type_Capac": "20m3", "Nom": "Carrefour Timothé", "x": 365812.99999999994, "y": 587479.0, "Affectatio": "EcoEburnie", "Num_Circu": "CDSM_506 - AMPLIROLL - SONGON – EEB", "Amenagemen": "Pas Plateforme", "Statut": "actif", "Time": "13/07/2026", "Num_Coffre": 1.0 }, "geometry": { "type": "Point", "coordinates": [ -4.206141421325783, 5.315673921178342 ] } },
{ "type": "Feature", "properties": { "fid": 2519, "Cod": "Yop-352", "Commune": "Yopougon", "Quartier": "Niangon Sud Est", "Type_Capac": "5m3", "Nom": "Texaco comprim lavage", "x": 378571.46974491258, "y": 588972.1161005802, "Affectatio": "Collecte", "Num_Circu": "CDSM_108", "Amenagemen": "Pas de Plateforme", "Statut": "actif", "Time": "17/07/2026", "Num_Coffre": 1.0 }, "geometry": { "type": "Point", "coordinates": [ -4.093511670227626, 5.327387004700663 ] } },
{ "type": "Feature", "properties": { "fid": 2520, "Cod": "Yop-353", "Commune": "Yopougon", "Quartier": "Koweit", "Type_Capac": "20m3", "Nom": "Intérieur sapeur pompier", "x": 382035.9, "y": 589442.9, "Affectatio": "Précollecte", "Num_Circu": "CDSM_500 - AMPLIROLL/Tt - NOUVEAU", "Amenagemen": "Pas de Plateforme", "Statut": "actif", "Time": "17/07/2026", "Num_Coffre": 1.0 }, "geometry": { "type": "Point", "coordinates": [ -4.060531294347223, 5.330314098378269 ] } },
{ "type": "Feature", "properties": { "fid": 2521, "Cod": "Att-85", "Commune": "Attécoubé", "Quartier": "Agban Attié", "Type_Capac": "20m3", "Nom": "Banco pylone", "x": 382283.00000000006, "y": 592338.3, "Affectatio": "Précollecte", "Num_Circu": "CDSM_500 - AMPLIROLL/Tt - NOUVEAU", "Amenagemen": "Plateforme pour 1 coffre", "Statut": "actif", "Time": "10/07/2026", "Num_Coffre": 1.0 }, "geometry": { "type": "Point", "coordinates": [ -4.055700999998923, 5.356621999947071 ] } },
{ "type": "Feature", "properties": { "fid": 2522, "Cod": "Yop-354", "Commune": "Yopougon", "Quartier": "Yopougon Attié", "Type_Capac": "5m3", "Nom": "Premier pont menuiserie", "x": 380410.1000468008, "y": 592738.66918341187, "Affectatio": "Collecte", "Num_Circu": "CDSM_111", "Amenagemen": "Pas de Plateforme", "Statut": "actif", "Time": "17/07/2026", "Num_Coffre": 1.0 }, "geometry": { "type": "Point", "coordinates": [ -4.067731855148218, 5.359444314083432 ] } },
{ "type": "Feature", "properties": { "fid": 2523, "Cod": "Yop-35", "Commune": "Yopougon", "Quartier": "Gesco Attié", "Type_Capac": "5m3", "Nom": "Montée gesco carrefour monde arabe", "x": 378140.33335784823, "y": 592781.3872246989, "Affectatio": "Collecte", "Num_Circu": "CDSM_107", "Amenagemen": "Pas de plateforme", "Statut": "actif", "Time": "08/07/2026", "Num_Coffre": 1.0 }, "geometry": { "type": "Point", "coordinates": [ -4.11611283969578, 5.371827499817294 ] } }
]
}
